_id,Protocolo,data,hora,natureza,situacao,bairro,endereco,detalhe_endereco_acidente,complemento,bairro_cruzamento,sentido_via,tipo,auto,moto,ciclista,pedestre,onibus,caminhao,viatura,vitimas,vitimasfatais
200,202302077,2023-01-29 0:00:00,7:25:00,COM VÍTIMA,FINALIZADA,TEJIPIÓ,RUA FALCAO DE LACERDA,RUA PAPA JOAO VINTE E TRES,EM FRENTE A FÁBRICA DA PADARIA,TEJIPIÓ,,COLISÃO FRONTAL,0,2,0,0,0,0,0,2,0
201,202302082,2023-01-29 0:00:00,10:11:00,COM VÍTIMA,FINALIZADA,CASA FORTE,AV DEZESSETE DE AGOSTO,,,CASA FORTE,,COLISÃO FRONTAL,1,1,0,0,0,0,0,1,0
202,202302105,2023-01-30 0:00:00,7:25:00,COM VÍTIMA,CANCELADA,MADALENA,AV CAXANGA,,PRÓX. À REVENDEDORA SEU CARRO PE,MADALENA,CIDADE,COLISÃO TRASEIRA,1,1,0,0,0,0,0,1,0
203,202302110,2023-01-30 0:00:00,8:43:00,COM VÍTIMA,FINALIZADA,ROSARINHO,AV NORTE MIGUEL ARRAES DE ALENCAR,,"EM FRENTE AO POSTO DE GASOLINA IPIRANGA, SENT. MACAXEIRA",ROSARINHO,,COLISÃO TRASEIRA,0,1,0,0,1,0,0,1,0
204,202302111,2023-01-30 0:00:00,8:46:00,COM VÍTIMA,CANCELADA,CASA AMARELA,RUA PADRE LEMOS,,PROX A CLINICA DR ATENDE,CASA AMARELA,,COLISÃO LATERAL,1,1,0,0,0,0,0,1,0
205,202302117,2023-01-30 0:00:00,9:30:00,SEM VÍTIMA,FINALIZADA,APIPUCOS,RUA DE APIPUCOS,,ALBUQUERQUE MOTORS,APIPUCOS,SUBURBIO,COLISÃO TRASEIRA,1,0,0,0,0,1,0,0,0
206,202302149,2023-01-30 0:00:00,2:49:00,SEM VÍTIMA,FINALIZADA,SANTO AMARO,AV NORTE MIGUEL ARRAES DE ALENCAR,,EM FRENTE A DROGARIA SANTO ANTONIO,SANTO AMARO,SUBURBIO,COLISÃO TRASEIRA,1,0,0,0,1,0,0,0,0
207,202302151,2023-01-30 0:00:00,3:46:00,COM VÍTIMA,FINALIZADA,BOA VIAGEM,AV BOA VIAGEM,,EM FRENTE AO HOTEL EURO SUIT,BOA VIAGEM,,COLISÃO LATERAL,1,1,0,0,0,0,0,1,0
208,202302152,2023-01-30 0:00:00,3:49:00,SEM VÍTIMA,FINALIZADA,GRAÇAS,RUA DAS CREOULAS,AV RUI BARBOSA,AO LADO DO Nº 199 DA AVENIDA RUI BARBOSA,GRAÇAS,,,1,0,0,0,1,0,0,0,0
209,202302154,2023-01-30 0:00:00,4:07:00,COM VÍTIMA,FINALIZADA,BOA VIAGEM,AV BOA VIAGEM,,E/F A PADARIA BOA VIAGEM,BOA VIAGEM,,ATROPELAMENTO DE PESSOA,0,1,0,1,0,0,0,1,0
210,202302155,2023-01-30 0:00:00,4:15:00,COM VÍTIMA,FINALIZADA,BOA VIAGEM,RUA PROFESSOR ARNALDO CARNEIRO LEAO,RUA ANTONIO FALCAO,PROX AO SHOPPING RECIFE,BOA VIAGEM,,COLISÃO LATERAL,1,1,0,0,0,0,0,1,0
211,202302167,2023-01-30 0:00:00,7:25:00,COM VÍTIMA,CANCELADA,SÃO JOSÉ,RUA DA PRAIA,,AO LADO DA LOJA NARCISIO ENXOVAL,SÃO JOSÉ,,COLISÃO LATERAL,1,1,0,0,0,0,0,1,0
212,202302174,2023-01-31 0:00:00,2:07:00,COM VÍTIMA,FINALIZADA,AFOGADOS,RUA COSME VIANA,,APÓS A TUPAN,AFOGADOS,,COLISÃO LATERAL,0,2,0,0,0,0,0,1,0
213,202302178,2023-01-31 0:00:00,6:30:00,COM VÍTIMA,FINALIZADA,TORRE,RUA CONDE DE IRAJA,AV BEIRA RIO,CRUZAMENTO,TORRE,,COLISÃO LATERAL,1,1,0,0,0,0,0,1,0
214,202302196,2023-01-31 0:00:00,9:52:00,COM VÍTIMA,FINALIZADA,IPUTINGA,RUA MANOEL JOAQUIM DE ALMEIDA,,EM FRENTE A IPUTINGA AUTOMÓVEIS,IPUTINGA,,COLISÃO LATERAL,1,1,0,0,0,0,0,1,0
215,202302216,2023-01-31 0:00:00,11:57:00,COM VÍTIMA,FINALIZADA,IMBIRIBEIRA,AV MARECHAL MASCARENHAS DE MORAES,,"PROX. MARDISA AUTOMOVEIS, SENT. AFOGADOS",IMBIRIBEIRA,,COLISÃO TRASEIRA,1,1,0,0,0,0,0,2,0
216,202302218,2023-01-31 0:00:00,12:19:00,COM VÍTIMA,DUPLICIDADE,ENCRUZILHADA,AV NORTE MIGUEL ARRAES DE ALENCAR,,EM RENTE A LOJA DA CHEEVROLET,ENCRUZILHADA,,COLISÃO LATERAL,2,0,0,0,0,0,0,1,0
217,202302222,2023-01-31 0:00:00,12:42:00,COM VÍTIMA,FINALIZADA,ESPINHEIRO,RUA GUADALUPE,AV NORTE MIGUEL ARRAES DE ALENCAR,LADO OPSTO A PRAÇA CASTRO ALVES,ESPINHEIRO,,COLISÃO TRANSVERSAL,2,0,0,0,0,0,0,1,0
218,202302229,2023-01-31 0:00:00,1:35:00,COM VÍTIMA,FINALIZADA,BOA VIAGEM,AVENIDA CELSO FURTADO (VIA MANGUE),,"VIA MANGUE, PRÓXIMO AO RETORNO",BOA VIAGEM,,COLISÃO TRASEIRA,1,1,0,0,0,0,0,1,0
219,202302230,2023-01-31 0:00:00,1:49:00,SEM VÍTIMA,FINALIZADA,BEBERIBE,PRC DA CONVENCAO,,EM FRENTE ESPOSENDE,BEBERIBE,,CHOQUE,1,0,0,0,0,0,0,0,0
220,202302233,2023-01-31 0:00:00,2:45:00,COM VÍTIMA,FINALIZADA,BOA VIAGEM,RUA PROFESSOR AUGUSTO LINS E SILVA,,EM FRENTE AO EDIFICO COSTA DO SOL,BOA VIAGEM,,COLISÃO LATERAL,1,1,0,0,0,0,0,1,0
221,202302248,2023-01-31 0:00:00,6:11:00,SEM VÍTIMA,FINALIZADA,TORREÃO,AV GOVERNADOR AGAMENON MAGALHAES,,POSTO DE COMBUSTÍVEL PETROBRÁS,TORREÃO,CIDADE,,0,1,0,0,0,0,1,0,0
222,202302249,2023-01-31 0:00:00,6:20:00,COM VÍTIMA,FINALIZADA,BEBERIBE,AV BEBERIBE,,LOJÃO DO PETROLEO,BEBERIBE,,COLISÃO LATERAL,1,1,0,0,0,0,0,1,0
223,202302254,2023-01-31 0:00:00,7:05:00,COM VÍTIMA,FINALIZADA,CASA AMARELA,RUA CONS PERETTI,,PRÓX. AO POLO EAD DA FACULDADE ESTÁCIO,CASA AMARELA,,COLISÃO TRANSVERSAL,0,3,0,0,0,0,0,2,0
224,202302255,2023-01-31 0:00:00,7:40:00,COM VÍTIMA,FINALIZADA,IMBIRIBEIRA,AV MARECHAL MASCARENHAS DE MORAES,,DEZ METROS ANTES DA PONTE MOTOCOLOMBÓ,IMBIRIBEIRA,,ATROPELAMENTO DE PESSOA,0,0,0,2,0,1,0,2,0
225,202302256,2023-01-31 0:00:00,7:46:00,COM VÍTIMA,FINALIZADA,CORDEIRO,AV CAXANGA,AV GENERAL SAN MARTIN,,CORDEIRO,,COLISÃO COM CICLISTA,0,1,1,0,0,0,0,2,0
226,202302261,2023-01-31 0:00:00,9:40:00,COM VÍTIMA,FINALIZADA,SANTO AMARO,AV DR JAYME DA FONTE,,PRÓX A COMPESA,SANTO AMARO,CIDADE,QUEDA,0,1,0,0,0,0,0,1,0
227,202302263,2023-01-31 0:00:00,10:11:00,SEM VÍTIMA,FINALIZADA,SÃO JOSÉ,RUA IMPERIAL,RUA BOM SUCESSO,,SÃO JOSÉ,SUBURBIO,,0,1,0,0,0,0,1,0,0
228,202302274,2023-02-01 0:00:00,6:39:00,COM VÍTIMA,FINALIZADA,CASA AMARELA,RUA DES GOIS CAVALCANTE,,EM FRENTE A FARMÁCIA INDEPENDENTE E PROX AO HOSPITAL AGAMENON MAGALHÃES,CASA AMARELA,,ATROPELAMENTO DE PESSOA,1,0,0,1,0,0,0,1,0
229,202302286,2023-02-01 0:00:00,8:03:00,COM VÍTIMA,FINALIZADA,CAMPO GRANDE,EST DE BELEM,,EM FRENTE AO POSTO TOTAL/PETRONAC,CAMPO GRANDE,,COLISÃO FRONTAL,1,1,0,0,0,0,0,1,0
230,202302314,2023-02-01 0:00:00,12:06:00,SEM VÍTIMA,FINALIZADA,SÃO JOSÉ,AV MARTINS DE BARROS,,EM FRENTE AO TERMINAL DE CAIS DE SANTA RITA,SÃO JOSÉ,CIDADE,COLISÃO TRASEIRA,2,0,0,0,0,0,0,0,0
231,202302321,2023-02-01 0:00:00,1:37:00,COM VÍTIMA,FINALIZADA,IPUTINGA,AV MAURICIO DE NASSAU,,NA FRENTE DA CLINICA FASES,IPUTINGA,,COLISÃO TRASEIRA,3,0,0,0,0,0,0,1,0
232,202302322,2023-02-01 0:00:00,2:00:00,SEM VÍTIMA,FINALIZADA,,RUA ALTO JOSE BONIFACIO,,,,SUBURBIO,,1,1,0,0,0,0,0,0,0
233,202302335,2023-02-01 0:00:00,5:04:00,COM VÍTIMA,FINALIZADA,ENCRUZILHADA,AV NORTE MIGUEL ARRAES DE ALENCAR,RUA BELMIRO CORREIA,TERRAÇO ROSARINHO,ENCRUZILHADA,,COLISÃO LATERAL,0,1,0,0,1,0,0,1,0
234,202302359,2023-02-02 0:00:00,8:06:00,COM VÍTIMA,FINALIZADA,TAMARINEIRA,AV NORTE MIGUEL ARRAES DE ALENCAR,EST VELHA DE AGUA FRIA,,TAMARINEIRA,,ATROPELAMENTO DE PESSOA,0,0,0,1,0,0,0,1,0
235,202302363,2023-02-02 0:00:00,8:53:00,COM VÍTIMA,FINALIZADA,SANTO AMARO,AV NORTE MIGUEL ARRAES DE ALENCAR,,EM FRENTE A HELIAR,SANTO AMARO,,ATROPELAMENTO DE PESSOA,0,0,0,1,0,0,0,1,0
236,202302375,2023-02-02 0:00:00,10:19:00,COM VÍTIMA,FINALIZADA,CAXANGÁ,AV CAXANGA,,,CAXANGÁ,,COLISÃO TRANSVERSAL,1,1,0,0,0,0,0,1,0
237,202302376,2023-02-02 0:00:00,10:19:00,COM VÍTIMA,FINALIZADA,MUSTARDINHA,RUA VINTE E UM DE ABRIL,RUA JOSE MIRANDA,,MUSTARDINHA,,COLISÃO LATERAL,1,1,0,0,0,0,0,1,0
238,202302382,2023-02-02 0:00:00,11:40:00,COM VÍTIMA,FINALIZADA,MADALENA,AV VISCONDE DE ALBUQUERQUE,,,MADALENA,,COLISÃO TRASEIRA,1,1,0,0,0,0,0,1,0
239,202302408,2023-02-02 0:00:00,4:42:00,COM VÍTIMA,FINALIZADA,SÃO JOSÉ,RUA IMPERIAL,,E/F AO HOTEL CRISTAL   BATEDOR DA MOTO 40 E 30 NO LOCAL,SÃO JOSÉ,,COLISÃO LATERAL,1,1,0,0,0,0,0,1,0
240,202302416,2023-02-02 0:00:00,7:20:00,COM VÍTIMA,FINALIZADA,IPSEP,RUA JEAN EMILE FAVRE,,,IPSEP,,COLISÃO LATERAL,0,0,1,0,1,0,0,1,0
241,202302417,2023-02-02 0:00:00,7:20:00,COM VÍTIMA,FINALIZADA,IBURA,AV DOIS RIOS,,PRÓX. A POLICLÍNICA DO IBURA,IBURA,,COLISÃO LATERAL,0,2,0,0,0,0,0,1,0
242,202302425,2023-02-03 0:00:00,12:13:00,COM VÍTIMA,FINALIZADA,CABANGA,PTE AGAMENON MAGALHAES,,"LARGO DO CABANGA, AO LADO DO CABANGA IATE CLUBE",CABANGA,,COLISÃO TRASEIRA,0,0,0,0,0,0,0,2,0
243,202302436,2023-02-03 0:00:00,7:08:00,COM VÍTIMA,FINALIZADA,IMBIRIBEIRA,RUA JOAQUIM BANDEIRA,,EM BAIXO DO PONTILHÃO DA ESTAÇÃO DE METRÔ ANTÕNIO FALCÃO / EM FRENTE A MICHELE PEDROSA ADVOGADOS,IMBIRIBEIRA,,COLISÃO LATERAL,1,1,0,0,0,0,0,1,0
244,202302449,2023-02-03 0:00:00,9:15:00,COM VÍTIMA,FINALIZADA,TORRE,RUA JOSE BONIFACIO,RUA PADRE ANCHIETA,,TORRE,,COLISÃO LATERAL,1,1,0,0,0,0,0,1,0
245,202302491,2023-02-03 0:00:00,1:56:00,COM VÍTIMA,FINALIZADA,IMBIRIBEIRA,RUA JOAQUIM BANDEIRA,,EM BAIXO DO PAVILHÃO DO METRÔ DA ANTÔNIO FALCÃO,IMBIRIBEIRA,,COLISÃO LATERAL,1,1,0,0,0,0,0,1,0
246,202302493,2023-02-03 0:00:00,3:00:00,SEM VÍTIMA,FINALIZADA,SANTO ANTÔNIO,RUA IMPERADOR PEDRO SEGUNDO,,APÓS O EDIFÍCIO PAULA BAPTISTA,SANTO ANTÔNIO,,COLISÃO TRASEIRA,1,1,0,0,0,1,0,0,0
247,202302502,2023-02-03 0:00:00,5:29:00,COM VÍTIMA,FINALIZADA,PINA,AVENIDA CELSO FURTADO (VIA MANGUE),,AO LADO DO AEROCLUBE/ SENTIDO BOA VIAGEM,PINA,,COLISÃO TRASEIRA,1,1,0,0,0,0,0,1,0
248,202302522,2023-02-03 0:00:00,7:52:00,COM VÍTIMA,FINALIZADA,CAMPO GRANDE,RUA MARQUES DE BAIPENDI,,,CAMPO GRANDE,,COLISÃO FRONTAL,0,1,0,0,1,0,0,1,0
249,202302526,2023-02-03 0:00:00,9:39:00,SEM VÍTIMA,FINALIZADA,IMBIRIBEIRA,AV PRESIDENTE DUTRA,,,IMBIRIBEIRA,CIDADE,CHOQUE,0,0,0,0,0,1,0,0,0
250,202302571,2023-02-04 0:00:00,10:14:00,COM VÍTIMA,FINALIZADA,IPUTINGA,AV CAXANGA,,,IPUTINGA,,CHOQUE,1,0,0,0,0,0,0,1,0
251,202302593,2023-02-04 0:00:00,12:32:00,COM VÍTIMA,FINALIZADA,TORRÕES,AV BICENTENARIO DA REVOLUCAO FRANCESA,,LOGINHA FRANCYS,TORRÕES,,COLISÃO LATERAL,1,1,0,0,0,0,0,1,0
252,202302597,2023-02-04 0:00:00,1:03:00,COM VÍTIMA,DUPLICIDADE,TORRÕES,AV BICENTENARIO DA REVOLUCAO FRANCESA,,LOGINHA FRANCYS,TORRÕES,,COLISÃO LATERAL,1,1,0,0,0,0,0,1,0
253,202302603,2023-02-04 0:00:00,2:06:00,SEM VÍTIMA,FINALIZADA,ÁGUA FRIA,RUA DR PEREIRA DA SILVA,AV BEBERIBE,DEPOSITO DE BEBIDAS ITALIANO,ÁGUA FRIA,,COLISÃO FRONTAL,2,0,0,0,0,0,0,0,0
254,202302609,2023-02-04 0:00:00,3:00:00,COM VÍTIMA,FINALIZADA,PAISSANDU,AV GOVERNADOR AGAMENON MAGALHAES,,REF: LADO OPDSTO AO LABORATÓRIO HUTZ,PAISSANDU,,COLISÃO TRANSVERSAL,0,1,0,0,0,0,0,2,0
255,202302616,2023-02-04 0:00:00,3:20:00,SEM VÍTIMA,FINALIZADA,IMBIRIBEIRA,AV SUL,,AREA INTERNA DO T.I. TANCREDO NEVES,IMBIRIBEIRA,,,1,0,0,0,1,0,0,0,0
256,202302617,2023-02-04 0:00:00,3:34:00,SEM VÍTIMA,FINALIZADA,SANTO AMARO,RUA DA FRATERNIDADE,,AO LADO DO SHOPPING TACARUNA,SANTO AMARO,CIDADE,CHOQUE,0,0,0,0,0,0,1,0,0
257,202302621,2023-02-04 0:00:00,4:27:00,COM VÍTIMA,FINALIZADA,IMBIRIBEIRA,RUA ITACARI,,PROX AO BANCO ITAU,IMBIRIBEIRA,,COLISÃO LATERAL,0,1,0,0,0,1,0,1,0
258,202302686,2023-02-05 0:00:00,1:02:00,COM VÍTIMA,FINALIZADA,SANTO AMARO,RUA DOS PALMARES,,AO LADO DO CEMITERIO,SANTO AMARO,,COLISÃO LATERAL,1,1,0,0,0,0,0,1,0
259,202302701,2023-02-05 0:00:00,2:44:00,COM VÍTIMA,FINALIZADA,BOMBA DO HEMETÉRIO,RUA BOMBA DO HEMETERIO,,EM FRENTE A FUNERARIA CANAA,BOMBA DO HEMETÉRIO,,COLISÃO FRONTAL,1,1,0,0,0,0,0,1,0
260,202302703,2023-02-05 0:00:00,3:26:00,SEM VÍTIMA,FINALIZADA,ILHA DO RETIRO,RUA SPORT CLUBE DO RECIFE,AV JOSE GONCALVES DE MEDEIROS,SEMÁFORO 355,ILHA DO RETIRO,CIDADE,,1,0,0,0,0,0,1,0,0
261,202302704,2023-02-05 0:00:00,3:54:00,SEM VÍTIMA,FINALIZADA,AFOGADOS,RUA SAO MIGUEL,RUA JOAQUIM DE VASCONCELOS PEREIRA,,AFOGADOS,,COLISÃO TRANSVERSAL,2,0,0,0,0,0,0,0,0
262,202302737,2023-02-05 0:00:00,7:23:00,COM VÍTIMA,FINALIZADA,SAN MARTIN,RUA VINTE E UM DE ABRIL,,EM FRENTE AO TERMINAL DE ONIBUS DA MANGUEIRA,SAN MARTIN,,COLISÃO FRONTAL,1,1,0,0,0,0,0,1,0
263,202302738,2023-02-05 0:00:00,7:44:00,SEM VÍTIMA,CANCELADA,BREJO DE BEBERIBE,RUA FRANCISCO CAMARINO,,NA ESQUINA DO RECANTO DA ROSE,BREJO DE BEBERIBE,,COLISÃO LATERAL,2,0,0,0,0,0,0,0,0
264,202302741,2023-02-05 0:00:00,8:57:00,COM VÍTIMA,FINALIZADA,SANTO AMARO,RUA DOS PALMARES,RUA TREZE DE MAIO,CRUZAMENTO C/A RUA 13 DE MAIO,SANTO AMARO,,COLISÃO TRANSVERSAL,0,2,0,0,0,0,0,3,0
265,202302804,2023-02-06 0:00:00,3:12:00,SEM VÍTIMA,FINALIZADA,SÃO JOSÉ,C SANTA RITA,,LADO OPOSTO AO CLUBE DE PESCA,SÃO JOSÉ,SUBURBIO,CHOQUE,1,0,0,0,0,0,0,0,0
266,202302822,2023-02-06 0:00:00,6:21:00,COM VÍTIMA,FINALIZADA,MADALENA,AV VISCONDE DE ALBUQUERQUE,,MADALENA CENTER,MADALENA,,COLISÃO LATERAL,1,1,0,0,0,0,0,1,0
267,202302823,2023-02-06 0:00:00,6:38:00,COM VÍTIMA,FINALIZADA,CORDEIRO,AV INACIO MONTEIRO,,NA FRENTE DO EMPRESARIAL 167,CORDEIRO,,COLISÃO LATERAL,1,1,0,0,0,0,0,1,0
268,202302830,2023-02-06 0:00:00,8:03:00,COM VÍTIMA,FINALIZADA,AREIAS,AV DR JOSE RUFINO,,ANTIGO CARTÓRIO DE AREIAS,AREIAS,,COLISÃO FRONTAL,1,1,0,0,0,0,0,1,0
269,202302852,2023-02-07 0:00:00,9:26:00,COM VÍTIMA,FINALIZADA,SANTO AMARO,AV GOVERNADOR AGAMENON MAGALHAES,,PROX ANTIGA FABRICA TACARUNA /  AO LADO  DA UPINHA PASSOS BEZERRA,SANTO AMARO,,COLISÃO LATERAL,3,1,0,0,0,0,0,1,0
270,202302855,2023-02-07 0:00:00,10:05:00,SEM VÍTIMA,FINALIZADA,TORRE,AV BEIRA RIO,,,TORRE,SUBURBIO,COLISÃO TRASEIRA,2,0,0,0,0,0,0,0,0
271,202302869,2023-02-07 0:00:00,11:44:00,COM VÍTIMA,FINALIZADA,SANTO AMARO,AV RECIFE,,EM FRENTE A PIZZARIA ATLANTICO E FARMÁCIAS PAGUE MENOS,SANTO AMARO,,COLISÃO TRASEIRA,1,1,0,0,0,0,0,1,0
272,202302893,2023-02-07 0:00:00,4:10:00,COM VÍTIMA,FINALIZADA,BOA VIAGEM,RUA CAPITAO ZUZINHA,RUA SA E SOUZA,PROXIMO AO SEMAFORO 420,BOA VIAGEM,,ATROPELAMENTO DE PESSOA,0,0,0,1,1,0,0,1,0
273,202302895,2023-02-07 0:00:00,4:14:00,COM VÍTIMA,CANCELADA,IBURA,RUA RIO PAJEU,,PADARIA CRISTO REI,IBURA,,ATROPELAMENTO DE PESSOA,0,0,0,1,1,0,0,1,0
274,202302897,2023-02-07 0:00:00,4:37:00,COM VÍTIMA,FINALIZADA,IMBIRIBEIRA,RUA ITAJAI,RUA ITACARI,PROX A LOCADORA MOVIDA,IMBIRIBEIRA,CIDADE,COLISÃO LATERAL,1,1,0,0,0,0,0,1,0
275,202302933,2023-02-08 0:00:00,7:50:00,COM VÍTIMA,FINALIZADA,PINA,VIADUTO CAPITAO TEMUDO,,"EM CIMA DO VIADUTO, PROX AO CABANGA",PINA,,COLISÃO LATERAL,1,1,0,0,0,0,0,1,0
276,202302936,2023-02-08 0:00:00,8:30:00,COM VÍTIMA,FINALIZADA,MADALENA,RUA JOSE OSORIO,,EM FRENTE A AUTO MORAIS MULTIMARCAS,MADALENA,,COLISÃO LATERAL,1,1,0,0,0,0,0,1,0
277,202302937,2023-02-08 0:00:00,8:36:00,SEM VÍTIMA,FINALIZADA,BAIRRO DO RECIFE,CAIS DO APOLO,,BANCO DO BRASIL,BAIRRO DO RECIFE,CIDADE,,1,0,0,0,0,1,0,0,0
278,202302985,2023-02-08 0:00:00,2:28:00,COM VÍTIMA,FINALIZADA,PRADO,RUA PADRE TEOFILO TWORZ,RUA SANTA EDWIRGES,E/F  A IGREJA PRESBITERIANA DO PRADO,PRADO,,COLISÃO LATERAL,1,1,0,0,0,0,0,1,0
279,202302994,2023-02-08 0:00:00,4:02:00,SEM VÍTIMA,FINALIZADA,SANTO AMARO,AV NORTE MIGUEL ARRAES DE ALENCAR,,CENTRO DA JUVENTUDE DE SANTO AMARO,SANTO AMARO,SUBURBIO,COLISÃO TRASEIRA,1,0,0,0,0,1,0,0,0
280,202302997,2023-02-08 0:00:00,4:55:00,COM VÍTIMA,FINALIZADA,ARRUDA,AV PROFESSOR JOSE DOS ANJOS,,LADO OPOSTO A VIA SUL/ SENTIDO CAMPO DO ARRUDA,ARRUDA,,COLISÃO TRASEIRA,1,1,0,0,0,0,0,1,0
281,202302999,2023-02-08 0:00:00,6:09:00,COM VÍTIMA,FINALIZADA,IPUTINGA,AV CAXANGA,,EM FRENTE AO BOM PREÇO DA CAXANGÁ,IPUTINGA,,ATROPELAMENTO DE PESSOA,0,0,0,1,1,0,0,1,0
282,202303000,2023-02-08 0:00:00,6:20:00,COM VÍTIMA,FINALIZADA,IMBIRIBEIRA,RUA JAMAICA,,FACULDADE BOA VIAGEM,IMBIRIBEIRA,,ATROPELAMENTO DE PESSOA,1,0,0,1,0,0,0,1,0
283,202303003,2023-02-08 0:00:00,6:44:00,COM VÍTIMA,FINALIZADA,CORDEIRO,RUA GOMES TABORDA,,JOCKEY CLUB,CORDEIRO,,ATROPELAMENTO DE PESSOA,1,0,0,1,0,0,0,1,0
284,202303029,2023-02-09 0:00:00,6:47:00,COM VÍTIMA,CANCELADA,CASA AMARELA,EST DO ARRAIAL,,EM FRENTE AO SITIO DA TRINDADE,CASA AMARELA,,COLISÃO COM CICLISTA,1,0,1,0,0,0,0,1,0
285,202303032,2023-02-09 0:00:00,7:05:00,COM VÍTIMA,FINALIZADA,IBURA,AV DOM HELDER CAMARA,,EM FRENTE AO ARMAZÉM CORAL E AO NÚCLEO DA POLÍCIA MILITAR,IBURA,,COLISÃO LATERAL,1,1,0,0,0,0,0,1,0
286,202303033,2023-02-09 0:00:00,7:08:00,COM VÍTIMA,FINALIZADA,CAMPO GRANDE,EST DE BELEM,,EM FRENTE A IGREJA DE BELEM,CAMPO GRANDE,,COLISÃO LATERAL,1,1,0,0,0,0,0,2,0
287,202303038,2023-02-09 0:00:00,7:29:00,COM VÍTIMA,FINALIZADA,ARRUDA,AV BEBERIBE,,EM FRENTE A LOJA COBRA CORAL E AO CERPE,ARRUDA,,COLISÃO TRASEIRA,2,1,0,0,0,0,0,1,0
288,202303060,2023-02-09 0:00:00,10:33:00,SEM VÍTIMA,FINALIZADA,BRASÍLIA TEIMOSA,RUA BADEJO,,EM FRENTE AO Nº 100,BRASÍLIA TEIMOSA,SUBURBIO,,0,0,0,0,1,1,0,0,0
289,202303068,2023-02-09 0:00:00,12:11:00,COM VÍTIMA,FINALIZADA,CASA AMARELA,AV NORTE MIGUEL ARRAES DE ALENCAR,,EM FRENTE A IGREJA DO AMOR,CASA AMARELA,,QUEDA,0,1,0,0,0,0,0,1,0
290,202303128,2023-02-09 0:00:00,7:28:00,SEM VÍTIMA,FINALIZADA,GUABIRABA,AV EMBAIXADOR ASSIS CHATEAUBRIAND,,,GUABIRABA,SUBURBIO,CHOQUE,0,0,0,0,0,0,1,0,0
291,202303146,2023-02-10 0:00:00,7:39:00,COM VÍTIMA,FINALIZADA,PINA,AVENIDA CELSO FURTADO (VIA MANGUE),,PROX AO DECIMO NONO BATALHÃO DE POLICIA,PINA,,COLISÃO TRASEIRA,1,1,0,0,0,0,0,1,0
292,202303152,2023-02-10 0:00:00,8:04:00,COM VÍTIMA,FINALIZADA,ENCRUZILHADA,AV BEBERIBE,,EM FRENTE A ACADEMIA MATH FIT,ENCRUZILHADA,,COLISÃO FRONTAL,1,1,0,0,0,0,0,1,0
293,202303198,2023-02-10 0:00:00,12:25:00,COM VÍTIMA,FINALIZADA,BOA VIAGEM,RUA PADRE CARAPUCEIRO,,"ESTACIONAMENTO DO SHOPPING RECIFE SETOR C, RUA C2, PROXIMO A RENNER",BOA VIAGEM,,ATROPELAMENTO DE PESSOA,1,0,0,1,0,0,0,1,0
294,202303216,2023-02-10 0:00:00,1:56:00,COM VÍTIMA,FINALIZADA,PARNAMIRIM,RUA DES GOIS CAVALCANTE,,APÓS O PÃO DE AÇUCA,PARNAMIRIM,,COLISÃO LATERAL,2,1,0,0,0,0,0,1,0
295,202303229,2023-02-10 0:00:00,3:55:00,SEM VÍTIMA,CANCELADA,PINA,AVENIDA CELSO FURTADO (VIA MANGUE),,PONTE ESTAIADA,PINA,,COLISÃO TRASEIRA,1,1,0,0,0,0,0,0,0
296,202303232,2023-02-10 0:00:00,4:28:00,COM VÍTIMA,FINALIZADA,BOA VIAGEM,RUA VISCONDE DE JEQUITINHONHA,,EM FRENTE A CONCESSIONARIA LOCALIZA,BOA VIAGEM,,COLISÃO LATERAL,1,1,0,0,0,0,0,1,0
297,202303237,2023-02-10 0:00:00,4:47:00,COM VÍTIMA,DUPLICIDADE,BOA VIAGEM,RUA VISCONDE DE JEQUITINHONHA,,EM FRENTE AO EDIFICIO CONDE DE NASSAU,BOA VIAGEM,,COLISÃO LATERAL,1,1,0,0,0,0,0,1,0
298,202303257,2023-02-10 0:00:00,10:34:00,COM VÍTIMA,FINALIZADA,IPSEP,AV RECIFE,,SPJ SÃO PAULO LOJA DE VEÍCULOS,IPSEP,SUBURBIO,COLISÃO TRASEIRA,1,0,1,0,0,0,0,1,0
299,202303258,2023-02-10 0:00:00,10:48:00,COM VÍTIMA,FINALIZADA,BOA VIAGEM,RUA DOS NAVEGANTES,,POR TRAS DA GALERIA JOÃO ROMA,BOA VIAGEM,,COLISÃO LATERAL,1,1,0,0,0,0,0,1,0
300,202303259,2023-02-10 0:00:00,10:54:00,COM VÍTIMA,FINALIZADA,ENCRUZILHADA,RUA DONA JULIETA,EST DE BELEM,EM FRENTE A IGREJA DE BELEM,ENCRUZILHADA,,COLISÃO TRANSVERSAL,1,1,0,0,0,0,0,2,0
301,202303292,2023-02-11 0:00:00,11:57:00,COM VÍTIMA,FINALIZADA,BOA VISTA,AV VISCONDE DE SUASSUNA,RUA GOUVEIA DE BARROS,APÓS À ESCOLA TÉCNICA IRMÃ DULCE,BOA VISTA,SUBURBIO,COLISÃO LATERAL,1,1,0,0,0,0,0,1,0