_id,Protocolo,data,hora,natureza,situacao,bairro,endereco,detalhe_endereco_acidente,complemento,bairro_cruzamento,sentido_via,tipo,auto,moto,ciclista,pedestre,onibus,caminhao,viatura,vitimas,vitimasfatais
302,202303297,2023-02-11 0:00:00,12:23:00,COM VÍTIMA,FINALIZADA,TEJIPIÓ,RUA FALCAO DE LACERDA,,EM FRENTE A PRAÇA DO PACHECO,TEJIPIÓ,,COLISÃO FRONTAL,0,1,0,0,0,1,0,1,0
303,202303302,2023-02-11 0:00:00,1:00:00,COM VÍTIMA,FINALIZADA,IPUTINGA,AV MAURICIO DE NASSAU,,AO LADO DO ALTINO VENTURA,IPUTINGA,,CHOQUE,1,1,0,0,0,0,0,2,0
304,202303314,2023-02-11 0:00:00,3:03:00,COM VÍTIMA,FINALIZADA,ARRUDA,RUA DO MACHADO,,EM FRENTE A PRAÇA MARIA JOSÉ E PROXIMO A SEDE DO BLOCO OS IRRESPONSAVEIS,ARRUDA,,COLISÃO LATERAL,1,1,0,0,0,0,0,1,0
305,202303318,2023-02-11 0:00:00,4:20:00,COM VÍTIMA,FINALIZADA,SANTO AMARO,AV CRUZ CABUGA,,NA FRENTE DO CEMITÉRIO DOS INGLESES,SANTO AMARO,,ATROPELAMENTO DE PESSOA,0,0,0,1,1,0,0,1,0
306,202303338,2023-02-11 0:00:00,7:20:00,COM VÍTIMA,FINALIZADA,BARRO,AV DR JOSE RUFINO,,VIADUTO DA BR 101 (EM CIMA DO VIADUTO),BARRO,,COLISÃO TRANSVERSAL,1,1,0,0,0,0,0,1,0
307,202303342,2023-02-11 0:00:00,8:27:00,COM VÍTIMA,CANCELADA,IPSEP,AV RECIFE,,PRÓX. À FARMACIA PAGUE MENOS (ENTRADA DO IBURA),IPSEP,,COLISÃO TRASEIRA,3,0,0,0,0,0,0,2,0
308,202303350,2023-02-12 0:00:00,5:19:00,SEM VÍTIMA,CANCELADA,ALTO SANTA TERESINHA,RUA SODRELANDIA,,EM FRENTE À SEDE MONTE PASCOAL (MERCADINHO LEMOS),ALTO SANTA TERESINHA,,COLISÃO TRANSVERSAL,1,1,0,0,0,0,0,0,0
309,202303390,2023-02-12 0:00:00,11:59:00,COM VÍTIMA,CANCELADA,BOA VIAGEM,RUA RIBEIRO DE BRITO,AV RECIFE,PROX A ENTRADA DO ATACADÃO,BOA VIAGEM,,COLISÃO LATERAL,1,1,0,0,0,0,0,1,0
310,202303391,2023-02-12 0:00:00,12:04:00,SEM VÍTIMA,FINALIZADA,DERBY,AV GOVERNADOR AGAMENON MAGALHAES,,SOB O SEMÁFORO 174,DERBY,SUBURBIO,COLISÃO TRASEIRA,1,1,0,0,0,0,0,0,0
311,202303402,2023-02-12 0:00:00,2:47:00,COM VÍTIMA,FINALIZADA,COQUEIRAL,RUA GUANABARA,,EM FRENTE A ESTACÃO DE METRO DO COQUEIRAL,COQUEIRAL,,COLISÃO FRONTAL,1,1,0,0,0,0,0,1,0
312,202303427,2023-02-12 0:00:00,9:11:00,SEM VÍTIMA,FINALIZADA,TAMARINEIRA,RUA SEBASTIAO ALVES,,,TAMARINEIRA,SUBURBIO,,2,0,0,0,0,0,0,0,0
313,202303431,2023-02-12 0:00:00,10:34:00,COM VÍTIMA,FINALIZADA,AREIAS,AV RECIFE,,BIG BOMPREÇO,AREIAS,,COLISÃO FRONTAL,1,1,0,0,0,0,0,1,0
314,202303432,2023-02-13 0:00:00,1:41:00,SEM VÍTIMA,FINALIZADA,AFLITOS,RUA CONS PORTELA,AV CONS ROSA E SILVA,,AFLITOS,,CHOQUE,0,0,0,0,0,0,0,0,0
315,202303436,2023-02-13 0:00:00,8:38:00,COM VÍTIMA,CANCELADA,CAXANGÁ,AV CAXANGA,,"APÓS O HIPER BOM PREÇO, AO LADO A NISSAN",CAXANGÁ,,COLISÃO LATERAL,1,1,0,0,0,0,0,1,0
316,202303441,2023-02-13 0:00:00,8:04:00,COM VÍTIMA,FINALIZADA,ILHA DO LEITE,RUA ESTADO DE ISRAEL,RUA JORNALISTA TRAJANO CHACON,LADO OPOSTO AO HOSPITAL ILHA DO LEITE,ILHA DO LEITE,SUBURBIO,COLISÃO LATERAL,1,1,0,0,0,0,0,1,0
317,202303442,2023-02-13 0:00:00,8:10:00,COM VÍTIMA,FINALIZADA,PINA,RUA TOME GIBSON,AV ENCANTA MOCA,PROX. A CENTRAL DA PICANHA,PINA,SUBURBIO,COLISÃO LATERAL,1,1,0,0,0,0,0,1,0
318,202303444,2023-02-13 0:00:00,8:32:00,COM VÍTIMA,FINALIZADA,BAIRRO DO RECIFE,AV ALFREDO LISBOA,,PROX. AO MARCO ZERO,BAIRRO DO RECIFE,SUBURBIO,COLISÃO TRASEIRA,0,2,0,0,0,0,0,1,0
319,202303446,2023-02-13 0:00:00,8:46:00,COM VÍTIMA,FINALIZADA,CORDEIRO,RUA GOMES TABORDA,RUA SECUNDINO CARNEIRO,EM FRENTE A GALERIA SEVERINO BARBOSA DE MEDEIROS,CORDEIRO,SUBURBIO,COLISÃO LATERAL,0,1,0,0,0,0,1,1,0
320,202303458,2023-02-13 0:00:00,10:04:00,COM VÍTIMA,CANCELADA,IPSEP,AV RECIFE,,PRÓX. AO POSTO BR / SENTIDO IBURA,IPSEP,,COLISÃO LATERAL,1,1,0,0,0,0,0,1,0
321,202303470,2023-02-13 0:00:00,12:45:00,COM VÍTIMA,FINALIZADA,ARRUDA,RUA RAUL POMPEIA,,PROX A IGREJA ASSEMBLEIA DE DEUS,ARRUDA,,COLISÃO LATERAL,1,1,0,0,0,0,0,1,0
322,202303478,2023-02-13 0:00:00,2:15:00,SEM VÍTIMA,FINALIZADA,SÃO JOSÉ,C SANTA RITA,,EM FRENTE AO 16º BATALHÃO PM-PE,SÃO JOSÉ,SUBURBIO,,1,0,0,0,0,0,1,0,0
323,202303479,2023-02-13 0:00:00,2:27:00,COM VÍTIMA,FINALIZADA,AFOGADOS,AV SUL,,PROX A POLICLINICA DE AFOGADOS,AFOGADOS,CIDADE,COLISÃO LATERAL,1,1,0,0,0,0,0,1,0
324,202303484,2023-02-13 0:00:00,4:49:00,COM VÍTIMA,FINALIZADA,IMBIRIBEIRA,AV GENERAL MAC ARTHUR,RUA SARGENTO SILVINO DE MACEDO,RUA SARGENTO SILVINO DE MACEDO,IMBIRIBEIRA,SUBURBIO,COLISÃO LATERAL,1,1,0,0,0,0,0,1,0
325,202303488,2023-02-13 0:00:00,5:44:00,COM VÍTIMA,FINALIZADA,BOA VIAGEM,RUA SETUBAL,RUA BALTAZAR PASSOS,EM FRENTE AO EDIFICIO COSTA DOS NAVEGANTES,BOA VIAGEM,,COLISÃO LATERAL,1,1,0,0,0,0,0,1,0
326,202303492,2023-02-13 0:00:00,6:20:00,COM VÍTIMA,FINALIZADA,JORDÃO,AV DONA CARENTINA,,MERCADINHO POP,JORDÃO,SUBURBIO,ATROPELAMENTO DE PESSOA,1,1,0,1,0,0,0,1,0
327,202303501,2023-02-13 0:00:00,8:21:00,COM VÍTIMA,FINALIZADA,PINA,AV ENGENHEIRO DOMINGOS FERREIRA,,COM  A RUA PEREIRA DA COSTA,PINA,SUBURBIO,ATROPELAMENTO DE PESSOA,0,1,0,1,0,0,0,2,0
328,202303504,2023-02-13 0:00:00,8:59:00,SEM VÍTIMA,FINALIZADA,BOA VISTA,RUA GERVASIO PIRES,AV CONDE DA BOA VISTA,EM FRENTE AO EDIFÍCIO SANTA CRUZ,BOA VISTA,,CHOQUE,0,0,0,0,0,0,1,0,0
329,202303507,2023-02-13 0:00:00,9:23:00,SEM VÍTIMA,FINALIZADA,IBURA,AV SANTA FE,AV RIO VERDE,,IBURA,SUBURBIO,,1,0,0,0,0,0,1,0,0
330,202303528,2023-02-14 0:00:00,7:45:00,COM VÍTIMA,FINALIZADA,PRADO,RUA GOMES TABORDA,RUA DES ADOLFO CIRIACO,EM FRENTE A SINDI COMBUSTIVEIS,PRADO,,COLISÃO LATERAL,1,1,0,0,0,0,0,1,0
331,202303530,2023-02-14 0:00:00,7:57:00,COM VÍTIMA,FINALIZADA,DERBY,AV GOVERNADOR AGAMENON MAGALHAES,,PROX A CLINICA PRONTO PELE / EMERGENCIA DA PELE,DERBY,,COLISÃO LATERAL,1,1,0,0,0,0,0,1,0
332,202303538,2023-02-14 0:00:00,9:15:00,SEM VÍTIMA,FINALIZADA,SANTO ANTÔNIO,RUA DO SOL,RUA PRINCESA IZABEL,EM FRENTE AO TEATRO SANTA IZABEL,SANTO ANTÔNIO,CIDADE,,1,0,0,0,1,0,0,0,0
333,202303552,2023-02-14 0:00:00,9:47:00,COM VÍTIMA,FINALIZADA,ALTO DO MANDU,AV NORTE MIGUEL ARRAES DE ALENCAR,,EM FRENTE AO BAR NORTE,ALTO DO MANDU,,COLISÃO LATERAL,0,2,0,0,0,0,0,1,0
334,202303554,2023-02-14 0:00:00,9:52:00,SEM VÍTIMA,FINALIZADA,SANTO AMARO,RUA ARLINDO MELO,,EM FRENTE AO SHOPPING TACARUNA,SANTO AMARO,CIDADE,,0,1,0,0,0,0,1,0,0
335,202303569,2023-02-14 0:00:00,11:43:00,COM VÍTIMA,FINALIZADA,DERBY,PRC DO DERBY,,,DERBY,,ATROPELAMENTO DE PESSOA,0,1,0,1,0,0,0,1,0
336,202303588,2023-02-14 0:00:00,1:57:00,COM VÍTIMA,FINALIZADA,CASA AMARELA,EST DAS UBAIAS,,BOM DEMAIS SUPERMERCADO,CASA AMARELA,,COLISÃO LATERAL,1,1,0,0,0,0,0,1,0
337,202303599,2023-02-14 0:00:00,4:14:00,COM VÍTIMA,FINALIZADA,IMBIRIBEIRA,AV MARECHAL MASCARENHAS DE MORAES,,SOBRE O VIADUTO TANCREDO NEVES,IMBIRIBEIRA,,COLISÃO FRONTAL,1,1,0,0,0,0,0,1,0
338,202303604,2023-02-14 0:00:00,5:37:00,COM VÍTIMA,FINALIZADA,PORTO DA MADEIRA,AV CIDADE DE MONTEIRO,,EM FRENTE A GALERIA O TERRAÇO,PORTO DA MADEIRA,,COLISÃO LATERAL,2,1,0,0,0,0,0,2,0
339,202303612,2023-02-14 0:00:00,7:01:00,COM VÍTIMA,FINALIZADA,IBURA,AV DOIS RIOS,,EM FRENTE A ACADEMIA MOTIVE,IBURA,,COLISÃO TRASEIRA,1,1,0,0,0,0,0,1,0
340,202303652,2023-02-15 0:00:00,8:00:00,COM VÍTIMA,FINALIZADA,ÁGUA FRIA,RUA MANOEL SILVA,,PRÓX. AO ESPETINHO DO BÊU,ÁGUA FRIA,SUBURBIO,COLISÃO LATERAL,1,1,0,0,0,0,0,1,0
341,202303654,2023-02-15 0:00:00,8:10:00,SEM VÍTIMA,FINALIZADA,ARRUDA,AV BEBERIBE,,,ARRUDA,CIDADE,COLISÃO TRASEIRA,1,0,0,0,0,1,0,0,0
342,202303657,2023-02-15 0:00:00,8:20:00,COM VÍTIMA,FINALIZADA,ILHA DO LEITE,TUNEL CHICO SCIENCE,,DENTRO DO TÚNEL,ILHA DO LEITE,,COLISÃO FRONTAL,2,0,0,0,0,0,0,1,0
343,202303687,2023-02-15 0:00:00,12:47:00,COM VÍTIMA,FINALIZADA,VÁRZEA,RUA MANUEL DE MEDEIROS,,E/F AO MOTEL PARAISO,VÁRZEA,,COLISÃO LATERAL,1,1,0,0,0,0,0,1,0
344,202303700,2023-02-15 0:00:00,3:07:00,COM VÍTIMA,FINALIZADA,BEBERIBE,AV HILDEBRANDO DE VASCONCELOS,RUA COMPOSITOR VINICIUS DE MORAIS,RUA COMPOSITOR VINICIUS DE MORAIS,BEBERIBE,,COLISÃO LATERAL,1,1,0,0,0,0,0,1,0
345,202303714,2023-02-15 0:00:00,5:12:00,SEM VÍTIMA,FINALIZADA,ARRUDA,AV PROFESSOR JOSE DOS ANJOS,AV NORTE MIGUEL ARRAES DE ALENCAR,SESC DE CASA AMARELA,ARRUDA,,,1,0,0,0,0,1,0,0,0
346,202303743,2023-02-15 0:00:00,8:54:00,COM VÍTIMA,CANCELADA,BEBERIBE,AV BEBERIBE,,PRÓX. AO PAGODE DA PRESSÃO,BEBERIBE,,COLISÃO TRASEIRA,0,2,0,0,0,0,0,2,0
347,202303745,2023-02-15 0:00:00,9:40:00,COM VÍTIMA,FINALIZADA,CAMPO GRANDE,RUA ODORICO MENDES,,EMFRENTE AO CLUBE DAS PÁS,CAMPO GRANDE,,COLISÃO TRASEIRA,1,1,0,0,0,0,0,1,0
348,202303748,2023-02-15 0:00:00,10:19:00,COM VÍTIMA,FINALIZADA,IBURA,RUA RIO BRIGIDA,,EM FRENTE À IGREJA VERBO DA VIDA DO IBURA DE BAIXO,IBURA,,COLISÃO TRANSVERSAL,1,1,0,0,0,0,0,2,0
349,202303765,2023-02-16 0:00:00,7:27:00,COM VÍTIMA,FINALIZADA,ESPINHEIRO,AV JOAO DE BARROS,,EM FRENTE A EXTRAFARMA,ESPINHEIRO,,COLISÃO LATERAL,1,1,0,0,0,0,0,1,0
350,202303767,2023-02-16 0:00:00,7:23:00,SEM VÍTIMA,FINALIZADA,SAN MARTIN,AV GENERAL SAN MARTIN,,EM FRENTE AO RESTAURANTE XODÓ NORDESTINO,SAN MARTIN,CIDADE,COLISÃO TRASEIRA,3,0,0,0,0,0,0,0,0
351,202303774,2023-02-16 0:00:00,8:10:00,COM VÍTIMA,FINALIZADA,IMBIRIBEIRA,RUA ITAJAI,RUA ITACARI,PROX. A GOCIL SEGURANÇA,IMBIRIBEIRA,,COLISÃO FRONTAL,1,1,0,0,0,0,0,1,0
352,202303775,2023-02-16 0:00:00,8:11:00,COM VÍTIMA,FINALIZADA,SAN MARTIN,AV GENERAL SAN MARTIN,,PROX AO COLEGIO ADVENTISTA / E AO SEMÁFORO 371,SAN MARTIN,,COLISÃO LATERAL,1,1,0,0,0,0,0,2,0
353,202303807,2023-02-16 0:00:00,10:28:00,COM VÍTIMA,FINALIZADA,ÁGUA FRIA,RUA DA REGENERACAO,,PRÓX. À LOJA DE FERRAGENS  JOSÉ LUIZ DA FONSECA,ÁGUA FRIA,,COLISÃO LATERAL,1,1,0,0,0,0,0,1,0
354,202303811,2023-02-16 0:00:00,10:54:00,COM VÍTIMA,FINALIZADA,BOA VISTA,RUA DA GLORIA,,PROX. A DELEGACIA DO IDOSO,BOA VISTA,,COLISÃO LATERAL,1,1,0,0,0,0,0,1,0
355,202303817,2023-02-16 0:00:00,11:32:00,COM VÍTIMA,FINALIZADA,IPSEP,RUA SAO NICOLAU,RUA ABDIAS CABRAL DE MOURA,PROX. A MICRO EQUIPAMENTOS,IPSEP,SUBURBIO,COLISÃO LATERAL,1,1,0,0,0,0,0,1,0
356,202303831,2023-02-16 0:00:00,12:58:00,SEM VÍTIMA,FINALIZADA,PINA,AV ANTONIO DE GOES,,EM FRENTE AÀ PRF / LADO OPOSTO AO RESTAURANTE BARGAÇO Nº 62,PINA,CIDADE,COLISÃO TRASEIRA,2,0,0,0,0,0,0,0,0
357,202303842,2023-02-16 0:00:00,3:07:00,COM VÍTIMA,FINALIZADA,PINA,PTE VICE PRESIDENTE JOSE ALENCAR,,ENTRADA DO RIOMAR,PINA,,COLISÃO LATERAL,1,1,0,0,0,0,0,1,0
358,202303865,2023-02-16 0:00:00,6:50:00,COM VÍTIMA,FINALIZADA,CABANGA,PTE GOVERNADOR PAULO GUERRA,,SENTIDO CENTRO,CABANGA,,COLISÃO FRONTAL,1,1,0,0,0,0,0,3,0
359,202303866,2023-02-16 0:00:00,6:53:00,COM VÍTIMA,CANCELADA,IPSEP,RUA BLUMENAU,,PERTO DE 13 DISTRITO,IPSEP,,COLISÃO LATERAL,1,1,0,0,0,0,0,1,0
360,202303873,2023-02-16 0:00:00,8:16:00,COM VÍTIMA,FINALIZADA,IMBIRIBEIRA,RUA JOAQUIM BANDEIRA,,EMBAIXO DO PONTILHÃO,IMBIRIBEIRA,,COLISÃO TRASEIRA,2,1,0,0,0,0,0,2,0
361,202303877,2023-02-16 0:00:00,10:46:00,COM VÍTIMA,FINALIZADA,MACAXEIRA,AV NORTE MIGUEL ARRAES DE ALENCAR,RUA CORONEL JOAO BATISTA DO REGO BARROS,EM FRENTE A PRAÇA DA MACAXEIRA,MACAXEIRA,SUBURBIO,COLISÃO FRONTAL,1,1,0,0,0,0,0,1,0
362,202303910,2023-02-17 0:00:00,9:09:00,SEM VÍTIMA,FINALIZADA,SANTO AMARO,RUA GOUVEIA DE BARROS,,,SANTO AMARO,SUBURBIO,TOMBAMENTO,2,0,0,0,0,0,0,0,0
363,202303925,2023-02-17 0:00:00,10:31:00,COM VÍTIMA,FINALIZADA,ENCRUZILHADA,RUA DR JOSE MARIA,RUA CARLOS BORROMEU,IGREJA UNIVERSAL,ENCRUZILHADA,,ATROPELAMENTO DE PESSOA,1,0,0,1,0,0,0,1,0
364,202303926,2023-02-17 0:00:00,10:32:00,COM VÍTIMA,FINALIZADA,BOA VIAGEM,AV HELIO FALCAO,,PROX AO COLEGIO ANCHIETA,BOA VIAGEM,,ATROPELAMENTO DE PESSOA,2,0,0,1,0,0,0,1,0
365,202303928,2023-02-17 0:00:00,10:39:00,SEM VÍTIMA,FINALIZADA,BAIRRO DO RECIFE,PTE CONDE MAURICIO DE NASSAU,,SOB A PONTE,BAIRRO DO RECIFE,,COLISÃO LATERAL,0,0,0,0,0,0,0,0,0
366,202303936,2023-02-17 0:00:00,11:15:00,SEM VÍTIMA,FINALIZADA,SANTO AMARO,AV GOVERNADOR AGAMENON MAGALHAES,,LADO OPOSTO A DELEGACIA REGIONAL DO TRABALHO,SANTO AMARO,SUBURBIO,COLISÃO TRASEIRA,1,0,0,0,0,0,1,0,0
367,202303938,2023-02-17 0:00:00,11:20:00,SEM VÍTIMA,FINALIZADA,CORDEIRO,RUA GOMES TABORDA,,AO LADO DO SINDI COMBUSTIVEIS,CORDEIRO,CIDADE,CHOQUE,0,0,0,0,0,1,0,0,0
368,202303946,2023-02-17 0:00:00,12:25:00,COM VÍTIMA,FINALIZADA,TORRE,RUA CONDE DE IRAJA,,EM FRENTE A CASA JOSUE DE CASTRO,TORRE,SUBURBIO,COLISÃO LATERAL,1,1,0,0,0,0,0,1,0
369,202303952,2023-02-17 0:00:00,1:44:00,COM VÍTIMA,FINALIZADA,ILHA DO RETIRO,AV ENGENHEIRO ABDIAS DE CARVALHO,,EM FRENTE A FARMACIA DROGASIL,ILHA DO RETIRO,,COLISÃO LATERAL,1,2,0,0,0,0,0,4,0
370,202303964,2023-02-17 0:00:00,4:31:00,COM VÍTIMA,CANCELADA,CASA AMARELA,EST DAS UBAIAS,,E/F A PADARIA PARLA DELI,CASA AMARELA,,COLISÃO TRASEIRA,1,1,0,0,0,0,0,1,0
371,202303968,2023-02-17 0:00:00,6:28:00,COM VÍTIMA,FINALIZADA,JOANA BEZERRA,VIADUTO CAPITAO TEMUDO,,SOBRE O VIADUTO / NA ALSA PARA O SHOPPING RIO MAR,JOANA BEZERRA,,COLISÃO LATERAL,1,1,0,0,0,0,0,2,0
372,202303991,2023-02-18 0:00:00,1:30:00,COM VÍTIMA,CANCELADA,IMBIRIBEIRA,AV MARECHAL MASCARENHAS DE MORAES,,E/F À LOJA LASER ELETRO - SENTIDO CIDADE,IMBIRIBEIRA,,COLISÃO TRASEIRA,0,2,0,0,0,0,0,1,0
373,202304003,2023-02-18 0:00:00,12:01:00,COM VÍTIMA,FINALIZADA,BOA VISTA,RUA DO RIACHUELO,,VILA SANTO ANTÔNIO,BOA VISTA,CIDADE,COLISÃO LATERAL,1,1,0,0,0,0,0,2,0
374,202304004,2023-02-18 0:00:00,12:29:00,COM VÍTIMA,FINALIZADA,ESPINHEIRO,RUA CARNEIRO VILELA,RUA CONS PORTELA,GALERIA CONSELHEIRO PORTELA / BANCO ITAU DA JOÃO DE BARROS,ESPINHEIRO,CIDADE,COLISÃO LATERAL,1,1,0,0,0,0,0,1,0
375,202304007,2023-02-18 0:00:00,4:19:00,SEM VÍTIMA,FINALIZADA,CASA FORTE,PRC RADIO JORNAL DO COMERCIO,,AO LADO DO BOM PREÇO,CASA FORTE,SUBURBIO,COLISÃO LATERAL,2,0,0,0,0,0,0,0,0
376,202304009,2023-02-18 0:00:00,4:39:00,COM VÍTIMA,FINALIZADA,JIQUIÁ,AV DR JOSE RUFINO,RUA MORAIS E SILVA,,JIQUIÁ,SUBURBIO,COLISÃO TRASEIRA,1,1,0,0,0,0,0,3,0
377,202304019,2023-02-18 0:00:00,6:54:00,SEM VÍTIMA,CANCELADA,BOA VISTA,AV CONDE DA BOA VISTA,,EM FRENTE A TVPE / ESQ. DO POSTO SHELL,BOA VISTA,,COLISÃO TRASEIRA,0,0,0,0,0,0,2,0,0
378,202304021,2023-02-18 0:00:00,7:27:00,COM VÍTIMA,FINALIZADA,SANTO AMARO,AV NORTE MIGUEL ARRAES DE ALENCAR,,EM FRENTE AO SENAI,SANTO AMARO,CIDADE,QUEDA,0,1,0,0,0,0,0,1,0
379,202304032,2023-02-19 0:00:00,1:09:00,COM VÍTIMA,FINALIZADA,IBURA,AV MATO GROSSO,,PRÓXIMO A PADARIA MONZA,IBURA,,CHOQUE,1,1,0,0,0,0,0,1,0
380,202304045,2023-02-19 0:00:00,10:04:00,COM VÍTIMA,FINALIZADA,CASA AMARELA,RUA PADRE LEMOS,,PRÓX. AO POSTO BR,CASA AMARELA,SUBURBIO,COLISÃO TRASEIRA,1,1,0,0,0,0,0,2,0
381,202304050,2023-02-19 0:00:00,11:25:00,COM VÍTIMA,FINALIZADA,MADALENA,RUA DEMOCRITO DE SOUZA FILHO,RUA BARTOLOMEU DE GUSMAO,"PRÓX. AO GARDEN BELEZA. CAFÉ, MODA. BARBEARIA",MADALENA,SUBURBIO,COLISÃO LATERAL,1,1,0,0,0,0,0,1,0
382,202304053,2023-02-19 0:00:00,12:29:00,COM VÍTIMA,FINALIZADA,ILHA DO RETIRO,AV ENGENHEIRO ABDIAS DE CARVALHO,AV JOSE GONCALVES DE MEDEIROS,EM FRENTE A MCDONALD´S,ILHA DO RETIRO,SUBURBIO,COLISÃO LATERAL,1,1,0,0,0,0,0,1,0
383,202304054,2023-02-19 0:00:00,12:38:00,COM VÍTIMA,FINALIZADA,AFLITOS,AV CONS ROSA E SILVA,,PRÓX. AO CLUBE PORTUGUÊS,AFLITOS,,COLISÃO TRASEIRA,1,0,0,0,0,0,1,1,0
384,202304069,2023-02-19 0:00:00,9:39:00,COM VÍTIMA,FINALIZADA,SANTO AMARO,AV CRUZ CABUGA,RUA FREI CASSIMIRO,PROX. A CASA DA INDUSTRIA,SANTO AMARO,,COLISÃO LATERAL,1,1,0,0,0,0,0,1,0
385,202304073,2023-02-20 0:00:00,2:19:00,VÍTIMA FATAL,FINALIZADA,BOA VISTA,AV CONDE DA BOA VISTA,RUA DO HOSPICIO,COM A RUA DO HOSPICIO,BOA VISTA,SUBURBIO,ATROPELAMENTO DE PESSOA,0,0,0,1,1,0,0,0,1
386,202304074,2023-02-20 0:00:00,2:23:00,SEM VÍTIMA,CANCELADA,CORDEIRO,AV PROFESSOR ESTEVAO FRANCISCO DA COSTA,,COM RUA ELISEU CAVALCANTI,CORDEIRO,,COLISÃO LATERAL,2,0,0,0,0,0,0,0,0
387,202304076,2023-02-20 0:00:00,5:27:00,COM VÍTIMA,FINALIZADA,IMBIRIBEIRA,AV MARECHAL MASCARENHAS DE MORAES,,EM FRENTE AO BANCO BRADESCO,IMBIRIBEIRA,CIDADE,COLISÃO LATERAL,1,1,0,0,0,0,0,1,0
388,202304081,2023-02-20 0:00:00,9:02:00,COM VÍTIMA,FINALIZADA,BOA VIAGEM,RUA RIBEIRO DE BRITO,,AO LADO DA UNINASSAU,BOA VIAGEM,,COLISÃO FRONTAL,1,1,0,0,0,0,0,2,0
389,202304087,2023-02-20 0:00:00,9:37:00,COM VÍTIMA,FINALIZADA,BOA VIAGEM,RUA RIBEIRO DE BRITO,RUA AMALIA BERNARDINO DE SOUZA,AO LADO DA UNINASSAU,BOA VIAGEM,CIDADE,COLISÃO FRONTAL,1,1,0,0,0,0,0,2,0
390,202304094,2023-02-20 0:00:00,10:27:00,COM VÍTIMA,FINALIZADA,BOA VIAGEM,RUA CAMBOIM,RUA JOAO CARDOSO AIRES,DONA GULA,BOA VIAGEM,SUBURBIO,COLISÃO LATERAL,2,0,0,0,0,0,0,1,0
391,202304107,2023-02-20 0:00:00,12:30:00,COM VÍTIMA,FINALIZADA,CORDEIRO,RUA CLAUDIO BROTHERHOOD,RUA GOMES TABORDA,E/F A GRAFICA CAMPELO,CORDEIRO,SUBURBIO,COLISÃO FRONTAL,0,2,0,0,0,0,0,1,0
392,202304124,2023-02-20 0:00:00,3:17:00,COM VÍTIMA,FINALIZADA,BOA VIAGEM,AV ENGENHEIRO DOMINGOS FERREIRA,RUA TOME GIBSON,PROX AO COLEGIO MUNICIPAL OSWALDO DE LIMA FILHO,BOA VIAGEM,SUBURBIO,COLISÃO TRASEIRA,0,2,0,0,0,0,0,2,0
393,202304144,2023-02-20 0:00:00,8:14:00,COM VÍTIMA,FINALIZADA,CAXANGÁ,AV CAXANGA,RUA RIBEIRO PESSOA,PRÓXIMO A UPA,CAXANGÁ,SUBURBIO,COLISÃO FRONTAL,0,0,0,0,0,0,0,1,0
394,202304145,2023-02-20 0:00:00,8:31:00,SEM VÍTIMA,FINALIZADA,CORDEIRO,RUA OCIDENTAL,,ANTIGO TERMINAL DO SÍTIO DAS PALMEIRAS,CORDEIRO,,CHOQUE,0,0,0,0,0,0,0,0,0
395,202304153,2023-02-21 0:00:00,1:24:00,SEM VÍTIMA,FINALIZADA,ESPINHEIRO,RUA BUENOS AYRES,,EM FRENTE AO SANTANDER,ESPINHEIRO,,COLISÃO FRONTAL,0,0,0,0,0,0,0,0,0
396,202304154,2023-02-21 0:00:00,2:44:00,COM VÍTIMA,FINALIZADA,GRAÇAS,AV CONS ROSA E SILVA,RUA ANTENOR NAVARRO,,GRAÇAS,SUBURBIO,COLISÃO FRONTAL,2,0,0,0,0,0,0,1,0
397,202304161,2023-02-21 0:00:00,7:48:00,COM VÍTIMA,FINALIZADA,IMBIRIBEIRA,AV MARECHAL MASCARENHAS DE MORAES,,EM FRENTE AO POSTO BR,IMBIRIBEIRA,,COLISÃO TRASEIRA,1,1,0,0,0,0,0,1,0
398,202304171,2023-02-21 0:00:00,10:33:00,COM VÍTIMA,FINALIZADA,IBURA,AV RECIFE,RUA SAO NICOLAU,SEMÁFORO 016,IBURA,SUBURBIO,COLISÃO TRASEIRA,2,1,0,0,0,0,0,2,0
399,202304183,2023-02-21 0:00:00,3:22:00,COM VÍTIMA,CANCELADA,BOA VIAGEM,RUA VISCONDE DE JEQUITINHONHA,RUA ERNESTO DE PAULA SANTOS,DE ESQUINA COM O SOBERANO,BOA VIAGEM,,COLISÃO LATERAL,1,0,0,0,1,0,0,1,0
400,202304185,2023-02-21 0:00:00,3:33:00,SEM VÍTIMA,FINALIZADA,CAXANGÁ,AV CAXANGA,RUA JOSE OSORIO,SOB O SEMÁFORO DE Nº 489,CAXANGÁ,SUBURBIO,,1,0,0,0,0,1,0,0,0
401,202304198,2023-02-22 0:00:00,2:36:00,COM VÍTIMA,FINALIZADA,ILHA JOANA BEZERRA,VIADUTO CAPITAO TEMUDO,,ALÇA DE ACESSO À RUA IMPERIAL,ILHA JOANA BEZERRA,SUBURBIO,CHOQUE,1,0,0,0,0,0,0,1,0