_id,Protocolo,data,hora,natureza,situacao,bairro,endereco,detalhe_endereco_acidente,complemento,bairro_cruzamento,sentido_via,tipo,auto,moto,ciclista,pedestre,onibus,caminhao,viatura,vitimas,vitimasfatais
402,202304203,2023-02-22 0:00:00,5:47:00,COM VÍTIMA,FINALIZADA,AFOGADOS,RUA SAO MIGUEL,,PRÓXIMO AO 14° BATALHÃO LOGISTICO,AFOGADOS,CIDADE,COLISÃO FRONTAL,2,0,0,0,0,0,0,2,0
403,202304207,2023-02-22 0:00:00,7:40:00,COM VÍTIMA,FINALIZADA,AFOGADOS,RUA SAO MIGUEL,,,AFOGADOS,CIDADE,COLISÃO TRASEIRA,0,2,0,0,0,0,0,2,0
404,202304214,2023-02-22 0:00:00,9:29:00,COM VÍTIMA,FINALIZADA,SÃO JOSÉ,RUA IMPERIAL,RUA BOM SUCESSO,APÓS O COLÉGIO JOAQUIM NABUCO,SÃO JOSÉ,,COLISÃO LATERAL,1,1,0,0,0,0,0,1,0
405,202304216,2023-02-22 0:00:00,10:27:00,COM VÍTIMA,FINALIZADA,ILHA DO RETIRO,AV ENGENHEIRO ABDIAS DE CARVALHO,EST DOS REMEDIOS,EM FRENTE A FARMACIA INDEPENDENTE,ILHA DO RETIRO,,COLISÃO LATERAL,2,0,0,0,0,0,0,2,0
406,202304245,2023-02-22 0:00:00,4:15:00,COM VÍTIMA,FINALIZADA,PINA,AVENIDA CELSO FURTADO (VIA MANGUE),,NA VIA MANGUE,PINA,,COLISÃO FRONTAL,1,1,0,0,0,0,0,1,0
407,202304260,2023-02-22 0:00:00,7:01:00,SEM VÍTIMA,FINALIZADA,ARRUDA,AV PROFESSOR JOSE DOS ANJOS,,PROX AO DNOCS,ARRUDA,,COLISÃO LATERAL,1,0,0,0,0,1,0,0,0
408,202304274,2023-02-23 0:00:00,7:38:00,COM VÍTIMA,FINALIZADA,BOA VIAGEM,RUA DEZ DE JULHO,,PRÓX. À ESTAÇÃO AEROPORTO,BOA VIAGEM,,COLISÃO LATERAL,1,1,0,0,0,0,0,1,0
409,202304275,2023-02-23 0:00:00,7:47:00,COM VÍTIMA,FINALIZADA,IPSEP,RUA ADERBAL DE MELO,,PRÓX. À PRAÇA DO IPÊ / LÉO BAR,IPSEP,,COLISÃO FRONTAL,1,1,0,0,0,0,0,1,0
410,202304279,2023-02-23 0:00:00,8:04:00,COM VÍTIMA,FINALIZADA,SAN MARTIN,AV CONSUL VILARES FRAGOSO,,CAVALARIA,SAN MARTIN,,COLISÃO LATERAL,1,1,0,0,0,0,0,1,0
411,202304306,2023-02-23 0:00:00,11:55:00,SEM VÍTIMA,FINALIZADA,IMBIRIBEIRA,AV MARECHAL MASCARENHAS DE MORAES,,EM FRENTE AO POSTO IPIRANGA,IMBIRIBEIRA,SUBURBIO,,0,1,0,0,0,0,1,0,0
412,202304315,2023-02-23 0:00:00,1:02:00,SEM VÍTIMA,FINALIZADA,BOA VIAGEM,AV ANTONIO TORRES GALVAO,AVENIDA CELSO FURTADO (VIA MANGUE),EM CIMA DA PONTE DA VIA MANGUE  S/T CID,BOA VIAGEM,,COLISÃO LATERAL,1,0,0,0,0,1,0,0,0
413,202304324,2023-02-23 0:00:00,3:10:00,COM VÍTIMA,FINALIZADA,ÁGUA FRIA,AV BEBERIBE,,EM FRENTE AO MERCADINHO DOIS IRMÃOS,ÁGUA FRIA,,COLISÃO LATERAL,1,1,0,0,0,0,0,1,0
414,202304334,2023-02-23 0:00:00,4:11:00,COM VÍTIMA,FINALIZADA,SÃO JOSÉ,AV DANTAS BARRETO,,E/F AO ANTIGO BANCO SANTANDER,SÃO JOSÉ,,ATROPELAMENTO DE PESSOA,0,0,0,1,1,0,0,1,0
415,202304338,2023-02-23 0:00:00,5:29:00,COM VÍTIMA,FINALIZADA,SÃO JOSÉ,RUA IMPERIAL,,S/T AFOGADOS E/F AO PONTILHAO DO METRO,SÃO JOSÉ,,COLISÃO LATERAL,1,1,0,0,0,0,0,1,0
416,202304352,2023-02-23 0:00:00,7:19:00,COM VÍTIMA,FINALIZADA,BONGI,AV ENGENHEIRO ABDIAS DE CARVALHO,,POSTO BR,BONGI,,COLISÃO COM CICLISTA,0,0,1,0,1,0,0,1,0
417,202304353,2023-02-23 0:00:00,7:56:00,SEM VÍTIMA,FINALIZADA,TORRE,RUA REAL DA TORRE,RUA PADRE ANCHIETA,,TORRE,SUBURBIO,,1,0,0,0,0,0,1,0,0
418,202304361,2023-02-23 0:00:00,10:53:00,VÍTIMA FATAL,FINALIZADA,CORDEIRO,AV CAXANGA,,EM FRENTE À ASEMBLÉIA DE DEUS,CORDEIRO,CI,ATROPELAMENTO DE PESSOA,1,0,0,1,0,0,0,0,1
419,202304365,2023-02-24 0:00:00,7:08:00,COM VÍTIMA,FINALIZADA,BOA VIAGEM,AV CONSELHEIRO AGUIAR,RUA RIBEIRO DE BRITO,PRÓX. À FARMÁCIA PAGUE MENOS,BOA VIAGEM,,COLISÃO LATERAL,1,1,0,0,0,0,0,1,0
420,202304408,2023-02-24 0:00:00,1:09:00,COM VÍTIMA,FINALIZADA,IMBIRIBEIRA,AV MARECHAL MASCARENHAS DE MORAES,,LADO OPOSTO AO ARMAZÉM CORAL,IMBIRIBEIRA,,COLISÃO TRASEIRA,1,1,0,0,0,0,0,1,0
421,202304410,2023-02-24 0:00:00,1:22:00,COM VÍTIMA,FINALIZADA,VÁRZEA,RUA PROFESSOR ANTONIO COELHO,,NA ENTRADA DA ENTEGRAÇÃO DE CDU,VÁRZEA,,COLISÃO FRONTAL,0,1,0,0,1,0,0,1,0
422,202304411,2023-02-24 0:00:00,1:55:00,COM VÍTIMA,FINALIZADA,IBURA,RUA RIO XINGU,,PROX ASSEMBLEIA DE DEUS,IBURA,,COLISÃO LATERAL,1,1,0,0,0,0,0,1,0
423,202304434,2023-02-24 0:00:00,4:12:00,COM VÍTIMA,FINALIZADA,BOA VIAGEM,AV DES JOSE NEVES,,AO LADO DA LOJA FERREIRA PINTO,BOA VIAGEM,,COLISÃO TRASEIRA,1,1,0,0,0,0,0,1,0
424,202304440,2023-02-24 0:00:00,4:52:00,SEM VÍTIMA,FINALIZADA,TORRE,RUA CONDE DE IRAJA,AV BEIRA RIO,SOB O SEMÁFORO 680,TORRE,SUBURBIO,COLISÃO TRANSVERSAL,0,1,0,0,0,0,1,0,0
425,202304442,2023-02-24 0:00:00,5:19:00,SEM VÍTIMA,FINALIZADA,SÃO JOSÉ,AV ENGENHEIRO JOSE ESTELITA,,,SÃO JOSÉ,,COLISÃO TRASEIRA,2,0,0,0,0,0,0,0,0
426,202304478,2023-02-25 0:00:00,9:55:00,COM VÍTIMA,FINALIZADA,CAXANGÁ,RUA RIBEIRO PESSOA,,"EM FRENTE AO MOTEL TURQUESA, PROX A UPA",CAXANGÁ,,COLISÃO LATERAL,1,1,0,0,0,0,0,1,0
427,202304492,2023-02-25 0:00:00,11:58:00,COM VÍTIMA,FINALIZADA,CAXANGÁ,AV JOAQUIM RIBEIRO,,APÓS. À UNINASSAU / EM FRENTE À ÁGUA MINERAL CAXANGÁ,CAXANGÁ,,COLISÃO LATERAL,1,1,0,0,0,0,0,1,0
428,202304495,2023-02-25 0:00:00,1:39:00,COM VÍTIMA,FINALIZADA,IMBIRIBEIRA,AV MARECHAL MASCARENHAS DE MORAES,,EM FRENTE A FACULDADE UNIVERSO,IMBIRIBEIRA,,COLISÃO TRASEIRA,0,2,0,0,0,0,0,1,0
429,202304498,2023-02-25 0:00:00,2:33:00,COM VÍTIMA,FINALIZADA,TAMARINEIRA,AV NORTE MIGUEL ARRAES DE ALENCAR,,LADO OPOSTO AO SESC,TAMARINEIRA,CIDADE,COLISÃO FRONTAL,0,2,0,0,0,0,0,1,0
430,202304518,2023-02-25 0:00:00,7:16:00,SEM VÍTIMA,CANCELADA,ARRUDA,AV PROFESSOR JOSE DOS ANJOS,,"PRÓX. À ACADEMIA DA CIDADE, PERTO DO BAR DO BIGODE.",ARRUDA,,COLISÃO TRANSVERSAL,2,0,0,0,0,0,0,0,0
431,202304522,2023-02-25 0:00:00,9:01:00,COM VÍTIMA,FINALIZADA,CAJUEIRO,AV SEBASTIAO SALAZAR,,PRÓX. À IGREJA CATÓLICA DE CAJUEIRO,CAJUEIRO,,COLISÃO FRONTAL,1,1,0,0,0,0,0,1,0
432,202304523,2023-02-25 0:00:00,10:04:00,COM VÍTIMA,FINALIZADA,CAMPO GRANDE,RUA ODORICO MENDES,,EM FRENTE A GALERIA CAZÉ,CAMPO GRANDE,SUBURBIO,COLISÃO TRANSVERSAL,0,2,0,0,0,0,0,1,0
433,202304525,2023-02-25 0:00:00,11:24:00,SEM VÍTIMA,CANCELADA,NOVA DESCOBERTA,RUA NOVA DESCOBERTA,,PRÓXIMO A ENTRADA DO CORREGO DO EUCALIPTO,NOVA DESCOBERTA,,COLISÃO LATERAL,2,1,0,0,0,0,0,0,0
434,202304560,2023-02-26 0:00:00,11:12:00,COM VÍTIMA,FINALIZADA,IPSEP,RUA PINTOR ANTONIO ALBUQUERQUE,,PROX. AO POSTO SHELL DA AV. RECIFE,IPSEP,,COLISÃO LATERAL,1,1,0,0,0,0,0,1,0
435,202304571,2023-02-26 0:00:00,2:13:00,COM VÍTIMA,FINALIZADA,GRAÇAS,AV BEIRA RIO,RUA CONDE DE IRAJA,NA DESCIDA DA PONTE DA TORRE,GRAÇAS,,COLISÃO FRONTAL,2,0,0,0,0,0,0,4,0
436,202304592,2023-02-27 0:00:00,7:39:00,COM VÍTIMA,FINALIZADA,AREIAS,AV DR JOSE RUFINO,,EM FRENTE A CRECHE MUNICIPAL TANCREDO NEVES E AO CONDOMINIO MORADA DO BARRO,AREIAS,,COLISÃO FRONTAL,4,1,0,0,0,1,0,1,0
437,202304595,2023-02-27 0:00:00,8:31:00,COM VÍTIMA,CANCELADA,AFOGADOS,RUA SAO MIGUEL,,PROX. A MATERNIDADE BANDEIRA FILHO,AFOGADOS,,COLISÃO LATERAL,1,1,0,0,0,0,0,1,0
438,202304598,2023-02-27 0:00:00,8:41:00,SEM VÍTIMA,FINALIZADA,CASA AMARELA,RUA BELA VISTA,,PRÓXIMO AO REI DA PICANHA,CASA AMARELA,SUBURBIO,COLISÃO TRANSVERSAL,1,0,0,0,0,1,0,0,0
439,202304600,2023-02-27 0:00:00,8:49:00,SEM VÍTIMA,FINALIZADA,SÃO JOSÉ,AV ENGENHEIRO JOSE ESTELITA,,,SÃO JOSÉ,SUBURBIO,COLISÃO TRASEIRA,1,0,0,0,0,0,0,0,0
440,202304601,2023-02-27 0:00:00,8:53:00,SEM VÍTIMA,FINALIZADA,SANTO AMARO,AV CRUZ CABUGA,,LADO OPOSTO AO Nº 304,SANTO AMARO,CIDADE,COLISÃO TRANSVERSAL,1,1,0,0,0,0,0,0,0
441,202304612,2023-02-27 0:00:00,10:56:00,SEM VÍTIMA,FINALIZADA,TORRE,RUA JOSE OSORIO,RUA JOAQUIM NABUCO,EM CIMA DA PONTE DA CAPUNGA,TORRE,,COLISÃO TRASEIRA,3,0,0,0,0,0,0,0,0
442,202304619,2023-02-27 0:00:00,1:52:00,COM VÍTIMA,FINALIZADA,JARDIM SÃO PAULO,AV SAO PAULO,,BRAGA BURGUE,JARDIM SÃO PAULO,,COLISÃO LATERAL,1,1,0,0,0,0,0,1,0
443,202304623,2023-02-27 0:00:00,2:16:00,COM VÍTIMA,CANCELADA,DOIS UNIDOS,AV HILDEBRANDO DE VASCONCELOS,,PROXIMO A SUBESTAÇÃO DA CELPE E AO ANTIGO CT DO SANTA CRUZ,DOIS UNIDOS,SUBURBIO,COLISÃO LATERAL,0,2,0,0,0,0,0,1,0
444,202304628,2023-02-27 0:00:00,3:57:00,SEM VÍTIMA,FINALIZADA,GRAÇAS,AV RUI BARBOSA,,PRAÇA DO ENTROCAMENTO,GRAÇAS,,COLISÃO LATERAL,1,0,0,0,1,0,0,0,0
445,202304630,2023-02-27 0:00:00,4:21:00,COM VÍTIMA,FINALIZADA,IMBIRIBEIRA,RUA ITAJAI,,POR TRAS DO BANCO DO BRASIL,IMBIRIBEIRA,,COLISÃO LATERAL,1,1,0,0,0,0,0,2,0
446,202304633,2023-02-27 0:00:00,5:18:00,COM VÍTIMA,FINALIZADA,IMBIRIBEIRA,AV MARECHAL MASCARENHAS DE MORAES,,EM FRENTE A LOJA DM PEÇAS E SERVIÇOS,IMBIRIBEIRA,,COLISÃO TRASEIRA,1,1,0,0,1,0,0,1,0
447,202304636,2023-02-27 0:00:00,5:36:00,COM VÍTIMA,FINALIZADA,ENCRUZILHADA,AV NORTE MIGUEL ARRAES DE ALENCAR,,EM FRENTE A RENAULT,ENCRUZILHADA,,COLISÃO TRASEIRA,1,1,0,0,0,0,0,1,0
448,202304638,2023-02-27 0:00:00,5:53:00,COM VÍTIMA,FINALIZADA,PINA,AV ANTONIO DE GOES,RUA MANOEL DE BRITO,"COM A RUA MANOEL DE BRITO NA SAÍDA DO TÚNEL JOSUÉ DE CASTRO, PISTA DA DIREITA.",PINA,,COLISÃO LATERAL,1,1,0,0,0,0,0,1,0
449,202304645,2023-02-27 0:00:00,6:48:00,SEM VÍTIMA,CANCELADA,ARRUDA,RUA COUTO MAGALHAES,,COLEGIO AO FAZER CRESCER,ARRUDA,,COLISÃO FRONTAL,2,0,0,0,0,0,0,0,0
450,202304651,2023-02-27 0:00:00,7:53:00,COM VÍTIMA,CANCELADA,SANTO AMARO,AV NORTE MIGUEL ARRAES DE ALENCAR,,"OPOSTO À CHEVROLET, PRÓX. À PRAÇA DA PICANHA",SANTO AMARO,,ATROPELAMENTO DE PESSOA,0,0,0,2,1,0,0,2,0
451,202304655,2023-02-27 0:00:00,8:24:00,SEM VÍTIMA,FINALIZADA,SANTO ANTÔNIO,AV DANTAS BARRETO,,COMERCIAL ROQUE,SANTO ANTÔNIO,SUBURBIO,COLISÃO LATERAL,0,0,0,0,1,0,1,0,0
452,202304659,2023-02-27 0:00:00,10:32:00,COM VÍTIMA,FINALIZADA,GRAÇAS,RUA CARDEAL ARCOVERDE,,PRÓX. AO RESTAURANTE ILHA DA COSTA,GRAÇAS,,COLISÃO TRASEIRA,2,0,0,0,0,0,0,1,0
453,202304672,2023-02-28 0:00:00,8:07:00,COM VÍTIMA,FINALIZADA,SANTO ANTÔNIO,PRC DA REPUBLICA,,AO LADO DO TEATRO SANTA IZABEL,SANTO ANTÔNIO,,COLISÃO COM CICLISTA,1,0,1,0,0,0,0,1,0
454,202304683,2023-02-28 0:00:00,10:11:00,COM VÍTIMA,FINALIZADA,ESPINHEIRO,RUA BARAO DE ITAMARACA,,AO LADO DA HAPICLÍNICA BARÃO DE ITAMARACÁ,ESPINHEIRO,CIDADE,ATROPELAMENTO DE PESSOA,0,1,0,1,0,0,0,2,0
455,202304689,2023-02-28 0:00:00,11:19:00,SEM VÍTIMA,FINALIZADA,IMBIRIBEIRA,AV MARECHAL MASCARENHAS DE MORAES,,ESQUINA COM A JACAUNA MÓVEIS,IMBIRIBEIRA,SUBURBIO,COLISÃO TRANSVERSAL,1,0,0,0,0,0,1,0,0
456,202304700,2023-02-28 0:00:00,1:56:00,COM VÍTIMA,FINALIZADA,IMBIRIBEIRA,AV MARECHAL MASCARENHAS DE MORAES,,PROX A ENTREDA A JORDÃO / EM FRENTE A LOJA FERRO MAIS,IMBIRIBEIRA,CIDADE,COLISÃO TRASEIRA,1,1,0,0,0,0,0,1,0
457,202304709,2023-02-28 0:00:00,3:20:00,COM VÍTIMA,FINALIZADA,SANTO AMARO,AV CRUZ CABUGA,,,SANTO AMARO,CIDADE,COLISÃO COM CICLISTA,1,0,1,0,0,0,0,1,0
458,202304710,2023-02-28 0:00:00,4:16:00,SEM VÍTIMA,FINALIZADA,BOA VISTA,RUA JOAO FERNANDES VIEIRA,,EM FRENTE AO VERD FRUT,BOA VISTA,SUBURBIO,,1,0,0,0,0,1,0,0,0
459,202304715,2023-02-28 0:00:00,5:53:00,COM VÍTIMA,FINALIZADA,BEBERIBE,AV BEBERIBE,,EM FRENTE AO BUTECO PARRILLA,BEBERIBE,SUBURBIO,COLISÃO LATERAL,1,1,0,0,0,0,0,1,0
460,202304719,2023-02-28 0:00:00,7:15:00,COM VÍTIMA,FINALIZADA,IMBIRIBEIRA,AV MARECHAL MASCARENHAS DE MORAES,AV GENERAL MAC ARTHUR,EM FRENTE AO BANCO ITAÚ,IMBIRIBEIRA,,COLISÃO LATERAL,0,1,0,0,0,1,0,2,0
461,202304724,2023-02-28 0:00:00,10:59:00,COM VÍTIMA,FINALIZADA,BOA VIAGEM,RUA BARAO DE SOUZA LEAO,,PRACINHA DE BOA VIAGEM,BOA VIAGEM,,COLISÃO FRONTAL,0,2,0,0,0,0,0,2,0
462,202304725,2023-03-01 0:00:00,1:34:00,COM VÍTIMA,FINALIZADA,TORRE,RUA JOSE BONIFACIO,,PRÓXIMO AO CARREFOUR,TORRE,SUBURBIO,COLISÃO FRONTAL,0,0,0,0,0,0,0,1,0
463,202304726,2023-03-01 0:00:00,1:58:00,SEM VÍTIMA,FINALIZADA,BOA VIAGEM,RUA RIBEIRO DE BRITO,RUA DOS NAVEGANTES,AO LADO DO Nº 972,BOA VIAGEM,,,1,0,0,0,0,0,1,0,0
464,202304743,2023-03-01 0:00:00,9:38:00,COM VÍTIMA,FINALIZADA,IMBIRIBEIRA,RUA JOAQUIM BANDEIRA,RUA JACI,PROX A LOJA MITSUBISHI,IMBIRIBEIRA,,COLISÃO LATERAL,1,1,0,0,0,0,0,1,0
465,202304761,2023-03-01 0:00:00,12:27:00,COM VÍTIMA,FINALIZADA,SANTO AMARO,AV MARIO MELO,,AO LADO RM EXPRESS,SANTO AMARO,,COLISÃO TRASEIRA,1,1,0,0,0,0,0,1,0
466,202304770,2023-03-01 0:00:00,1:35:00,SEM VÍTIMA,FINALIZADA,SANTO AMARO,RUA ALVARES DE AZEVEDO,RUA GOUVEIA DE BARROS,CENTRO EDUCACIONAL ULISSES PERNAMBUCANO,SANTO AMARO,CIDADE,,2,0,0,0,0,0,0,0,0
467,202304781,2023-03-01 0:00:00,4:46:00,COM VÍTIMA,FINALIZADA,BOA VIAGEM,RUA COSMORAMA,,PROX A GARAGEM DA BORBOREMA,BOA VIAGEM,,COLISÃO COM CICLISTA,0,0,1,0,1,0,0,1,0
468,202304784,2023-03-01 0:00:00,5:19:00,COM VÍTIMA,FINALIZADA,ILHA DO LEITE,RUA FRANCISCO ALVES,,EM FRENTE AO HOPE,ILHA DO LEITE,,COLISÃO LATERAL,1,1,0,0,0,0,0,1,0
469,202304801,2023-03-01 0:00:00,8:51:00,COM VÍTIMA,CANCELADA,ESTÂNCIA,AV RECIFE,,PRÓX. AO HOTEL ESTORIL,ESTÂNCIA,,COLISÃO TRANSVERSAL,1,1,0,0,0,0,0,1,0
470,202304806,2023-03-01 0:00:00,11:27:00,COM VÍTIMA,FINALIZADA,JARDIM SÃO PAULO,AV SAO PAULO,,PRÓX. AO MERCADINHO RENDE MAIS,JARDIM SÃO PAULO,,COLISÃO TRANSVERSAL,0,1,0,0,0,1,0,1,0
471,202304813,2023-03-02 0:00:00,6:45:00,COM VÍTIMA,FINALIZADA,JAQUEIRA,AV RUI BARBOSA,RUA MUNIZ TAVARES,PROX. AO HOSPITAL MARIA LUCINDA,JAQUEIRA,,COLISÃO COM CICLISTA,1,0,1,0,0,0,0,1,0
472,202304831,2023-03-02 0:00:00,8:34:00,COM VÍTIMA,FINALIZADA,COHAB,AV SERRA DA MANTIQUEIRA,,APÓS A ASSEMBLEIA DE DEUS / PRÓX. AO SOCIETY PERNA DE PAU,COHAB,,COLISÃO FRONTAL,0,1,0,0,1,0,0,1,0
473,202304832,2023-03-02 0:00:00,8:54:00,COM VÍTIMA,FINALIZADA,BOA VIAGEM,AV ENGENHEIRO DOMINGOS FERREIRA,,POSTO IPIRANGA / RECIFE TRADE CENTER,BOA VIAGEM,,COLISÃO TRASEIRA,1,1,0,0,0,0,0,1,0
474,202304842,2023-03-02 0:00:00,10:07:00,COM VÍTIMA,FINALIZADA,BAIRRO DO RECIFE,RUA DO BOM JESUS,,COOPERATIVA ALIANÇA,BAIRRO DO RECIFE,,TOMBAMENTO,0,1,0,0,0,0,0,1,0
475,202304845,2023-03-02 0:00:00,10:26:00,COM VÍTIMA,FINALIZADA,DOIS UNIDOS,AV HILDEBRANDO DE VASCONCELOS,,PRÓX. À TOP FITNESS ACADEMIA,DOIS UNIDOS,,COLISÃO FRONTAL,1,1,0,0,0,0,0,2,0
476,202304846,2023-03-02 0:00:00,10:47:00,SEM VÍTIMA,FINALIZADA,VASCO DA GAMA,RUA ALTO DO EUCALIPTO,RUA VASCO DA GAMA,PRÓX A BARRACA DE SEU AUCIDES E AO SUPERMERCADO RENDE MAIS.,VASCO DA GAMA,,COLISÃO LATERAL,1,0,0,0,0,1,0,0,0
477,202304852,2023-03-02 0:00:00,11:47:00,SEM VÍTIMA,FINALIZADA,ESTÂNCIA,AV RECIFE,AV JOAO CABRAL DE MELO NETO,EM FRENTE AO CERPE,ESTÂNCIA,CIDADE,COLISÃO TRASEIRA,2,0,0,0,0,0,0,0,0
478,202304861,2023-03-02 0:00:00,3:43:00,COM VÍTIMA,FINALIZADA,DERBY,AV GOVERNADOR AGAMENON MAGALHAES,RUA JOAQUIM NABUCO,AO LADO DO HOSPITAL RESTAURAÇÃO,DERBY,,ATROPELAMENTO DE PESSOA,0,1,0,1,0,0,0,1,0
479,202304862,2023-03-02 0:00:00,2:10:00,SEM VÍTIMA,FINALIZADA,BOA VIAGEM,AV CONSELHEIRO AGUIAR,,EM FRENTE A BIO MUNDO PRODUSTOS NATURAIS,BOA VIAGEM,,COLISÃO TRASEIRA,2,0,0,0,0,0,0,0,0
480,202304863,2023-03-02 0:00:00,2:20:00,COM VÍTIMA,FINALIZADA,BOA VIAGEM,RUA SA E SOUZA,,ENFRENTE A DROGASIL,BOA VIAGEM,,COLISÃO LATERAL,1,1,0,0,0,0,0,1,0
481,202304885,2023-03-02 0:00:00,9:41:00,SEM VÍTIMA,FINALIZADA,SAN MARTIN,AV GENERAL SAN MARTIN,,EM FRENTE AO QUARTEL DO REGIMENTO DE CAVALARIA DIAS CARDOSO,SAN MARTIN,,CHOQUE,0,0,0,0,0,2,0,0,0
482,202304886,2023-03-02 0:00:00,11:34:00,COM VÍTIMA,FINALIZADA,SANTO AMARO,AV DR JAYME DA FONTE,,EM FRENTE A ASSEMBLÉIA DE DEUS,SANTO AMARO,,ATROPELAMENTO DE PESSOA,0,1,0,1,0,0,0,1,0
483,202304887,2023-03-03 0:00:00,3:22:00,COM VÍTIMA,FINALIZADA,GRAÇAS,AV GOVERNADOR AGAMENON MAGALHAES,RUA DR BANDEIRA FILHO,MC DONALDS,GRAÇAS,,COLISÃO TRANSVERSAL,1,1,0,0,0,0,0,1,0
484,202304894,2023-03-03 0:00:00,7:11:00,COM VÍTIMA,FINALIZADA,DOIS IRMÃOS,RUA MANUEL DE MEDEIROS,,EM FRENTE A UFRPE E A COMPESA,DOIS IRMÃOS,,COLISÃO LATERAL,1,1,0,0,0,0,0,2,0
485,202304899,2023-03-03 0:00:00,7:49:00,COM VÍTIMA,FINALIZADA,JARDIM SÃO PAULO,RUA LEANDRO BARRETO,,ANTIGA ESCOLA MONTE LIBANO,JARDIM SÃO PAULO,,COLISÃO LATERAL,1,1,0,0,0,0,0,1,0
486,202304934,2023-03-03 0:00:00,12:33:00,COM VÍTIMA,FINALIZADA,CAXANGÁ,AV AFONSO OLINDENSE,,ENFRENTE AO POSTO DE GASOLINA,CAXANGÁ,,COLISÃO TRASEIRA,1,1,0,0,0,0,0,1,0
487,202304941,2023-03-03 0:00:00,1:34:00,COM VÍTIMA,FINALIZADA,IMBIRIBEIRA,RUA IZABEL DE SOUZA,,PROX AO BANCO ITAU,IMBIRIBEIRA,,COLISÃO LATERAL,1,1,0,0,0,0,0,1,0
488,202304950,2023-03-03 0:00:00,3:16:00,COM VÍTIMA,CANCELADA,AFOGADOS,RUA VINTE E UM DE ABRIL,RUA JOSE MIRANDA,PROX A TABACARIA 21 DE ABRIL,AFOGADOS,,COLISÃO LATERAL,1,1,0,0,0,0,0,1,0
489,202304951,2023-03-03 0:00:00,3:36:00,COM VÍTIMA,FINALIZADA,ZUMBI,RUA FREI TEOFILO DE VIRGOLETTA,RUA DR CARLOS ALVES,EM FRENTE AO Nº 346,ZUMBI,SUBURBIO,,2,0,0,0,0,0,0,1,0
490,202304982,2023-03-04 0:00:00,2:19:00,COM VÍTIMA,FINALIZADA,CAMPO GRANDE,RUA JERONIMO VILELA,,DEPOIS DO BAR DO ZÉ,CAMPO GRANDE,,COLISÃO TRANSVERSAL,1,1,0,0,0,0,0,2,0
491,202304985,2023-03-04 0:00:00,4:04:00,COM VÍTIMA,FINALIZADA,BARRO,AV DR JOSE RUFINO,,EM CIMA DO VIADUTO DO BARRO,BARRO,,COLISÃO TRANSVERSAL,1,1,0,0,0,0,0,1,0
492,202305006,2023-03-04 0:00:00,9:01:00,COM VÍTIMA,FINALIZADA,PINA,AV REPUBLICA DO LIBANO,,,PINA,,COLISÃO TRASEIRA,3,1,0,0,0,0,0,1,0
493,202305026,2023-03-04 0:00:00,12:45:00,COM VÍTIMA,FINALIZADA,SANTO AMARO,AV CRUZ CABUGA,RUA FREI CASSIMIRO,PROX AO PREDIO DA CASA DA INDUSTRIA,SANTO AMARO,,COLISÃO TRANSVERSAL,1,1,0,0,0,0,0,2,0
494,202305030,2023-03-04 0:00:00,1:21:00,COM VÍTIMA,FINALIZADA,CAMPO GRANDE,EST DE BELEM,,PROXIMO AO POSTO PETRONAK,CAMPO GRANDE,,COLISÃO FRONTAL,1,1,0,0,0,0,0,1,0
495,202305043,2023-03-04 0:00:00,5:40:00,SEM VÍTIMA,FINALIZADA,ALTO DO MANDU,RUA DA SUCUPIRA,,BAR AMARELINHO,ALTO DO MANDU,,COLISÃO TRASEIRA,2,0,0,0,0,0,0,0,0
496,202305050,2023-03-04 0:00:00,8:30:00,COM VÍTIMA,FINALIZADA,JOANA BEZERRA,AV BEIRA RIO,,EM FRENTE AO CAMPO,JOANA BEZERRA,,ATROPELAMENTO DE ANIMAL,0,0,0,0,0,0,0,1,0
497,202305054,2023-03-04 0:00:00,10:19:00,COM VÍTIMA,FINALIZADA,BOA VIAGEM,RUA BARAO DE SOUZA LEAO,,EM FRENTE AO BANCO DO BRASIL,BOA VIAGEM,,,0,1,0,1,0,0,0,1,0
498,202305081,2023-03-05 0:00:00,1:52:00,COM VÍTIMA,CANCELADA,ESTÂNCIA,AV DR JOSE RUFINO,,ENTRADA DE JARDIM UCHOA,ESTÂNCIA,,COLISÃO TRASEIRA,1,1,0,0,0,0,0,1,0
499,202305094,2023-03-05 0:00:00,4:15:00,COM VÍTIMA,FINALIZADA,PAISSANDU,AV GOVERNADOR AGAMENON MAGALHAES,,EM FRENTE AO HOSPITAL PORTUGUÊS,PAISSANDU,,ATROPELAMENTO DE PESSOA,1,0,0,1,0,0,0,1,0
500,202305107,2023-03-06 0:00:00,12:42:00,SEM VÍTIMA,CANCELADA,BOA VIAGEM,RUA JOAO CARDOSO AIRES,,COM A RUA SÁ E SOUZA,BOA VIAGEM,,CHOQUE,2,0,0,0,0,0,0,0,0
501,202305118,2023-03-06 0:00:00,10:06:00,COM VÍTIMA,FINALIZADA,BEBERIBE,AV BEBERIBE,,APOS BEBERIBE MOTO PEÇAS,BEBERIBE,,COLISÃO LATERAL,1,1,0,0,0,0,0,1,0
502,202305134,2023-03-06 0:00:00,4:35:00,COM VÍTIMA,FINALIZADA,SÃO JOSÉ,RUA PRIMEIRO DE MARCO,,NA ENTRADA DA PONTO QUE DÁ ACESSO AO MARCO ZERO,SÃO JOSÉ,,COLISÃO TRASEIRA,1,1,0,0,0,0,0,1,0