_id,Protocolo,data,hora,natureza,situacao,bairro,endereco,detalhe_endereco_acidente,complemento,bairro_cruzamento,sentido_via,tipo,auto,moto,ciclista,pedestre,onibus,caminhao,viatura,vitimas,vitimasfatais
503,202305135,2023-03-06 0:00:00,4:48:00,COM VÍTIMA,FINALIZADA,TAMARINEIRA,RUA CONEGO BARATA,AV NORTE MIGUEL ARRAES DE ALENCAR,AV. NORTE MIGUEL ARRAES DE ALENCAR,TAMARINEIRA,SUBURBIO,COLISÃO LATERAL,1,1,0,0,0,0,0,1,0
504,202305142,2023-03-06 0:00:00,7:52:00,COM VÍTIMA,FINALIZADA,CAMPO GRANDE,RUA FRANKLIN TAVORA,,"APÓS A PADARIA SANTO ANTONIO, PRIMEIRO SEMÁFORO A DIREITA",CAMPO GRANDE,,COLISÃO TRANSVERSAL,1,1,0,0,0,0,0,1,0
505,202305161,2023-03-07 0:00:00,7:09:00,COM VÍTIMA,FINALIZADA,VÁRZEA,RUA MARECHAL MANOEL LUIS OSORIO,,PRÓX. AO HAPVIDA,VÁRZEA,,COLISÃO LATERAL,1,1,0,0,0,0,0,1,0
506,202305196,2023-03-07 0:00:00,1:49:00,COM VÍTIMA,FINALIZADA,IPSEP,RUA BLUMENAU,RUA SAO COSME E DAMIAO,PROX A FARMACIA SANTA LUZIA,IPSEP,,COLISÃO LATERAL,1,1,0,0,0,0,0,1,0
507,202305202,2023-03-07 0:00:00,3:03:00,COM VÍTIMA,FINALIZADA,IPSEP,RUA JEAN EMILE FAVRE,,EM FRENTE AO RESTURANTE KI SABOR,IPSEP,,COLISÃO FRONTAL,1,1,0,0,0,0,0,2,0
508,202305206,2023-03-07 0:00:00,3:53:00,COM VÍTIMA,FINALIZADA,BOA VISTA,RUA DOM BOSCO,AV GOVERNADOR CARLOS DE LIMA CAVALCANTI,PROX AO SEMÁFORO 027,BOA VISTA,SUBURBIO,COLISÃO LATERAL,1,1,0,0,0,0,0,1,0
509,202305232,2023-03-07 0:00:00,8:43:00,COM VÍTIMA,FINALIZADA,SÃO JOSÉ,AV DANTAS BARRETO,,COM A RUA SÃO JOÃO,SÃO JOSÉ,,COLISÃO LATERAL,1,1,0,0,0,0,0,1,0
510,202305238,2023-03-08 0:00:00,7:12:00,COM VÍTIMA,FINALIZADA,TORRE,RUA REAL DA TORRE,RUA VISCONDE DE ITAPARICA,EM FRENTE A ESCOLA DESPERTAR,TORRE,,COLISÃO FRONTAL,1,1,0,0,0,0,0,1,0
511,202305246,2023-03-08 0:00:00,8:02:00,COM VÍTIMA,FINALIZADA,IBURA,RUA DR OTAVIO DE MORAES VASCONCELOS,RUA VALE DO ITAJAI,EM FRENTE AO BRASIL GÁS,IBURA,,QUEDA,0,1,0,0,0,0,0,1,0
512,202305250,2023-03-08 0:00:00,8:45:00,SEM VÍTIMA,FINALIZADA,BAIRRO DO RECIFE,AV MILITAR,,POSTE Nº B 018848,BAIRRO DO RECIFE,CIDADE,CHOQUE,1,0,0,0,0,0,0,0,0
513,202305263,2023-03-08 0:00:00,10:13:00,COM VÍTIMA,FINALIZADA,MADALENA,RUA JOSE OSORIO,,EM FRENTE A LOJA DE CARRO TEXEIRA PRIME,MADALENA,SUBURBIO,COLISÃO FRONTAL,1,1,0,0,0,0,0,1,0
514,202305280,2023-03-08 0:00:00,11:12:00,COM VÍTIMA,FINALIZADA,MADALENA,AV ENGENHEIRO ABDIAS DE CARVALHO,RUA SENADOR FABIO DE BARROS,EM FRENTE AO POSTO EXTRA,MADALENA,SUBURBIO,COLISÃO LATERAL,1,1,0,0,0,0,0,1,0
515,202305283,2023-03-08 0:00:00,11:31:00,COM VÍTIMA,FINALIZADA,BOA VISTA,PRC MACIEL PINHEIRO,,"PRAÇA MACIEL PINHEIRO, HOTEL AMERICA",BOA VISTA,SUBURBIO,COLISÃO LATERAL,1,1,0,0,0,0,0,1,0
516,202305284,2023-03-08 0:00:00,11:31:00,COM VÍTIMA,FINALIZADA,SÃO JOSÉ,AV ENGENHEIRO JOSE ESTELITA,,MIRANTE DO CAIS,SÃO JOSÉ,CIDADE,COLISÃO TRASEIRA,2,0,0,0,0,0,1,1,0
517,202305285,2023-03-08 0:00:00,11:31:00,COM VÍTIMA,FINALIZADA,SÃO JOSÉ,C SANTA RITA,,EM FRENTE AO NOVO HOTEL,SÃO JOSÉ,CIDADE,QUEDA,0,1,0,0,0,0,0,1,0
518,202305293,2023-03-08 0:00:00,12:24:00,SEM VÍTIMA,FINALIZADA,BOA VISTA,AV CONDE DA BOA VISTA,,EM FRENTE AO EDIFÍCIO IOBI,BOA VISTA,SUBURBIO,,2,0,0,0,0,0,0,0,0
519,202305294,2023-03-08 0:00:00,12:24:00,COM VÍTIMA,FINALIZADA,CAMPO GRANDE,RUA MARQUES DE ABRANTES,RUA VOLUNTARIOS DA PATRIA,PROX AO RESTAURANTE SKILLUS,CAMPO GRANDE,,COLISÃO LATERAL,1,1,0,0,0,0,0,1,0
520,202305296,2023-03-08 0:00:00,12:58:00,COM VÍTIMA,FINALIZADA,IMBIRIBEIRA,AV MARECHAL MASCARENHAS DE MORAES,,EM FRENTE À FERREIRA COSTA,IMBIRIBEIRA,SUBURBIO,COLISÃO LATERAL,2,1,0,0,0,0,0,1,0
521,202305297,2023-03-08 0:00:00,1:02:00,COM VÍTIMA,FINALIZADA,SANTO AMARO,AV GOVERNADOR AGAMENON MAGALHAES,RUA QUARENTA E OITO,EMBAIXO DO VIADUTO  DA JOAO DE BARROS  S/T RECIFE,SANTO AMARO,CIDADE,QUEDA,0,1,0,0,0,0,0,1,0
522,202305300,2023-03-08 0:00:00,1:23:00,COM VÍTIMA,FINALIZADA,SANTO AMARO,RUA ARNOBIO MARQUES,,EM FRENTE AO HOSPITAL OSWALDO CRUZ,SANTO AMARO,,COLISÃO LATERAL,1,1,0,0,0,0,0,1,0
523,202305301,2023-03-08 0:00:00,1:34:00,COM VÍTIMA,FINALIZADA,AFOGADOS,RUA COSME VIANA,RUA TRES DE AGOSTO,NO SEMÁFOR 525,AFOGADOS,SUBURBIO,ATROPELAMENTO DE PESSOA,2,0,0,1,0,0,0,2,0
524,202305302,2023-03-08 0:00:00,1:38:00,SEM VÍTIMA,FINALIZADA,BOA VISTA,AV GOVERNADOR AGAMENON MAGALHAES,RUA GENERAL JOAQUIM INACIO,EM FRENTE AO ITAÚ,BOA VISTA,CIDADE,COLISÃO TRASEIRA,1,0,0,0,0,0,1,0,0
525,202305316,2023-03-08 0:00:00,3:11:00,COM VÍTIMA,FINALIZADA,PARNAMIRIM,RUA PADRE ROMA,,E/F AO BAR FAACA,PARNAMIRIM,SUBURBIO,COLISÃO COM CICLISTA,1,0,1,0,0,0,0,1,0
526,202305332,2023-03-08 0:00:00,6:21:00,COM VÍTIMA,FINALIZADA,AFOGADOS,RUA SAO MIGUEL,RUA ALEXANDRE RODRIGUES FERREIRA,ENFRENTE A CASA FÚNERARIA SÃO MIGEUL,AFOGADOS,SUBURBIO,COLISÃO TRASEIRA,1,1,0,0,0,0,0,2,0
527,202305338,2023-03-08 0:00:00,7:40:00,COM VÍTIMA,FINALIZADA,BOA VISTA,AV VISCONDE DE SUASSUNA,RUA BISPO CARDOSO AYRES,LINS ADVOCACIA,BOA VISTA,SUBURBIO,ATROPELAMENTO DE PESSOA,1,0,0,1,0,0,0,1,0
528,202305348,2023-03-09 0:00:00,5:31:00,COM VÍTIMA,FINALIZADA,ARRUDA,RUA DO MACHADO,,PRÓXIMO AO CLUBE DOS IRRESPONSÁVEIS,ARRUDA,CIDADE,COLISÃO LATERAL,2,0,0,0,0,0,0,1,0
529,202305351,2023-03-09 0:00:00,6:35:00,COM VÍTIMA,FINALIZADA,IPSEP,AV RECIFE,AV SENADOR ROBERT KENNEDY,"NO SEMAFORO 319,",IPSEP,CIDADE,COLISÃO TRASEIRA,3,0,0,0,0,0,0,1,0
530,202305366,2023-03-09 0:00:00,8:15:00,COM VÍTIMA,FINALIZADA,TAMARINEIRA,AV NORTE MIGUEL ARRAES DE ALENCAR,,PRÓX. AO NEXOS HOTEL,TAMARINEIRA,,ATROPELAMENTO DE PESSOA,0,1,0,1,0,0,0,2,0
531,202305375,2023-03-09 0:00:00,9:46:00,COM VÍTIMA,FINALIZADA,IPUTINGA,AV ENGENHEIRO ABDIAS DE CARVALHO,,EM FRENTE AO NUMERO 807,IPUTINGA,,COLISÃO TRASEIRA,1,1,0,0,0,0,0,1,0
532,202305381,2023-03-09 0:00:00,10:44:00,COM VÍTIMA,FINALIZADA,CABANGA,RUA BITURI,RUA BUJARI,PROX. A COMPESA,CABANGA,SUBURBIO,COLISÃO LATERAL,0,1,0,0,0,1,0,1,0
533,202305385,2023-03-09 0:00:00,11:55:00,COM VÍTIMA,CANCELADA,CORDEIRO,AV GENERAL SAN MARTIN,,EM FRENTE A FARMACIA PAGUE MENOS,CORDEIRO,,COLISÃO TRASEIRA,2,0,0,0,0,0,0,1,0
534,202305398,2023-03-09 0:00:00,3:17:00,COM VÍTIMA,FINALIZADA,CORDEIRO,AV GENERAL SAN MARTIN,,COMPAZ ARIANO SUASSUNA,CORDEIRO,,COLISÃO LATERAL,1,1,0,0,0,0,0,1,0
535,202305460,2023-03-10 0:00:00,9:17:00,COM VÍTIMA,FINALIZADA,SANTO AMARO,AV CRUZ CABUGA,RUA LEAO FALCAO,EM FRENTE AO HOSPITAL NAVAL,SANTO AMARO,SUBURBIO,COLISÃO LATERAL,1,1,0,0,0,0,0,2,0
536,202305473,2023-03-10 0:00:00,10:26:00,COM VÍTIMA,FINALIZADA,ÁGUA FRIA,AV BEBERIBE,RUA ZEFERINO AGRA,PROX. AO MAGAZINE LUIZA,ÁGUA FRIA,CIDADE,COLISÃO LATERAL,1,1,0,0,0,0,0,2,0
537,202305476,2023-03-10 0:00:00,11:00:00,COM VÍTIMA,FINALIZADA,IBURA,AV DOIS RIOS,,PRÓX AO SESI,IBURA,SUBURBIO,COLISÃO FRONTAL,1,1,0,0,0,0,0,2,0
538,202305515,2023-03-10 0:00:00,5:39:00,COM VÍTIMA,FINALIZADA,AFOGADOS,RUA SAO MIGUEL,,CHURRASCARIA CHARQUE NA BRASA,AFOGADOS,CIDADE,COLISÃO LATERAL,0,2,0,0,0,0,0,1,0
539,202305519,2023-03-10 0:00:00,6:45:00,SEM VÍTIMA,CANCELADA,CAMPO GRANDE,RUA FRANKLIN TAVORA,,COLÉGIO SABER,CAMPO GRANDE,,COLISÃO FRONTAL,2,0,0,0,0,0,0,0,0
540,202305532,2023-03-10 0:00:00,10:51:00,SEM VÍTIMA,FINALIZADA,DERBY,AV GOVERNADOR AGAMENON MAGALHAES,,EM FRENTE AO EMPRESARIAL RENATO DIAS,DERBY,SUBURBIO,,2,0,0,0,0,0,0,0,0
541,202305544,2023-03-11 0:00:00,7:34:00,SEM VÍTIMA,FINALIZADA,PINA,AV ENGENHEIRO DOMINGOS FERREIRA,,EM FRENTE AO POSTO PETRONAC,PINA,,COLISÃO TRASEIRA,2,0,0,0,0,0,0,0,0
542,202305549,2023-03-11 0:00:00,8:46:00,COM VÍTIMA,FINALIZADA,ENCRUZILHADA,AV BEBERIBE,RUA PROFESSOR JERONIMO GUEIROS,EM FRENTE A COOPERATIVA ALIANÇA,ENCRUZILHADA,SUBURBIO,COLISÃO FRONTAL,2,1,0,0,0,0,0,1,0
543,202305561,2023-03-11 0:00:00,10:21:00,COM VÍTIMA,FINALIZADA,CASA AMARELA,RUA PADRE LEMOS,AV PEDRO ALLAIN,EM FRENTE A CASAPIO,CASA AMARELA,,COLISÃO LATERAL,0,1,0,0,0,1,0,1,0
544,202305572,2023-03-11 0:00:00,12:06:00,SEM VÍTIMA,FINALIZADA,ÁGUA FRIA,EST VELHA DE AGUA FRIA,,APÓS MILENA MÓVEIS E ELETRO,ÁGUA FRIA,,COLISÃO TRASEIRA,1,0,0,0,0,2,0,0,0
545,202305617,2023-03-11 0:00:00,7:35:00,SEM VÍTIMA,CANCELADA,CORDEIRO,AV CAXANGA,,EM FRENTE AO PARQUE DE EXPOSIÇÕES DE ANIMAIS DO CORDEIRO,CORDEIRO,CIDADE,COLISÃO TRASEIRA,2,0,0,0,0,0,0,0,0
546,202305618,2023-03-11 0:00:00,8:39:00,COM VÍTIMA,CANCELADA,TORRÕES,AV ENGENHEIRO ABDIAS DE CARVALHO,,EM FRENTE A UPA DOS TORRÕES,TORRÕES,CIDADE,COLISÃO TRASEIRA,1,1,0,0,0,0,0,2,0
547,202305619,2023-03-11 0:00:00,8:46:00,COM VÍTIMA,FINALIZADA,IBURA,AV DOIS RIOS,,PROXIMO A POLICLINICA ARNALDO MARQUES,IBURA,SUBURBIO,COLISÃO FRONTAL,1,1,0,0,0,0,0,1,0
548,202305624,2023-03-12 0:00:00,2:06:00,SEM VÍTIMA,FINALIZADA,AFOGADOS,RUA JOAO IVO DA SILVA,,EM FRENTE FIAT FIORI,AFOGADOS,SUBURBIO,,1,0,0,0,0,1,0,0,0
549,202305662,2023-03-12 0:00:00,1:17:00,SEM VÍTIMA,CANCELADA,SÃO JOSÉ,RUA IMPERIAL,,EMBAIXO DO VIADUTO DO METRO DE AFOGADOS,SÃO JOSÉ,,COLISÃO TRASEIRA,1,0,0,0,0,0,1,0,0
550,202305717,2023-03-13 0:00:00,11:44:00,COM VÍTIMA,FINALIZADA,ESPINHEIRO,AV NORTE MIGUEL ARRAES DE ALENCAR,,FREITOS MOTOPEÇAS,ESPINHEIRO,CIDADE,COLISÃO LATERAL,1,1,0,0,0,0,0,1,0
551,202305721,2023-03-13 0:00:00,12:44:00,COM VÍTIMA,FINALIZADA,BOA VIAGEM,RUA FELIX DE BRITO E MELO,,APOS O BIG BOMPREÇO,BOA VIAGEM,CIDADE,COLISÃO COM CICLISTA,1,0,1,0,0,0,0,1,0
552,202305735,2023-03-13 0:00:00,5:31:00,COM VÍTIMA,FINALIZADA,BARRO,AV DR JOSE RUFINO,RUA LUIZ SOARES,E/F AO MIRANTE DO RECIFE,BARRO,SUBURBIO,COLISÃO LATERAL,1,1,0,0,0,0,0,2,0
553,202305738,2023-03-13 0:00:00,6:09:00,COM VÍTIMA,FINALIZADA,SANTO ANTÔNIO,PRC DA REPUBLICA,,,SANTO ANTÔNIO,,COLISÃO LATERAL,1,1,0,0,0,0,0,1,0
554,202305750,2023-03-13 0:00:00,9:42:00,SEM VÍTIMA,CANCELADA,IPUTINGA,RUA SAO MATEUS,,COM A RUA CESSÁRIO CAMPELO,IPUTINGA,,COLISÃO LATERAL,1,1,0,0,0,0,0,0,0
555,202305766,2023-03-14 0:00:00,7:32:00,COM VÍTIMA,FINALIZADA,BOA VIAGEM,RUA PADRE CABRAL,RUA JOSE DOMINGUES DA SILVA,AO LADO DO EDIFICIO BARCELONA,BOA VIAGEM,SUBURBIO,COLISÃO LATERAL,1,1,0,0,0,0,0,1,0
556,202305777,2023-03-14 0:00:00,8:33:00,COM VÍTIMA,FINALIZADA,AFOGADOS,RUA NICOLAU PEREIRA,RUA DA PAZ,PRÓX. À SUCATA DO AZULEJO,AFOGADOS,,COLISÃO LATERAL,1,1,0,0,0,0,0,1,0
557,202305782,2023-03-14 0:00:00,9:01:00,COM VÍTIMA,FINALIZADA,IMBIRIBEIRA,RUA ARQUITETO LUIZ NUNES,,NO FINAL DA PONTE GILBERTO FREIRES,IMBIRIBEIRA,CIDADE,QUEDA,0,0,1,0,0,0,0,1,0
558,202305794,2023-03-14 0:00:00,10:50:00,COM VÍTIMA,FINALIZADA,PINA,AV CONSELHEIRO AGUIAR,,HOTEL MALIBU,PINA,CIDADE,COLISÃO LATERAL,1,1,0,0,0,0,0,1,0
559,202305812,2023-03-14 0:00:00,12:49:00,COM VÍTIMA,FINALIZADA,FUNDÃO,AV BEBERIBE,RUA SAO JOAQUIM DO MONTE,EM FRENTE AO PRESSÃO MIX BAR,FUNDÃO,SUBURBIO,COLISÃO LATERAL,1,1,0,0,0,0,0,1,0
560,202305820,2023-03-14 0:00:00,1:59:00,COM VÍTIMA,CANCELADA,CASA AMARELA,RUA DA HARMONIA,,PROX A ESCOLA VILA SÉZAMO,CASA AMARELA,,COLISÃO COM CICLISTA,1,0,1,0,0,0,0,1,0
561,202305822,2023-03-14 0:00:00,2:19:00,SEM VÍTIMA,FINALIZADA,SANTO AMARO,AV NORTE MIGUEL ARRAES DE ALENCAR,AV CRUZ CABUGA,AV.  CRUZ CABUGÁ,SANTO AMARO,CIDADE,COLISÃO TRASEIRA,2,0,0,0,0,0,0,0,0
562,202305823,2023-03-14 0:00:00,2:28:00,COM VÍTIMA,FINALIZADA,SÃO JOSÉ,RUA SAO JOAO,RUA VIDAL DE NEGREIROS,EM FRENTE A PRAÇA DAS CINCO PONTAS,SÃO JOSÉ,CIDADE,COLISÃO LATERAL,1,1,0,0,0,0,0,1,0
563,202305834,2023-03-14 0:00:00,4:45:00,SEM VÍTIMA,FINALIZADA,IMBIRIBEIRA,RUA DR TAVARES CORREIA,RUA JOAQUIM PESSOA,PRÓXIMO À MARCOPOLO,IMBIRIBEIRA,SUBURBIO,,2,0,0,0,0,0,0,0,0
564,202305838,2023-03-14 0:00:00,5:20:00,COM VÍTIMA,FINALIZADA,SÃO JOSÉ,C SANTA RITA,,SOB O SEMÁFORO 076,SÃO JOSÉ,,COLISÃO LATERAL,1,1,0,0,0,0,0,1,0
565,202305843,2023-03-14 0:00:00,7:23:00,COM VÍTIMA,FINALIZADA,ENCRUZILHADA,AV BEBERIBE,RUA PROFESSOR JERONIMO GUEIROS,EM FRENTE AO BANCO DO BRASIL,ENCRUZILHADA,SUBURBIO,COLISÃO FRONTAL,1,1,0,0,0,0,0,1,0
566,202305847,2023-03-14 0:00:00,9:09:00,SEM VÍTIMA,FINALIZADA,ARRUDA,AV BEBERIBE,,EM FRENTE AO 433,ARRUDA,SUBURBIO,COLISÃO TRASEIRA,1,1,0,0,0,0,0,0,0
567,202305849,2023-03-15 0:00:00,4:21:00,SEM VÍTIMA,FINALIZADA,ENGENHO DO MEIO,RUA LINDOLFO COLOR,RUA ANTONIO CURADO,,ENGENHO DO MEIO,SUBURBIO,CHOQUE,1,0,0,0,0,0,0,0,0
568,202305863,2023-03-15 0:00:00,7:59:00,COM VÍTIMA,FINALIZADA,IMBIRIBEIRA,AV MARECHAL MASCARENHAS DE MORAES,,EM FRENTE A HONDA,IMBIRIBEIRA,CIDADE,QUEDA,0,1,0,0,0,0,0,1,0
569,202305880,2023-03-15 0:00:00,10:16:00,COM VÍTIMA,FINALIZADA,CASA AMARELA,AV NORTE MIGUEL ARRAES DE ALENCAR,,AV PROF JOSÉ DOS ANJOS,CASA AMARELA,,QUEDA,0,1,0,0,0,0,0,1,0
570,202305883,2023-03-09 0:00:00,9:37:00,COM VÍTIMA,FINALIZADA,IPSEP,RUA SAO NICOLAU,RUA ABDIAS CABRAL DE MOURA,CRUZAMANTO,IPSEP,,COLISÃO COM CICLISTA,1,0,1,0,0,0,0,1,0
571,202305889,2023-03-15 0:00:00,11:26:00,COM VÍTIMA,FINALIZADA,ENCRUZILHADA,AV BEBERIBE,RUA DA CORAGEM,NO SEMAFORO 186,ENCRUZILHADA,,COLISÃO FRONTAL,1,2,0,0,0,0,0,1,0
572,202305899,2023-03-15 0:00:00,1:41:00,COM VÍTIMA,FINALIZADA,SAN MARTIN,RUA VINTE E UM DE ABRIL,RUA ARSENIO CALACA,PROX AO BPTRAN,SAN MARTIN,CIDADE,COLISÃO TRASEIRA,1,1,0,0,0,0,0,1,0
573,202305905,2023-03-15 0:00:00,3:10:00,COM VÍTIMA,FINALIZADA,BOMBA DO HEMETÉRIO,RUA ITABIRA,,UPA EDUARDO CAMPOS,BOMBA DO HEMETÉRIO,,COLISÃO LATERAL,1,1,0,0,0,0,0,1,0
574,202305915,2023-03-15 0:00:00,5:10:00,COM VÍTIMA,FINALIZADA,LINHA DO TIRO,RUA URIEL DE HOLANDA,,PRÓXIMO AO CAMPO DO CAFÉ,LINHA DO TIRO,CIDADE,COLISÃO FRONTAL,1,1,0,0,0,0,1,1,0
575,202305930,2023-03-15 0:00:00,7:40:00,SEM VÍTIMA,CANCELADA,CIDADE UNIVERSITÁRIA,RUA EMILIANO BRAGA,,COM A RUA CHAVES BATISTA,CIDADE UNIVERSITÁRIA,,COLISÃO LATERAL,1,0,0,0,0,1,0,0,0
576,202305955,2023-03-16 0:00:00,8:52:00,COM VÍTIMA,FINALIZADA,IPSEP,AV RECIFE,,AO LADO DO MURO DO AEROPORTO / PROX AO SEMÁFORO 130,IPSEP,CIDADE,COLISÃO TRASEIRA,1,1,0,0,0,0,0,1,0
577,202305957,2023-03-16 0:00:00,9:02:00,SEM VÍTIMA,CANCELADA,TAMARINEIRA,RUA CONEGO BARATA,,EM FRENTE A FERREIRA COSTA,TAMARINEIRA,,COLISÃO TRASEIRA,2,0,0,0,0,0,0,0,0
578,202305967,2023-03-16 0:00:00,10:44:00,COM VÍTIMA,FINALIZADA,SÃO JOSÉ,VDO DAS CINCO PONTAS,,SENT. CIDADE,SÃO JOSÉ,,QUEDA,0,1,0,0,0,0,0,1,0
579,202305969,2023-03-16 0:00:00,10:45:00,COM VÍTIMA,FINALIZADA,FUNDÃO,RUA DO MACHADO,,PROX A MARCENARIA PINOS TUDO,FUNDÃO,,COLISÃO LATERAL,1,0,0,0,0,0,0,1,0
580,202305972,2023-03-16 0:00:00,10:56:00,COM VÍTIMA,FINALIZADA,MACAXEIRA,AV NORTE MIGUEL ARRAES DE ALENCAR,,"VERIFICADO ÓLEO NA VIA NO SENTIDO CIDADE, CAUSANDO  RISCO DE ACIDENTE NO  LOCAL .  NECESSÁRIO PÓ DE SERRA. NA FRENTE DO PARQUE DA MACAXEIRA.",MACAXEIRA,CIDADE,TOMBAMENTO,0,1,0,0,0,0,0,1,0
581,202305974,2023-03-16 0:00:00,10:58:00,COM VÍTIMA,FINALIZADA,ILHA DO LEITE,AV GOVERNADOR AGAMENON MAGALHAES,,EM FRENTE AO HOSPITAL PORTUGUES,ILHA DO LEITE,,QUEDA,0,1,0,0,0,0,0,1,0
582,202305976,2023-03-16 0:00:00,11:14:00,COM VÍTIMA,FINALIZADA,IPUTINGA,AV MAURICIO DE NASSAU,,PROX AO VIADUTO DA CAXANGA,IPUTINGA,,COLISÃO LATERAL,1,1,0,0,0,0,0,1,0
583,202305987,2023-03-16 0:00:00,11:54:00,COM VÍTIMA,FINALIZADA,IMBIRIBEIRA,AV MARECHAL MASCARENHAS DE MORAES,,NO SEMAFORO 396,IMBIRIBEIRA,SUBURBIO,COLISÃO TRASEIRA,1,1,0,0,0,0,0,1,0
584,202305993,2023-03-16 0:00:00,1:11:00,COM VÍTIMA,FINALIZADA,VÁRZEA,AV CAXANGA,,,VÁRZEA,,QUEDA,0,1,0,0,0,0,0,1,0
585,202305994,2023-03-16 0:00:00,1:11:00,COM VÍTIMA,FINALIZADA,VÁRZEA,AV CAXANGA,,,VÁRZEA,,QUEDA,0,1,0,0,0,0,0,1,0
586,202305997,2023-03-16 0:00:00,1:25:00,COM VÍTIMA,FINALIZADA,ESTÂNCIA,AV RECIFE,,LADO OPOSTO AO ANTIGO MAKRO/ SENTIDO BR,ESTÂNCIA,,COLISÃO TRASEIRA,2,1,0,0,0,0,0,1,0
587,202306002,2023-03-16 0:00:00,3:41:00,SEM VÍTIMA,CANCELADA,TORREÃO,RUA DJALMA FARIAS,,ACADEMIA DA CIDADE,TORREÃO,,COLISÃO LATERAL,1,0,0,0,0,0,1,0,0
588,202306006,2023-03-16 0:00:00,4:39:00,SEM VÍTIMA,FINALIZADA,SANTO AMARO,RUA DR CARLOS CHAGAS,RUA ALUISIO DE AZEVEDO,EM FRENTE AO COLÉGIO ÚNICO,SANTO AMARO,,,2,0,0,0,0,0,0,0,0
589,202306034,2023-03-17 0:00:00,8:30:00,COM VÍTIMA,FINALIZADA,CAMPO GRANDE,RUA DJALMA FARIAS,RUA PADRE MIGUELINHO,PROX. A IGREJA ASSEMBLEIA DE DEUS,CAMPO GRANDE,,COLISÃO LATERAL,1,1,0,0,0,0,0,1,0
590,202306041,2023-03-17 0:00:00,9:26:00,COM VÍTIMA,FINALIZADA,IMBIRIBEIRA,AV MARECHAL MASCARENHAS DE MORAES,,EM FRENTE AO ARMAZÉM CORAL,IMBIRIBEIRA,SUBURBIO,COLISÃO LATERAL,1,1,0,0,0,0,0,1,0
591,202306075,2023-03-17 0:00:00,2:28:00,COM VÍTIMA,FINALIZADA,AFLITOS,AV CONS ROSA E SILVA,,AO LADO DA HABIB`S,AFLITOS,SUBURBIO,COLISÃO TRASEIRA,1,1,0,0,0,0,0,1,0
592,202306137,2023-03-18 0:00:00,11:41:00,COM VÍTIMA,FINALIZADA,PINA,RUA VERA CRUZ,RUA JEMIL ASFORA,EM FRENTE AO MERCADINHO BEIRA RIO,PINA,,COLISÃO LATERAL,0,1,0,0,0,1,0,1,0
593,202306141,2023-03-18 0:00:00,12:46:00,COM VÍTIMA,FINALIZADA,SÃO JOSÉ,PRC DAS CINCO PONTAS,RUA SAO JOAO,AO LADO DO FORTE DAS CINCO PONTAS S/T  IMPERIAL  NO SEMAFORO 199,SÃO JOSÉ,SUBURBIO,COLISÃO FRONTAL,1,1,0,0,0,0,0,1,0
594,202306158,2023-03-18 0:00:00,4:11:00,SEM VÍTIMA,FINALIZADA,IMBIRIBEIRA,AV MARECHAL MASCARENHAS DE MORAES,,E/F ALUMI AÇO  S/T CID,IMBIRIBEIRA,,COLISÃO TRASEIRA,2,0,0,0,0,0,0,0,0
595,202306162,2023-03-18 0:00:00,5:22:00,COM VÍTIMA,FINALIZADA,IPUTINGA,EST DO BARBALHO,,AO LADO DO DETRAN,IPUTINGA,,COLISÃO TRASEIRA,1,1,0,0,0,0,0,1,0
596,202306174,2023-03-18 0:00:00,11:31:00,COM VÍTIMA,FINALIZADA,AREIAS,AV DR JOSE RUFINO,,AO LADO DO SENAI,AREIAS,CIDADE,COLISÃO TRASEIRA,1,1,0,0,0,0,0,1,0
597,202306178,2023-03-19 0:00:00,3:26:00,COM VÍTIMA,FINALIZADA,JIQUIÁ,RUA SAO MIGUEL,,POSTO PETROISA E POSTO IPIRANGA,JIQUIÁ,,CHOQUE,1,0,0,0,1,0,0,1,0
598,202306189,2023-03-19 0:00:00,7:34:00,COM VÍTIMA,FINALIZADA,PRADO,AV ENGENHEIRO ABDIAS DE CARVALHO,RUA SANTA EDWIRGES,EM FRENTE AO ENGEFRIO,PRADO,SUBURBIO,COLISÃO FRONTAL,1,1,0,0,0,0,0,1,0
599,202306212,2023-03-19 0:00:00,2:22:00,COM VÍTIMA,FINALIZADA,AREIAS,AV RECIFE,,EM FRENTE À CHURRASCARIA PAJUÇARA,AREIAS,,COLISÃO LATERAL,1,1,0,0,0,0,0,1,0
600,202306231,2023-03-20 0:00:00,7:15:00,COM VÍTIMA,FINALIZADA,CAXANGÁ,AV CAXANGA,,PROXIMIDADES DA FACULDADE SANTA HELENA,CAXANGÁ,CIDADE,COLISÃO TRASEIRA,1,1,0,0,0,0,0,1,0
601,202306241,2023-03-20 0:00:00,8:18:00,COM VÍTIMA,FINALIZADA,PRADO,AV ENGENHEIRO ABDIAS DE CARVALHO,,EM FRENTE AO COMPAZ,PRADO,CIDADE,COLISÃO TRASEIRA,1,1,0,0,0,0,0,1,0
602,202306243,2023-03-20 0:00:00,8:47:00,COM VÍTIMA,CANCELADA,BOA VIAGEM,AV BOA VIAGEM,,REF: PARQUE DONA LLINDÚ,BOA VIAGEM,,COLISÃO TRASEIRA,3,1,0,0,0,0,0,1,0
603,202306256,2023-03-20 0:00:00,5:27:00,COM VÍTIMA,FINALIZADA,CAXANGÁ,AV CAXANGA,,AO LADO DO CAXANGÁ GOLF CLUB,CAXANGÁ,,QUEDA,0,1,0,0,0,0,0,1,0