_id,Protocolo,data,hora,natureza,situacao,bairro,endereco,detalhe_endereco_acidente,complemento,bairro_cruzamento,sentido_via,tipo,auto,moto,ciclista,pedestre,onibus,caminhao,viatura,vitimas,vitimasfatais
604,202306257,2023-03-20 0:00:00,5:35:00,COM VÍTIMA,FINALIZADA,PINA,RUA MANOEL DE BRITO,,NA RUA DO HOTEL CORPOS,PINA,,COLISÃO LATERAL,1,1,0,0,0,0,0,2,0
605,202306262,2023-03-20 0:00:00,7:52:00,COM VÍTIMA,FINALIZADA,IBURA,AV DOIS RIOS,,PRÓXIMO A CLINICA LP SAÚDE,IBURA,SUBURBIO,COLISÃO LATERAL,1,1,0,0,0,0,0,1,0
606,202306263,2023-03-20 0:00:00,8:08:00,COM VÍTIMA,FINALIZADA,PINA,AV HERCULANO BANDEIRA,,FINAL DA PONTE E INICIO DA HERCULANO BANDEIRA,PINA,SUBURBIO,COLISÃO TRASEIRA,1,1,0,0,0,0,0,1,0
607,202306265,2023-03-20 0:00:00,10:32:00,SEM VÍTIMA,FINALIZADA,GRAÇAS,RUA JOAQUIM NABUCO,,AO LADO DO HOSPITAL DA RESTAURAÇÃO,GRAÇAS,,,1,0,0,0,0,1,0,0,0
608,202306266,2023-03-20 0:00:00,10:51:00,COM VÍTIMA,FINALIZADA,CABANGA,AV ENGENHEIRO JOSE ESTELITA,,PRÓXIMO AOS PREDIOS DA MOURA DOUBEX,CABANGA,SUBURBIO,CHOQUE,0,1,0,0,0,0,0,1,0
609,202306278,2023-03-21 0:00:00,7:08:00,COM VÍTIMA,CANCELADA,DERBY,PRC DO DERBY,,EM FRENTE AO JOSE ROCHA DE SA DIAGNOSTICO,DERBY,,QUEDA,0,1,0,0,0,0,0,1,0
610,202306282,2023-03-21 0:00:00,7:59:00,COM VÍTIMA,FINALIZADA,SANTO AMARO,AV NORTE MIGUEL ARRAES DE ALENCAR,,PONTE DO LIMOEIRO,SANTO AMARO,,QUEDA,0,1,0,0,0,0,0,1,0
611,202306284,2023-03-21 0:00:00,8:42:00,COM VÍTIMA,FINALIZADA,IPUTINGA,AV CAXANGA,AV AFONSO OLINDENSE,PRÓX A UPA,IPUTINGA,,COLISÃO FRONTAL,0,2,0,0,0,0,0,1,0
612,202306321,2023-03-21 0:00:00,1:00:00,COM VÍTIMA,CANCELADA,BEBERIBE,PRC DA CONVENCAO,,EM FRENTE A DROGASIL,BEBERIBE,,COLISÃO TRASEIRA,0,1,0,0,0,0,0,1,0
613,202306323,2023-03-21 0:00:00,1:19:00,COM VÍTIMA,FINALIZADA,IMBIRIBEIRA,PRC MINISTRO SALGADO FILHO,,EM FRENTE A O AEROPORTO,IMBIRIBEIRA,SUBURBIO,COLISÃO TRASEIRA,1,1,0,0,0,0,0,1,0
614,202306352,2023-03-21 0:00:00,7:36:00,COM VÍTIMA,FINALIZADA,VASCO DA GAMA,AV NORTE MIGUEL ARRAES DE ALENCAR,,EM  FRENTE AO POSTO BR,VASCO DA GAMA,CIDADE,ATROPELAMENTO DE PESSOA,1,0,0,1,0,0,0,1,0
615,202306374,2023-03-22 0:00:00,9:42:00,SEM VÍTIMA,FINALIZADA,PARNAMIRIM,AV DEZESSETE DE AGOSTO,,ENFRENTE AO EMPRESERIAL CENTRU,PARNAMIRIM,SUBURBIO,COLISÃO TRANSVERSAL,2,0,0,0,0,0,0,0,0
616,202306375,2023-03-22 0:00:00,9:43:00,COM VÍTIMA,FINALIZADA,IPSEP,AV RECIFE,,PRÓX. À JJK AUTOS,IPSEP,,COLISÃO TRASEIRA,1,1,0,0,0,0,0,1,0
617,202306399,2023-03-22 0:00:00,2:59:00,COM VÍTIMA,FINALIZADA,IMBIRIBEIRA,AV MARECHAL MASCARENHAS DE MORAES,RUA OLIVIA MENELAU,LADO OPOSTO À LOJA GRILLO,IMBIRIBEIRA,,COLISÃO TRASEIRA,0,1,0,0,0,1,0,1,0
618,202306413,2023-03-22 0:00:00,9:38:00,COM VÍTIMA,FINALIZADA,TORRE,RUA CONDE DE IRAJA,AV BEIRA RIO,SOBRE A PONTE DA TORRE,TORRE,SUBURBIO,COLISÃO LATERAL,1,1,0,0,0,0,0,2,0
619,202306414,2023-03-22 0:00:00,9:44:00,SEM VÍTIMA,FINALIZADA,ENGENHO DO MEIO,RUA ANTONIO CURADO,,,ENGENHO DO MEIO,SUBURBIO,COLISÃO TRASEIRA,2,0,0,0,0,0,0,0,0
620,202306449,2023-03-23 0:00:00,10:13:00,COM VÍTIMA,FINALIZADA,IMBIRIBEIRA,AV MARECHAL MASCARENHAS DE MORAES,,EM FRENTE A FIAT ITALIANA,IMBIRIBEIRA,,ATROPELAMENTO DE ANIMAL,0,0,0,0,0,0,0,1,0
621,202306460,2023-03-23 0:00:00,11:08:00,COM VÍTIMA,FINALIZADA,SAN MARTIN,AV GENERAL SAN MARTIN,RUA PEREIRA DE MORAES,,SAN MARTIN,SUBURBIO,COLISÃO TRANSVERSAL,1,1,0,0,0,0,0,1,0
622,202306465,2023-03-23 0:00:00,11:29:00,COM VÍTIMA,FINALIZADA,BOA VIAGEM,RUA RIBEIRO DE BRITO,,EM FRENTE AO POSTO BR,BOA VIAGEM,SUBURBIO,COLISÃO TRASEIRA,0,1,0,0,0,1,0,1,0
623,202306472,2023-03-23 0:00:00,12:09:00,COM VÍTIMA,FINALIZADA,IPSEP,RUA BLUMENAU,RUA SANTOS COSME E DAMIAO,AO LADO DO ARMAZÉM DO COELHINHO,IPSEP,,COLISÃO FRONTAL,1,1,0,0,0,0,0,2,0
624,202306476,2023-03-23 0:00:00,12:31:00,COM VÍTIMA,FINALIZADA,MADALENA,AV VISCONDE DE ALBUQUERQUE,,,MADALENA,,COLISÃO LATERAL,1,1,0,0,0,0,0,1,0
625,202306491,2023-03-23 0:00:00,2:49:00,SEM VÍTIMA,FINALIZADA,DERBY,AV GOVERNADOR AGAMENON MAGALHAES,,EM FRENTE A MEDICAL,DERBY,SUBURBIO,,0,1,0,0,0,0,1,0,0
626,202306501,2023-03-23 0:00:00,4:22:00,COM VÍTIMA,FINALIZADA,CAMPO GRANDE,RUA DR MACHADO,RUA JERONIMO VILELA,DEPOIS DO CLUBE DAS PAS,CAMPO GRANDE,SUBURBIO,COLISÃO LATERAL,1,1,0,0,0,0,1,2,0
627,202306505,2023-03-23 0:00:00,5:18:00,COM VÍTIMA,FINALIZADA,VÁRZEA,RUA CAPITAO JOSE NOGUEIRA COSTA,,FARMÁCIA PAGUE MENOS,VÁRZEA,SUBURBIO,COLISÃO LATERAL,1,1,0,0,0,0,0,1,0
628,202306506,2023-03-23 0:00:00,5:32:00,COM VÍTIMA,CANCELADA,TAMARINEIRA,EST VELHA DE AGUA FRIA,,PROXIMO A FERREIRA COSTA,TAMARINEIRA,,COLISÃO LATERAL,1,1,0,0,0,0,0,2,0
629,202306509,2023-03-23 0:00:00,6:00:00,COM VÍTIMA,FINALIZADA,SANTO AMARO,AV GOVERNADOR AGAMENON MAGALHAES,,SOB O VIADUTO DA JOÃO DE BARROS,SANTO AMARO,,QUEDA,0,1,0,0,0,0,0,1,0
630,202306534,2023-03-24 0:00:00,12:06:00,COM VÍTIMA,FINALIZADA,BOA VIAGEM,AV ENGENHEIRO DOMINGOS FERREIRA,,FARMÁCIA PAGUE MENOS,BOA VIAGEM,,COLISÃO TRANSVERSAL,4,0,0,0,0,0,0,1,0
631,202306547,2023-03-24 0:00:00,8:17:00,COM VÍTIMA,FINALIZADA,BOA VIAGEM,RUA CONEGO ROMEU,RUA SA E SOUZA,PRÓX. AO COLÉGIO AMERICANO,BOA VIAGEM,,COLISÃO LATERAL,1,1,0,0,0,0,0,1,0
632,202306552,2023-03-24 0:00:00,8:58:00,COM VÍTIMA,FINALIZADA,CAXANGÁ,AV CAXANGA,RUA SAO MATEUS,EQUIPE DA VT-16 RAIMUNDO E JOSÉ CRUZ FORAM AO LOCAL PARA  DAR APOIO AO SINISTRO,CAXANGÁ,SUBURBIO,COLISÃO TRASEIRA,1,1,0,0,0,0,0,1,0
633,202306565,2023-03-24 0:00:00,10:43:00,COM VÍTIMA,FINALIZADA,CAXANGÁ,RUA RIBEIRO PESSOA,RUA GASTAO VIDIGAL,"SINISTRO  COM UMA MOTO , E DERRAMAMENTO DE ÓLEO NA PISTA  EQUIPE  FROTA NO LOCAL NO APOIO COM PÓ DE SERRA",CAXANGÁ,,QUEDA,0,1,0,0,0,0,0,1,0
634,202306575,2023-03-24 0:00:00,12:08:00,COM VÍTIMA,FINALIZADA,IMBIRIBEIRA,RUA ARQUITETO LUIZ NUNES,AV PINHEIROS,,IMBIRIBEIRA,,COLISÃO TRANSVERSAL,1,1,0,0,0,0,0,1,0
635,202306581,2023-03-24 0:00:00,12:35:00,COM VÍTIMA,FINALIZADA,BOA VIAGEM,RUA VISCONDE DE JEQUITINHONHA,,APOS O CANAL DA CONSTRUÇÃO,BOA VIAGEM,,FISCALIZAÇÃO,1,0,0,2,0,0,0,2,0
636,202306588,2023-03-24 0:00:00,2:17:00,COM VÍTIMA,FINALIZADA,CORDEIRO,RUA PROFESSOR JOAQUIM XAVIER DE BRITO,,EM FRENTE AO EDIFICIO PAULA E A GERBSON CONSETOR E INSTALAÇÕES,CORDEIRO,,COLISÃO FRONTAL,1,1,0,0,0,0,0,1,0
637,202306594,2023-03-24 0:00:00,3:23:00,COM VÍTIMA,FINALIZADA,MADALENA,AV VISCONDE DE ALBUQUERQUE,RUA BARTOLOMEU DE GUSMAO,EM FRENTE A PADARIA REQUINTE MADALENA/ AO LADO PET SHOP 24HRS,MADALENA,SUBURBIO,ATROPELAMENTO DE PESSOA,1,0,0,1,0,0,0,1,0
638,202306597,2023-03-24 0:00:00,4:42:00,COM VÍTIMA,FINALIZADA,CAXANGÁ,AV CAXANGA,RUA GREGORIO JUNIOR,E/F A CAIXA ECONOMICA S/T SUB,CAXANGÁ,,ATROPELAMENTO DE PESSOA,0,1,0,1,0,0,0,1,0
639,202306635,2023-03-25 0:00:00,6:00:00,COM VÍTIMA,FINALIZADA,DOIS IRMÃOS,RUA MANUEL DE MEDEIROS,,PRÓXIMO A ENTRADA DO SITIO DOS PINTOS,DOIS IRMÃOS,,COLISÃO FRONTAL,1,1,0,0,0,0,0,1,0
640,202306651,2023-03-25 0:00:00,10:46:00,COM VÍTIMA,FINALIZADA,BOA VISTA,AV GOVERNADOR AGAMENON MAGALHAES,RUA DOM BOSCO,COLÉGIO AMERICANO BATISTA,BOA VISTA,SUBURBIO,COLISÃO TRASEIRA,1,1,0,0,0,0,0,1,0
641,202306665,2023-03-25 0:00:00,12:39:00,COM VÍTIMA,FINALIZADA,ILHA DO RETIRO,RUA SPORT CLUBE DO RECIFE,,EM FRENTE AO CLUBE,ILHA DO RETIRO,,COLISÃO COM CICLISTA,0,1,1,0,0,0,0,1,0
642,202306666,2023-03-25 0:00:00,12:46:00,COM VÍTIMA,FINALIZADA,ESPINHEIRO,AV JOAO DE BARROS,,EM FRENTE AO EDIFICIO SANTA CLARA,ESPINHEIRO,,COLISÃO TRASEIRA,1,1,0,0,0,0,0,1,0
643,202306672,2023-03-25 0:00:00,3:29:00,SEM VÍTIMA,CANCELADA,DERBY,AV GOVERNADOR AGAMENON MAGALHAES,,MCDONALDS / HOSPITAL DA RESTAURAÇÃO,DERBY,,CHOQUE,0,0,0,0,0,0,1,0,0
644,202306673,2023-03-25 0:00:00,3:30:00,COM VÍTIMA,FINALIZADA,CASA AMARELA,AV NORTE MIGUEL ARRAES DE ALENCAR,,EM FRENTE A MATERNIDADE BARROS LIMA,CASA AMARELA,CIDADE,COLISÃO TRASEIRA,1,1,0,0,0,0,0,1,0
645,202306696,2023-03-25 0:00:00,8:37:00,COM VÍTIMA,CANCELADA,IBURA,RUA EXP FRANCISCO VITORIANO,,MERCADINHO DOIS IRMÃOS,IBURA,,COLISÃO FRONTAL,1,1,0,0,0,0,0,2,0
646,202306698,2023-03-25 0:00:00,9:19:00,COM VÍTIMA,FINALIZADA,JARDIM SÃO PAULO,RUA LORENA,RUA LEANDRO BARRETO,,JARDIM SÃO PAULO,,COLISÃO LATERAL,3,0,0,0,0,0,0,1,0
647,202306700,2023-03-26 0:00:00,2:15:00,COM VÍTIMA,FINALIZADA,CORDEIRO,RUA HONORIO CORREIA,,E/F AO SUPERMERCADO LEÃO,CORDEIRO,,COLISÃO TRASEIRA,1,1,0,0,0,0,0,2,0
648,202306707,2023-03-26 0:00:00,6:36:00,COM VÍTIMA,FINALIZADA,BOA VIAGEM,AV BOA VIAGEM,,EM FRENTE AO EDF. MANOEL DE BRITO,BOA VIAGEM,,COLISÃO TRASEIRA,1,1,0,0,0,0,0,1,0
649,202306731,2023-03-26 0:00:00,12:28:00,COM VÍTIMA,FINALIZADA,TAMARINEIRA,AV CONS ROSA E SILVA,,E/F AO HOSPITAL ULISSES PERNAMBUCANO,TAMARINEIRA,,COLISÃO TRASEIRA,1,1,0,0,0,0,0,1,0
650,202306732,2023-03-26 0:00:00,12:42:00,COM VÍTIMA,FINALIZADA,PINA,AV HERCULANO BANDEIRA,,E/F PADARIA FRUTA PÃO,PINA,,COLISÃO FRONTAL,1,1,0,0,0,0,0,2,0
651,202306744,2023-03-26 0:00:00,4:17:00,SEM VÍTIMA,CANCELADA,CAMPO GRANDE,RUA FRANCISCO BERENGUER,,NA RUA DO RESTAURANTE JADINS,CAMPO GRANDE,,COLISÃO FRONTAL,2,0,0,0,0,0,0,0,0
652,202306762,2023-03-27 0:00:00,4:49:00,SEM VÍTIMA,FINALIZADA,IMBIRIBEIRA,RUA ITACARE,,EM FRENTE AO ESPAÇO ABERTO,IMBIRIBEIRA,,COLISÃO LATERAL,2,0,0,0,0,0,0,0,0
653,202306775,2023-03-27 0:00:00,8:23:00,SEM VÍTIMA,FINALIZADA,ENCRUZILHADA,AV BEBERIBE,RUA DA CORAGEM,EM FRENTE A FARMACIA DE MANIPULAÇÃO,ENCRUZILHADA,,COLISÃO TRASEIRA,1,0,0,0,0,0,1,0,0
654,202306777,2023-03-27 0:00:00,8:43:00,COM VÍTIMA,FINALIZADA,TORRÕES,AV BICENTENARIO DA REVOLUCAO FRANCESA,RUA ZUMBI DOS PALMARES,AO LADO DA LOJINHA FRANCYS,TORRÕES,,COLISÃO LATERAL,1,1,0,0,0,0,0,1,0
655,202306780,2023-03-27 0:00:00,9:07:00,COM VÍTIMA,FINALIZADA,VÁRZEA,AV JOAQUIM RIBEIRO,,PROX. A UPA,VÁRZEA,,QUEDA,0,1,0,0,0,0,0,1,0
656,202306796,2023-03-27 0:00:00,11:00:00,SEM VÍTIMA,FINALIZADA,AFOGADOS,RUA SAO MIGUEL,,EM FRENTE 14° BATALHÃO LOGISTICO,AFOGADOS,,COLISÃO FRONTAL,1,1,0,0,0,0,1,0,0
657,202306820,2023-03-27 0:00:00,5:53:00,COM VÍTIMA,FINALIZADA,IMBIRIBEIRA,AV RECIFE,,PROX MULTE INSPEÇÃO VEICULAR,IMBIRIBEIRA,,COLISÃO TRASEIRA,1,1,0,0,0,0,0,1,0
658,202306821,2023-03-27 0:00:00,6:02:00,COM VÍTIMA,FINALIZADA,BOA VISTA,AV CONDE DA BOA VISTA,RUA DA AURORA,,BOA VISTA,,ATROPELAMENTO DE PESSOA,0,0,0,1,1,0,0,1,0
659,202306822,2023-03-27 0:00:00,6:24:00,VÍTIMA FATAL,FINALIZADA,VÁRZEA,RUA EMILIANO BRAGA,,COLÉGIO CONHECER,VÁRZEA,,ATROPELAMENTO DE PESSOA,1,0,0,1,0,0,0,0,1
660,202306835,2023-03-27 0:00:00,7:42:00,COM VÍTIMA,FINALIZADA,IBURA,RUA DR BENIGNO JORDAO DE VASCONCELOS,,COMPESA,IBURA,,COLISÃO FRONTAL,0,2,0,0,0,0,0,3,0
661,202306836,2023-03-27 0:00:00,9:09:00,COM VÍTIMA,FINALIZADA,VASCO DA GAMA,RUA VASCO DA GAMA,,AO LADO DA FARMACIA DA SAUDE,VASCO DA GAMA,SUBURBIO,COLISÃO LATERAL,1,1,0,0,0,0,0,2,0
662,202306846,2023-03-28 0:00:00,7:17:00,COM VÍTIMA,FINALIZADA,SÃO JOSÉ,AV SUL,,IDRAÚ PEÇAS,SÃO JOSÉ,,QUEDA,0,1,0,0,0,0,0,1,0
663,202306850,2023-03-28 0:00:00,8:05:00,COM VÍTIMA,FINALIZADA,CASA AMARELA,EST DO ARRAIAL,,APÓS O SITIO DA TRINDADE - PROX.  AO EMÓRIO AVIAMENTOS,CASA AMARELA,,COLISÃO TRASEIRA,1,0,0,0,0,0,0,1,0
664,202306855,2023-03-28 0:00:00,8:05:00,COM VÍTIMA,FINALIZADA,CASA AMARELA,EST DO ARRAIAL,,"APÓS A IGREJA DA HARMONIA, PRÓX AO CONJUNTO  ARRAIAL",CASA AMARELA,,COLISÃO COM CICLISTA,1,0,1,0,0,0,0,1,0
665,202306862,2023-03-28 0:00:00,9:07:00,SEM VÍTIMA,FINALIZADA,CASA AMARELA,AV NORTE MIGUEL ARRAES DE ALENCAR,,EM FRENTE A BIKE NORTE,CASA AMARELA,CIDADE,COLISÃO TRASEIRA,1,1,0,0,0,0,0,0,0
666,202306871,2023-03-28 0:00:00,11:43:00,COM VÍTIMA,FINALIZADA,IPSEP,AV RECIFE,,PNEU DRIVE,IPSEP,,COLISÃO FRONTAL,1,1,0,0,0,0,0,1,0
667,202306878,2023-03-28 0:00:00,12:27:00,COM VÍTIMA,FINALIZADA,AREIAS,RUA DONA ANA AURORA,,NA LINHA FERREA PROX AO BOI QUEMTE,AREIAS,,ATROPELAMENTO DE PESSOA,0,1,0,1,0,0,0,1,0
668,202306884,2023-03-28 0:00:00,1:16:00,COM VÍTIMA,FINALIZADA,LINHA DO TIRO,RUA URIEL DE HOLANDA,,APÓS A UPINHA,LINHA DO TIRO,,COLISÃO LATERAL,1,1,0,0,0,0,0,1,0
669,202306885,2023-03-28 0:00:00,1:18:00,COM VÍTIMA,FINALIZADA,CASA AMARELA,AV NORTE MIGUEL ARRAES DE ALENCAR,,PRAÇA DO TRABALHO / UPINHA,CASA AMARELA,,COLISÃO LATERAL,0,1,0,0,1,0,0,1,0
670,202306886,2023-03-28 0:00:00,1:32:00,COM VÍTIMA,FINALIZADA,ROSARINHO,AV NORTE MIGUEL ARRAES DE ALENCAR,RUA DELMIRO GOUVEIA,NA ESQUINA DO POSTO SHELL,ROSARINHO,,COLISÃO COM CICLISTA,0,0,1,0,0,1,0,1,0
671,202306887,2023-03-28 0:00:00,2:14:00,COM VÍTIMA,FINALIZADA,BOA VIAGEM,RUA JOAO CARDOSO AIRES,RUA COSMORAMA,COLÉGIO MADRE DE DEUS,BOA VIAGEM,,COLISÃO LATERAL,1,1,0,0,0,0,0,1,0
672,202306894,2023-03-28 0:00:00,2:55:00,COM VÍTIMA,FINALIZADA,CAMPO GRANDE,RUA ODORICO MENDES,,APOS O CLUBE DAS PÁS,CAMPO GRANDE,,COLISÃO LATERAL,1,1,0,0,0,0,0,1,0
673,202306904,2023-03-28 0:00:00,4:40:00,COM VÍTIMA,FINALIZADA,VASCO DA GAMA,AV NORTE MIGUEL ARRAES DE ALENCAR,,E/F A MATERNIDADE BARROS LIMA,VASCO DA GAMA,,COLISÃO TRASEIRA,1,1,0,0,0,0,0,1,0
674,202306905,2023-03-28 0:00:00,5:09:00,COM VÍTIMA,FINALIZADA,CASA FORTE,RUA OLIVEIRA GOES,,EM FRENTE A FORTMED COMERCIAL,CASA FORTE,,ATROPELAMENTO DE PESSOA,1,0,0,1,0,0,0,1,0
675,202306910,2023-03-28 0:00:00,7:28:00,COM VÍTIMA,FINALIZADA,IMBIRIBEIRA,AV MARECHAL MASCARENHAS DE MORAES,,EM FRENTE A DDK PEÇAS (APÓS O VIADUTO TANCREDO NEVES) SENTIDO AEROPORTO.,IMBIRIBEIRA,SUBURBIO,ATROPELAMENTO DE PESSOA,1,0,0,1,0,0,0,1,0
676,202306911,2023-03-28 0:00:00,7:34:00,COM VÍTIMA,FINALIZADA,BOA VIAGEM,AV ENGENHEIRO DOMINGOS FERREIRA,RUA JOSE MARIA DE MIRANDA,,BOA VIAGEM,,COLISÃO LATERAL,1,2,0,0,0,0,0,1,0
677,202306932,2023-03-29 0:00:00,7:23:00,COM VÍTIMA,FINALIZADA,CAMPO GRANDE,EST DE BELEM,,EM FRENTE À BEMORAR IMOBILIÁRIA,CAMPO GRANDE,,COLISÃO LATERAL,1,1,0,0,0,0,0,1,0
678,202306942,2023-03-29 0:00:00,7:57:00,COM VÍTIMA,FINALIZADA,MADALENA,AV ENGENHEIRO ABDIAS DE CARVALHO,,PRÓX. À ESTÁCIO,MADALENA,CIDADE,COLISÃO TRASEIRA,1,2,0,0,0,0,0,1,0
679,202306945,2023-03-29 0:00:00,8:16:00,COM VÍTIMA,FINALIZADA,PINA,AV REPUBLICA ARABE UNIDA,,EM FRENTE AO SALÃO DO REINO DAS TESTMUNHAS DE JEOVÁ,PINA,SUBURBIO,COLISÃO FRONTAL,0,2,0,0,0,0,0,1,0
680,202306946,2023-03-29 0:00:00,8:21:00,COM VÍTIMA,CANCELADA,ENCRUZILHADA,AV BEBERIBE,RUA PROFESSOR MIRANDA CURIO,PRÓX A AUTOESCOLA BELÉM,ENCRUZILHADA,,COLISÃO LATERAL,1,1,0,0,0,0,0,1,0
681,202306951,2023-03-29 0:00:00,9:13:00,COM VÍTIMA,FINALIZADA,ESTÂNCIA,AV RECIFE,,"E/F A HÉLIO SOM, E PRÓX  AO ANTIGO CIROL ROIAL",ESTÂNCIA,,COLISÃO LATERAL,1,1,0,0,0,0,0,1,0
682,202306954,2023-03-29 0:00:00,9:43:00,COM VÍTIMA,FINALIZADA,CAMPO GRANDE,RUA PROFESSOR FRANCISCO DA TRINDADE,,"EM FRENTE A IGREJA PENTECOSTAL, E PRÓX AO CLUBE DAS PAZ",CAMPO GRANDE,,COLISÃO LATERAL,1,1,0,0,0,0,0,1,0
683,202306969,2023-03-29 0:00:00,12:09:00,COM VÍTIMA,FINALIZADA,PINA,AV ANTONIO DE GOES,AV CONSELHEIRO AGUIAR,EM FRENTE A LOJA CASA DE BATERIA/ PROX A HONDA,PINA,,COLISÃO COM CICLISTA,0,1,1,0,0,0,0,1,0
684,202306982,2023-03-29 0:00:00,1:22:00,SEM VÍTIMA,FINALIZADA,IMBIRIBEIRA,RUA ARQUITETO LUIZ NUNES,,,IMBIRIBEIRA,SUBURBIO,COLISÃO TRASEIRA,1,1,0,0,0,0,0,0,0
685,202306983,2023-03-29 0:00:00,1:40:00,COM VÍTIMA,FINALIZADA,IMBIRIBEIRA,RUA PINTOR LULA CARDOSO AYRES,,PROX. A ENTRADA DE CARGA E DESCARGAS DO AEROPORTO,IMBIRIBEIRA,,COLISÃO LATERAL,1,1,0,0,0,0,0,1,0
686,202306986,2023-03-29 0:00:00,2:46:00,COM VÍTIMA,FINALIZADA,CÓRREGO DO JENIPAPO,RUA CORREGO JOSE APRIGIO,,NA ENTRADA DO CORREGO DO  JENIPAPO  PROX A BR,CÓRREGO DO JENIPAPO,,COLISÃO LATERAL,1,1,0,0,0,0,0,1,0
687,202306990,2023-03-29 0:00:00,3:18:00,COM VÍTIMA,FINALIZADA,PINA,AV HERCULANO BANDEIRA,RUA ARQUITETO AUGUSTO REINALDO,AO LADO DO ATACADO DOS PRESENTES,PINA,,COLISÃO LATERAL,2,0,0,0,0,0,0,1,0
688,202307001,2023-03-29 0:00:00,6:39:00,COM VÍTIMA,FINALIZADA,BOA VISTA,AV GOVERNADOR AGAMENON MAGALHAES,AV GOVERNADOR CARLOS DE LIMA CAVALCANTI,EM FRENTE AO MEC DONALDS,BOA VISTA,,COLISÃO LATERAL,1,1,0,0,0,0,0,1,0
689,202307009,2023-03-29 0:00:00,7:16:00,SEM VÍTIMA,FINALIZADA,CABANGA,AV SUL,,CIA MOTO,CABANGA,CIDADE,CHOQUE,1,0,0,0,0,0,0,0,0
690,202307017,2023-03-29 0:00:00,10:05:00,COM VÍTIMA,FINALIZADA,BOA VIAGEM,AVENIDA CELSO FURTADO (VIA MANGUE),,POR TRÁS DO ASSAI ATACADISTA,BOA VIAGEM,,COLISÃO TRASEIRA,1,1,0,0,0,0,0,1,0
691,202307025,2023-03-30 0:00:00,6:49:00,COM VÍTIMA,FINALIZADA,ENGENHO DO MEIO,RUA DR FLAVIO FERREIRA DA SILVA MAROJO,,FERRO VELHO IMPÉRIO DO PARACHOQUE,ENGENHO DO MEIO,,COLISÃO LATERAL,0,2,0,0,0,0,0,1,0
692,202307046,2023-03-30 0:00:00,10:06:00,COM VÍTIMA,FINALIZADA,BOA VISTA,RUA DO HOSPICIO,,EM FRENTE AO COLEGIO JOAO BARBALHO,BOA VISTA,,COLISÃO LATERAL,0,2,0,0,0,0,0,1,0
693,202307060,2023-03-30 0:00:00,12:33:00,SEM VÍTIMA,FINALIZADA,BOA VIAGEM,AV BOA VIAGEM,,EM FRENTE AO EDFICIO BRIGADEIRO EDUARDO GOMES,BOA VIAGEM,CIDADE,COLISÃO TRASEIRA,1,0,0,0,0,0,1,0,0
694,202307062,2023-03-30 0:00:00,12:58:00,COM VÍTIMA,FINALIZADA,IMBIRIBEIRA,AV MARECHAL MASCARENHAS DE MORAES,,EM FRENTE A FIAT ITALIANA,IMBIRIBEIRA,,COLISÃO COM CICLISTA,0,0,1,0,1,0,0,1,0
695,202307075,2023-03-30 0:00:00,4:02:00,COM VÍTIMA,FINALIZADA,BOA VIAGEM,RUA VISCONDE DE JEQUITINHONHA,,DEPOIS DO ESPETINHO DO SEU DANIEL / PROX. AO PARQUE DONA LINDU / PRÉDIO SHALON,BOA VIAGEM,,COLISÃO LATERAL,1,1,0,0,0,0,0,1,0
696,202307082,2023-03-30 0:00:00,5:20:00,COM VÍTIMA,FINALIZADA,IMBIRIBEIRA,AV RECIFE,,"PROX. AO SAL E E BRASA, SOB",IMBIRIBEIRA,,ATROPELAMENTO DE PESSOA,0,1,0,1,0,0,0,1,0
697,202307099,2023-03-30 0:00:00,8:52:00,COM VÍTIMA,FINALIZADA,ENCRUZILHADA,AV BEBERIBE,,PRÓXIMO AO BANCO DO BRASIL,ENCRUZILHADA,,COLISÃO TRANSVERSAL,1,0,0,0,0,1,0,1,0
698,202307114,2023-03-31 0:00:00,7:08:00,COM VÍTIMA,FINALIZADA,CAXANGÁ,AV CAXANGA,,EM FRENTE A NISSAN E CAXANGÁ VEÍCULOS,CAXANGÁ,,COLISÃO FRONTAL,1,1,0,0,0,0,0,1,0
699,202307145,2023-03-31 0:00:00,10:23:00,COM VÍTIMA,FINALIZADA,TEJIPIÓ,AV DR JOSE RUFINO,,ESCOLA HUMBERTO CASTELO BRANCO,TEJIPIÓ,,COLISÃO LATERAL,1,1,0,0,0,0,0,3,0
700,202307162,2023-03-31 0:00:00,11:58:00,COM VÍTIMA,FINALIZADA,DERBY,AV GOVERNADOR AGAMENON MAGALHAES,,EM FRENTE A PETZ NO SENTIDO OLINDA,DERBY,SUBURBIO,COLISÃO TRASEIRA,1,1,0,0,0,0,0,1,0
701,202307169,2023-03-31 0:00:00,1:31:00,COM VÍTIMA,FINALIZADA,ÁGUA FRIA,AV BEBERIBE,,NA FRENTE AZEVEDO PESCADO,ÁGUA FRIA,,COLISÃO LATERAL,1,1,0,0,0,0,0,2,0
702,202307181,2023-03-31 0:00:00,3:54:00,SEM VÍTIMA,FINALIZADA,DERBY,RUA HENRIQUE DIAS,,EM FRENTE A FUNDAÇÃO JOAQUIM NABUCO,DERBY,,COLISÃO LATERAL,1,0,0,0,0,0,1,0,0