_id,Protocolo,data,hora,natureza,situacao,bairro,endereco,detalhe_endereco_acidente,complemento,bairro_cruzamento,sentido_via,tipo,auto,moto,ciclista,pedestre,onibus,caminhao,viatura,vitimas,vitimasfatais
911,202309088,2023-04-25 0:00:00,7:32:00,COM VÍTIMA,FINALIZADA,APIPUCOS,RUA DE APIPUCOS,,EM FRENTE A MORADA APIPUCOS,APIPUCOS,,COLISÃO LATERAL,1,1,0,0,0,0,0,1,0
912,202309100,2023-04-26 0:00:00,5:42:00,SEM VÍTIMA,FINALIZADA,AREIAS,RUA DOS PRAZERES,,,AREIAS,,APOIO CELPE,0,0,0,0,0,0,0,0,0
913,202309108,2023-04-26 0:00:00,7:37:00,COM VÍTIMA,FINALIZADA,SÃO JOSÉ,AV SUL,,PROX. A PRAÇA DO GALO E HIDRAUPEÇAS,SÃO JOSÉ,,COLISÃO TRASEIRA,1,1,0,0,0,0,0,1,0
914,202309113,2023-04-26 0:00:00,8:31:00,SEM VÍTIMA,FINALIZADA,VÁRZEA,RUA DONA MARIA LACERDA,RUA MENDES MARTINS,PRÓXIMO AO 12º BATALHÃO PMPE,VÁRZEA,SUBURBIO,COLISÃO TRANSVERSAL,2,0,0,0,0,0,0,0,0
915,202309123,2023-04-26 0:00:00,9:20:00,COM VÍTIMA,FINALIZADA,IMBIRIBEIRA,AV MARECHAL MASCARENHAS DE MORAES,RUA OLIVIA MENELAU,EM FRENTE À LOJA GRILO FLORES,IMBIRIBEIRA,,COLISÃO LATERAL,1,1,0,0,0,0,0,1,0
916,202309132,2023-04-26 0:00:00,9:50:00,COM VÍTIMA,CANCELADA,AFOGADOS,RUA SAO MIGUEL,,MATERNIDADE BANDEIRA FILHO,AFOGADOS,,COLISÃO LATERAL,1,1,0,0,0,0,0,1,0
917,202309148,2023-04-26 0:00:00,12:57:00,COM VÍTIMA,FINALIZADA,TORRE,RUA EMILIANO BRAGA,,"ENTRADA DO CDU, AO LADO DO VIADUTO  / INTEGRAÇÃO CDU",TORRE,,COLISÃO LATERAL,0,1,0,0,1,0,0,1,0
918,202309157,2023-04-26 0:00:00,12:57:00,COM VÍTIMA,FINALIZADA,TORRE,RUA SOUZA BANDEIRA,,PROX AO BAR DO LORENZO,TORRE,,COLISÃO LATERAL,1,1,0,0,0,0,0,2,0
919,202309160,2023-04-26 0:00:00,1:04:00,COM VÍTIMA,FINALIZADA,TORRE,RUA SOUZA BANDEIRA,,AO LADO DA ESCOLA LUBIESCKA,TORRE,,COLISÃO LATERAL,1,1,0,0,0,0,0,1,0
920,202309166,2023-04-26 0:00:00,2:53:00,COM VÍTIMA,FINALIZADA,BOA VIAGEM,RUA CAMBOIM,RUA DEZ DE JULHO,E/F A MAISON CHRISTAL RECEPÇOES,BOA VIAGEM,,COLISÃO FRONTAL,2,0,0,0,0,0,0,1,0
921,202309171,2023-04-26 0:00:00,3:44:00,SEM VÍTIMA,FINALIZADA,SANTO AMARO,RUA TREZE DE MAIO,RUA PEDRO AFONSO,PRÓXIMO AO ESTABELECIMENTO SOCIEDADE BÍBLICA DO BRASIL,SANTO AMARO,SUBURBIO,COLISÃO TRANSVERSAL,1,0,0,0,0,0,1,0,0
922,202309172,2023-04-26 0:00:00,4:10:00,SEM VÍTIMA,FINALIZADA,BOA VIAGEM,AV VINTE E TRES DE OUTUBRO,,,BOA VIAGEM,CIDADE,COLISÃO TRANSVERSAL,2,0,0,0,0,0,0,0,0
923,202309193,2023-04-26 0:00:00,7:38:00,SEM VÍTIMA,FINALIZADA,MADALENA,EST DOS REMEDIOS,AV JOSE GONCALVES DE MEDEIROS,AV JOSE GONCALVES DE MEDEIROS,MADALENA,CIDADE,COLISÃO TRASEIRA,0,0,0,0,1,0,1,0,0
924,202309196,2023-04-26 0:00:00,9:43:00,COM VÍTIMA,CANCELADA,BOA VISTA,RUA DOM BOSCO,,PRÓX. À PRAÇA CHORA MENINO,BOA VISTA,,COLISÃO FRONTAL,1,1,0,0,0,0,0,1,0
925,202309218,2023-04-27 0:00:00,7:48:00,COM VÍTIMA,FINALIZADA,JOANA BEZERRA,AV BEIRA RIO,,APOS A ACADEMIA DA CIDADE NA SUBIDA PONTE GREGORIO BEZERRA,JOANA BEZERRA,,COLISÃO LATERAL,1,1,0,0,0,0,0,1,0
926,202309233,2023-04-27 0:00:00,9:59:00,COM VÍTIMA,FINALIZADA,VÁRZEA,RUA TAMBIA,,COLÉGIO ERMINIO DE MORAIS,VÁRZEA,,CHOQUE,0,0,0,1,0,1,0,1,0
927,202309234,2023-04-27 0:00:00,10:13:00,COM VÍTIMA,FINALIZADA,BAIRRO DO RECIFE,RUA MADRE DEUS,RUA ALVARES CABRAL,PROX AO EDIFICIO CORREIO CULTURAL / PONTO DIGITAL,BAIRRO DO RECIFE,,COLISÃO LATERAL,1,2,0,0,0,0,0,2,0
928,202309238,2023-04-27 0:00:00,10:49:00,COM VÍTIMA,FINALIZADA,PARNAMIRIM,RUA PADRE ROMA,RUA SEBASTIAO MALTA ARCOVERDE,SEMÁFORO 695,PARNAMIRIM,,COLISÃO LATERAL,1,1,0,0,0,0,0,1,0
929,202309260,2023-04-27 0:00:00,1:55:00,COM VÍTIMA,CANCELADA,CAMPO GRANDE,RUA JERONIMO VILELA,RUA FRANKLIN TAVORA,PROXIMO PADARIA SANTO ANTONIO,CAMPO GRANDE,,COLISÃO COM CICLISTA,0,1,1,0,0,0,0,1,0
930,202309278,2023-04-27 0:00:00,4:57:00,COM VÍTIMA,FINALIZADA,ENCRUZILHADA,AV BEBERIBE,,PROX AO BANCO DO BRASIL,ENCRUZILHADA,,COLISÃO TRASEIRA,1,1,0,0,0,0,0,1,0
931,202309281,2023-04-27 0:00:00,5:35:00,COM VÍTIMA,FINALIZADA,VASCO DA GAMA,RUA VASCO DA GAMA,RUA DOIS DE FEVEREIRO,PROX FARMA SAULO,VASCO DA GAMA,,COLISÃO FRONTAL,1,2,0,0,0,0,0,2,0
932,202309295,2023-04-27 0:00:00,10:19:00,COM VÍTIMA,FINALIZADA,IBURA,RUA EXP FRANCISCO VITORIANO,,PRÓXIMO AO MERCADO TREVO,IBURA,,COLISÃO LATERAL,1,1,1,0,0,0,0,1,0
933,202309315,2023-04-28 0:00:00,8:51:00,COM VÍTIMA,CANCELADA,TORREÃO,AV GOVERNADOR AGAMENON MAGALHAES,,ANTES DO VIADUTO DA JOÃO DE BARROS,TORREÃO,BOA VIAGEM,COLISÃO LATERAL,2,1,0,0,0,0,0,1,0
934,202309316,2023-04-28 0:00:00,8:53:00,COM VÍTIMA,FINALIZADA,APIPUCOS,AV DEZESSETE DE AGOSTO,,EM FRENTE A POLICLINICA CENTRO MEDICO JOSÉ EMIRIO DE MORAES,APIPUCOS,,COLISÃO COM CICLISTA,1,0,1,0,0,0,0,1,0
935,202309317,2023-04-28 0:00:00,9:26:00,COM VÍTIMA,CANCELADA,TAMARINEIRA,EST DO ARRAIAL,,,TAMARINEIRA,,,0,1,0,0,0,0,0,1,0
936,202309318,2023-04-28 0:00:00,9:27:00,COM VÍTIMA,FINALIZADA,SAN MARTIN,AV GENERAL SAN MARTIN,AV ENGENHEIRO ABDIAS DE CARVALHO,,SAN MARTIN,,COLISÃO TRANSVERSAL,1,1,0,0,0,0,0,1,0
937,202309331,2023-04-28 0:00:00,11:02:00,COM VÍTIMA,FINALIZADA,AREIAS,AV RECIFE,,,AREIAS,,COLISÃO LATERAL,1,1,0,0,0,0,0,1,0
938,202309333,2023-04-28 0:00:00,11:11:00,COM VÍTIMA,CANCELADA,IPUTINGA,AV CAXANGA,,"APÓS O VIADUTO DA CAXANGÁ, SENTIDO CAMARAGIBE EM FRENTE AO POSTO SHELL. LADO OPOSTO AO Nº 4507",IPUTINGA,SUBURBIO,,0,1,0,0,0,0,0,1,0
939,202309350,2023-04-28 0:00:00,2:32:00,COM VÍTIMA,FINALIZADA,BOA VIAGEM,RUA PADRE BERNADINO PESSOA,RUA MINISTRO NELSON HUNGRIA,COLEGIO SANTA MARIA E ESTETICA BUCAL,BOA VIAGEM,,COLISÃO FRONTAL,1,1,0,0,0,0,0,1,0
940,202309353,2023-04-28 0:00:00,2:54:00,COM VÍTIMA,FINALIZADA,IMBIRIBEIRA,AV MARECHAL MASCARENHAS DE MORAES,,EM FRENTE A NISSAN,IMBIRIBEIRA,,COLISÃO LATERAL,1,1,0,0,0,0,0,1,0
941,202309354,2023-04-28 0:00:00,3:06:00,COM VÍTIMA,CANCELADA,BOA VISTA,RUA PADRE INGLES,,,BOA VISTA,,,0,1,0,0,0,0,0,1,0
942,202309360,2023-04-19 0:00:00,1:30:00,COM VÍTIMA,FINALIZADA,DERBY,AV GOVERNADOR AGAMENON MAGALHAES,,,DERBY,SUBURBIO,COLISÃO LATERAL,0,1,0,0,0,0,0,1,0
943,202309363,2023-04-28 0:00:00,4:31:00,COM VÍTIMA,FINALIZADA,CAJUEIRO,AV SEBASTIAO SALAZAR,,"PROX AO BAR DA FAVA / PASTEL DA TIA, SENTIDO AV BEBERIBE",CAJUEIRO,,,0,1,0,0,0,0,0,2,0
944,202309369,2023-04-28 0:00:00,5:57:00,COM VÍTIMA,FINALIZADA,TAMARINEIRA,RUA VISCONDE DE ABAETE,RUA CANAPOLIS,EM FRENTE AO BAR LANTERNA VERDE,TAMARINEIRA,,COLISÃO FRONTAL,2,0,0,0,0,0,0,1,0
945,202309371,2023-04-28 0:00:00,6:09:00,COM VÍTIMA,FINALIZADA,IBURA,AV DOIS RIOS,RUA RIO XINGU,,IBURA,,COLISÃO LATERAL,1,1,0,0,0,0,0,1,0
946,202309381,2023-04-28 0:00:00,6:56:00,COM VÍTIMA,FINALIZADA,BOA VISTA,RUA DA AURORA,,EM  FRENTE AO HOTEL PLAZA,BOA VISTA,,COLISÃO TRASEIRA,1,1,0,0,0,0,0,1,0
947,202309385,2023-04-28 0:00:00,10:58:00,COM VÍTIMA,FINALIZADA,PORTO DA MADEIRA,AV BEBERIBE,,EM FRENTE A GALERIA TERRAÇO,PORTO DA MADEIRA,,CHOQUE,0,0,0,0,0,0,0,1,0
948,202309386,2023-04-28 0:00:00,11:23:00,COM VÍTIMA,FINALIZADA,SANCHO,AV LIBERDADE,,AO LADO DO CEMITERIO PARQUE DAS FLORES,SANCHO,,COLISÃO FRONTAL,1,1,0,0,0,0,0,1,0
949,202309392,2023-04-29 0:00:00,6:35:00,SEM VÍTIMA,FINALIZADA,PRADO,AV ENGENHEIRO ABDIAS DE CARVALHO,RUA JOAO IVO DA SILVA,LOJAS DE CARROS KATAN,PRADO,CIDADE,COLISÃO TRANSVERSAL,3,0,0,0,0,0,0,0,0
950,202309402,2023-04-29 0:00:00,7:56:00,COM VÍTIMA,FINALIZADA,JAQUEIRA,AV CONS ROSA E SILVA,,NA ESQUINA DA SMAT FIT,JAQUEIRA,,CHOQUE,2,0,0,0,0,0,0,1,0
951,202309403,2023-04-29 0:00:00,7:58:00,COM VÍTIMA,FINALIZADA,ILHA DO LEITE,AV FREI MATIAS TEVES,RUA SENADOR JOSE HENRIQUE,PROX. A CLINICA DE ESTETICA HILANA,ILHA DO LEITE,,COLISÃO LATERAL,1,1,0,0,0,0,0,2,0
952,202309422,2023-04-29 0:00:00,11:43:00,COM VÍTIMA,FINALIZADA,CORDEIRO,RUA AMBROSIO MACHADO,,EM FRENTE AO EDF. LORENA NUNES,CORDEIRO,,COLISÃO LATERAL,1,1,0,0,0,0,0,2,0
953,202309426,2023-04-29 0:00:00,1:05:00,COM VÍTIMA,FINALIZADA,BOA VIAGEM,RUA GENERAL EDSON AMANCIO RAMALHO,RUA FAUSTINO PORTO,AO LADO DO BIG BOMPREÇO,BOA VIAGEM,,COLISÃO TRASEIRA,1,1,0,0,0,0,0,1,0
954,202309438,2023-04-29 0:00:00,2:54:00,COM VÍTIMA,FINALIZADA,ARRUDA,AV PROFESSOR JOSE DOS ANJOS,,AO LADO DO BOMPREÇO,ARRUDA,,COLISÃO LATERAL,1,1,0,0,0,0,0,1,0
955,202309440,2023-04-29 0:00:00,4:35:00,SEM VÍTIMA,CANCELADA,TORREÃO,RUA DOM JOAO COSTA,,DE FRENTE A PRAÇA DO TORREÃO,TORREÃO,,COLISÃO LATERAL,1,1,0,0,0,0,0,0,0
956,202309462,2023-04-30 0:00:00,6:53:00,COM VÍTIMA,FINALIZADA,CASA AMARELA,EST DO ARRAIAL,,PROXIMO A  ESCOLA MUNICIPAL,CASA AMARELA,,CHOQUE,0,1,0,0,0,0,0,2,0
957,202309469,2023-04-30 0:00:00,10:07:00,COM VÍTIMA,FINALIZADA,BOA VIAGEM,AV ENGENHEIRO DOMINGOS FERREIRA,RUA CORONEL BENEDITO CHAVES,,BOA VIAGEM,,COLISÃO TRANSVERSAL,1,1,0,0,0,0,0,1,0
958,202309472,2023-04-30 0:00:00,11:25:00,COM VÍTIMA,FINALIZADA,SAN MARTIN,AV GENERAL SAN MARTIN,,EM FRENTE O CORREIOS,SAN MARTIN,,COLISÃO TRASEIRA,1,1,0,0,0,0,0,1,0
959,202309473,2023-04-30 0:00:00,11:42:00,COM VÍTIMA,FINALIZADA,BOA VIAGEM,AVENIDA CELSO FURTADO (VIA MANGUE),,PROX AO MERCADO AÇAI,BOA VIAGEM,,COLISÃO LATERAL,2,0,0,0,0,0,0,1,0
960,202309509,2023-05-01 0:00:00,11:21:00,SEM VÍTIMA,FINALIZADA,DOIS UNIDOS,AV HILDEBRANDO DE VASCONCELOS,,PROX AO TERMINAL DE ONIBUS EM FRENTE A RESIDENCIA 29,DOIS UNIDOS,,COLISÃO FRONTAL,1,1,0,0,0,0,0,0,0
961,202309513,2023-05-01 0:00:00,12:51:00,COM VÍTIMA,FINALIZADA,TORRE,RUA CONDE DE IRAJA,AV BEIRA RIO,,TORRE,,CHOQUE,2,0,0,0,0,0,0,1,0
962,202309530,2023-05-01 0:00:00,5:07:00,COM VÍTIMA,FINALIZADA,IBURA,RUA VALE DO ITAJAI,,UPA DA LAGOA ENCANTADA,IBURA,,ATROPELAMENTO DE PESSOA,1,0,0,1,0,0,0,2,0
963,202309531,2023-05-01 0:00:00,5:32:00,COM VÍTIMA,FINALIZADA,IMBIRIBEIRA,AV MARECHAL MASCARENHAS DE MORAES,,EM FRENTE AO AEROPORTO,IMBIRIBEIRA,,ATROPELAMENTO DE PESSOA,1,0,0,1,0,0,0,1,0
964,202309535,2023-05-01 0:00:00,6:01:00,COM VÍTIMA,FINALIZADA,IPUTINGA,AV MAURICIO DE NASSAU,RUA SAO MATEUS,EM FRENTE COXINHA DO NOBRE,IPUTINGA,,COLISÃO LATERAL,1,1,0,0,0,0,0,2,0
965,202309544,2023-05-01 0:00:00,11:07:00,COM VÍTIMA,CANCELADA,MADALENA,AV VISCONDE DE ALBUQUERQUE,RUA JOSE OSORIO,EM FRENTE A FARMACIA DO TRABALHADOR,MADALENA,,COLISÃO TRANSVERSAL,1,1,0,0,0,0,0,2,0
966,202309565,2023-05-02 0:00:00,8:24:00,COM VÍTIMA,FINALIZADA,IMBIRIBEIRA,AV GENERAL MAC ARTHUR,,EM FRENTE AO LE PARC,IMBIRIBEIRA,,QUEDA,0,1,0,0,0,0,0,1,0
967,202309568,2023-05-02 0:00:00,8:58:00,COM VÍTIMA,FINALIZADA,DOIS IRMÃOS,RUA PROF CLAUDIO SELVA,,ANTES DO VALE DO AMANHECER EM FRENTE AO N179,DOIS IRMÃOS,,COLISÃO LATERAL,1,1,0,0,0,0,0,1,0
968,202309575,2023-05-02 0:00:00,10:19:00,SEM VÍTIMA,FINALIZADA,DOIS IRMÃOS,RUA DOIS IRMAOS,,SEMÁFORO 416,DOIS IRMÃOS,,APOIO CELPE,0,0,0,0,0,0,0,0,0
969,202309577,2023-05-02 0:00:00,10:23:00,COM VÍTIMA,FINALIZADA,GRAÇAS,RUA ALBERTO PAIVA,,A OCORRÊNCIA FICA NA RUA Senador Alberto Paiva / SEMÁFORO 360,GRAÇAS,,COLISÃO TRASEIRA,1,1,0,0,0,0,0,1,0
970,202309597,2023-05-02 0:00:00,4:31:00,COM VÍTIMA,FINALIZADA,AFOGADOS,RUA DA PAZ,,PROX A ESTAÇAO DO LARGO DA PAZ,AFOGADOS,,COLISÃO LATERAL,0,1,0,0,0,1,0,1,0
971,202309598,2023-05-02 0:00:00,5:01:00,COM VÍTIMA,FINALIZADA,BOA VIAGEM,AV CONSELHEIRO AGUIAR,,E/F AO BANCO SAFRA,BOA VIAGEM,,COLISÃO LATERAL,1,1,0,0,0,0,0,2,0
972,202309599,2023-05-02 0:00:00,5:11:00,COM VÍTIMA,CANCELADA,BOA VIAGEM,AV DES JOSE NEVES,TUNEL AUGUSTO LUCENA,,BOA VIAGEM,SUBURBIO,COLISÃO LATERAL,0,2,0,0,0,0,0,1,0
973,202309603,2023-05-02 0:00:00,6:18:00,COM VÍTIMA,FINALIZADA,SANTO AMARO,RUA TREZE DE MAIO,,PRÓXIMO À AVENIDA NORTE,SANTO AMARO,,COLISÃO LATERAL,0,0,0,0,0,0,0,1,0
974,202309604,2023-05-02 0:00:00,6:19:00,COM VÍTIMA,FINALIZADA,IBURA,AV DOIS RIOS,RUA RIO XINGU,,IBURA,,ATROPELAMENTO DE PESSOA,1,0,0,1,0,0,0,1,0
975,202309613,2023-05-02 0:00:00,7:31:00,COM VÍTIMA,FINALIZADA,CAXANGÁ,AV CAXANGA,,APÓS O VIADUTO DA CAXANGÁ SENTIDO  CAMARAGIBE,CAXANGÁ,,COLISÃO COM CICLISTA,1,0,1,0,0,0,0,1,0
976,202309614,2023-05-02 0:00:00,7:47:00,COM VÍTIMA,FINALIZADA,CAMPO GRANDE,EST DE BELEM,,PRÓX. À FARMÁCIA DROGASIL,CAMPO GRANDE,,COLISÃO TRASEIRA,0,1,0,0,0,0,0,1,0
977,202309618,2023-05-02 0:00:00,9:05:00,SEM VÍTIMA,FINALIZADA,PAISSANDU,AV GOVERNADOR AGAMENON MAGALHAES,RUA PAISSANDU,PRÓXIMO AO BURG KING PAISSANDU,PAISSANDU,SUBURBIO,,1,0,0,0,0,1,0,0,0
978,202309632,2023-05-03 0:00:00,8:23:00,COM VÍTIMA,FINALIZADA,ENCRUZILHADA,EST DE BELEM,,EM FRENTE AO EDF. AQUILES E PROX AO SEFAZ,ENCRUZILHADA,,COLISÃO TRASEIRA,1,1,0,0,0,0,0,1,0
979,202309638,2023-05-03 0:00:00,9:26:00,COM VÍTIMA,FINALIZADA,SANTO AMARO,AV NORTE MIGUEL ARRAES DE ALENCAR,,"APOS A PRAÇA DA PICANHA, EM CIMA DO VIADUTO SENT. CIDADE",SANTO AMARO,,COLISÃO FRONTAL,1,1,0,0,0,0,0,1,0
980,202309639,2023-05-03 0:00:00,9:29:00,COM VÍTIMA,FINALIZADA,MADALENA,EST DOS REMEDIOS,AV ENGENHEIRO ABDIAS DE CARVALHO,EM FRENTE A FARMACIA INDEPENDENTE,MADALENA,,COLISÃO LATERAL,0,2,0,0,0,0,0,2,0
981,202309663,2023-05-03 0:00:00,11:40:00,SEM VÍTIMA,FINALIZADA,IMBIRIBEIRA,AV MARECHAL MASCARENHAS DE MORAES,,EM FRENTE AO NÚMERO 1043,IMBIRIBEIRA,CIDADE,,2,0,0,0,0,0,0,0,0
982,202309667,2023-05-03 0:00:00,12:10:00,COM VÍTIMA,FINALIZADA,BONGI,AV ENGENHEIRO ABDIAS DE CARVALHO,,CENTRO DE TREINAMENTO DOS CORREIOS,BONGI,,COLISÃO TRASEIRA,1,1,0,0,0,0,0,1,0
983,202309675,2023-05-03 0:00:00,1:12:00,COM VÍTIMA,FINALIZADA,IPSEP,AV RECIFE,,E/F A CHURRASCARIA E PETISCARIA PAJUÇARA  S/T BOA VIAGEM,IPSEP,,COLISÃO TRASEIRA,1,1,0,0,0,0,0,1,0
984,202309686,2023-05-03 0:00:00,3:03:00,COM VÍTIMA,FINALIZADA,TEJIPIÓ,AV DR JOSE RUFINO,,EM FRENTE À ESTAÇÃO TEJIPIÓ,TEJIPIÓ,SUB0,COLISÃO TRASEIRA,0,0,0,0,0,0,0,1,0
985,202309691,2023-05-03 0:00:00,3:58:00,COM VÍTIMA,CANCELADA,TEJIPIÓ,RUA PAPA JOAO VINTE E TRES,RUA FALCAO DE LACERDA,E/F A FABRICA DE PADARIA,TEJIPIÓ,,COLISÃO LATERAL,1,1,0,0,0,0,0,1,0
986,202309695,2023-05-03 0:00:00,4:16:00,COM VÍTIMA,FINALIZADA,NOVA DESCOBERTA,AV VEREADOR OTACILIO AZEVEDO,,,NOVA DESCOBERTA,,COLISÃO FRONTAL,0,0,0,0,0,0,0,1,0
987,202309722,2023-05-03 0:00:00,10:02:00,COM VÍTIMA,FINALIZADA,AREIAS,AV DR JOSE RUFINO,,EM FRENTE AO CONDOMÍNIO MORADA DO BARRO,AREIAS,,COLISÃO FRONTAL,1,1,0,0,0,0,0,1,0
988,202309734,2023-05-04 0:00:00,6:26:00,SEM VÍTIMA,FINALIZADA,BOA VIAGEM,RUA WALDEMAR NERY CARNEIRO MONTEIRO,,PROX A GALERIA CLARK E EM FRENTE AO EDF TANGARA N265,BOA VIAGEM,,COLISÃO LATERAL,2,0,0,0,0,0,0,0,0
989,202309736,2023-05-04 0:00:00,7:08:00,COM VÍTIMA,FINALIZADA,SANTO AMARO,AV CRUZ CABUGA,,DE FRENTE AO HOSP. SANTA CASA,SANTO AMARO,,COLISÃO LATERAL,1,1,0,0,0,0,0,1,0
990,202309743,2023-05-04 0:00:00,8:05:00,COM VÍTIMA,FINALIZADA,CAMPO GRANDE,RUA ESBERARD,RUA ODORICO MENDES,PRÓXIMO A CLUBE DAS PAZ,CAMPO GRANDE,CIDADE,COLISÃO LATERAL,2,0,0,0,0,0,0,2,0
991,202309747,2023-05-04 0:00:00,8:55:00,COM VÍTIMA,FINALIZADA,MACAXEIRA,AV NORTE MIGUEL ARRAES DE ALENCAR,,PROX AO TERMINAL DA MACAXEIRA,MACAXEIRA,,COLISÃO TRASEIRA,0,1,0,0,1,0,0,2,0
992,202309755,2023-05-04 0:00:00,10:07:00,SEM VÍTIMA,FINALIZADA,SÃO JOSÉ,RUA DA CONCORDIA,RUA SAO JOAO,EM FRENTE BAZAR CARAMURU,SÃO JOSÉ,CIDADE,COLISÃO TRASEIRA,2,1,0,0,0,0,0,0,0
993,202309760,2023-05-04 0:00:00,10:56:00,COM VÍTIMA,FINALIZADA,CAMPO GRANDE,RUA ODORICO MENDES,,AO LADO CENTRAL DE FLAGRANTES,CAMPO GRANDE,,COLISÃO FRONTAL,1,1,0,0,0,0,0,1,0
994,202309777,2023-05-04 0:00:00,12:36:00,COM VÍTIMA,FINALIZADA,MADALENA,RUA JOSE OSORIO,,APÓS O MERCADO DA MADALENA,MADALENA,,COLISÃO LATERAL,0,0,0,0,0,0,0,1,0
995,202309795,2023-05-04 0:00:00,4:51:00,SEM VÍTIMA,FINALIZADA,IBURA,AV MARECHAL MASCARENHAS DE MORAES,,EM FRENTE AO AEROPORTO/ SENTIDO PRAZERES,IBURA,SUBURBIO,COLISÃO LATERAL,1,0,0,0,0,0,1,0,0
996,202309796,2023-05-04 0:00:00,5:02:00,SEM VÍTIMA,FINALIZADA,BOA VIAGEM,RUA BRUNO VELOSO,,AO LADO DO POSTO PETROBRAS,BOA VIAGEM,CIDADE,,2,1,0,0,0,0,0,0,0
997,202309797,2023-05-04 0:00:00,5:11:00,COM VÍTIMA,FINALIZADA,BOA VIAGEM,AV ENGENHEIRO DOMINGOS FERREIRA,,PROXIMO AO HOTEL VELA BRANCA,BOA VIAGEM,,COLISÃO TRASEIRA,2,1,0,0,0,0,0,1,0
998,202309798,2023-05-04 0:00:00,5:16:00,COM VÍTIMA,FINALIZADA,VARZEA,RUA RIBEIRO PESSOA,,PROXIMO AO CONDOMINIO FICCOS BENJAMIN,VARZEA,,COLISÃO FRONTAL,1,1,0,0,0,0,0,1,0
999,202309799,2023-05-04 0:00:00,5:17:00,SEM VÍTIMA,FINALIZADA,JARDIM SAO PAULO,RUA LEANDRO BARRETO,,ENCIMA DO VIADUTO DE JARDIM SÃO PAULO / PROX AO POSTO DE GASOLINA DE  IPIRANGA,JARDIM SAO PAULO,,COLISÃO TRASEIRA,2,0,0,0,0,1,0,0,0
1000,202309801,2023-05-04 0:00:00,5:46:00,COM VÍTIMA,FINALIZADA,AGUA FRIA,EST VELHA DE AGUA FRIA,,E/F  AO MERCADO  DE AGUA FRIA  S/T BOMBA DO HEMETERIO,AGUA FRIA,,COLISÃO LATERAL,0,1,0,0,1,0,0,1,0
1001,202309811,2023-05-04 0:00:00,6:30:00,COM VÍTIMA,FINALIZADA,PORTO DA MADEIRA,RUA DALVA DE OLIVEIRA,,RUA AO LADO DA SEST SENAC,PORTO DA MADEIRA,,COLISÃO LATERAL,1,1,0,0,0,0,0,2,0
1002,202309826,2023-05-05 0:00:00,7:21:00,COM VÍTIMA,FINALIZADA,CAMPO GRANDE,RUA JERONIMO VILELA,AV PROFESSOR JOSE DOS ANJOS,SOB O SEMÁFORO,CAMPO GRANDE,,COLISÃO FRONTAL,0,1,0,0,0,1,0,1,0
1003,202309828,2023-05-05 0:00:00,7:31:00,SEM VÍTIMA,FINALIZADA,CORDEIRO,AV CAXANGA,,EM FRENTE A CENTROCAR,CORDEIRO,CIDADE,COLISÃO TRASEIRA,1,0,0,0,0,0,1,0,0
1004,202309839,2023-05-05 0:00:00,8:21:00,COM VÍTIMA,FINALIZADA,BEBERIBE,AV BEBERIBE,,EM FRENTE A BORRACHARIA SÃO LUIZ,BEBERIBE,,COLISÃO TRASEIRA,0,1,0,0,1,0,0,1,0
1005,202309842,2023-05-05 0:00:00,8:25:00,COM VÍTIMA,FINALIZADA,SANTO AMARO,AV GOVERNADOR AGAMENON MAGALHAES,,SENT. BOA VIAGEM APOS A FABRICA TACARUNA,SANTO AMARO,,COLISÃO TRASEIRA,1,1,0,0,0,0,0,1,0
1006,202309850,2023-05-05 0:00:00,9:35:00,SEM VÍTIMA,FINALIZADA,TORROES,AV ENGENHEIRO ABDIAS DE CARVALHO,,LADO OPOSTO A CIA DA PEÇA,TORROES,CIDADE,COLISÃO TRASEIRA,2,0,0,0,0,0,0,0,0
1007,202309860,2023-05-05 0:00:00,1:40:00,COM VÍTIMA,FINALIZADA,TAMARINEIRA,AV CONS ROSA E SILVA,AV DR MALAQUIAS,DEPOIS DO SHOPPING ETC,TAMARINEIRA,,COLISÃO LATERAL,1,1,0,0,0,0,0,1,0
1008,202309876,2023-05-05 0:00:00,1:33:00,COM VÍTIMA,FINALIZADA,CAXANGA,AV CAXANGA,,LADO OPSOTO AO TERMINAL DA CAXANGA,CAXANGA,,COLISÃO TRASEIRA,1,1,0,0,0,0,0,1,0
1009,202309885,2023-05-05 0:00:00,3:47:00,SEM VÍTIMA,FINALIZADA,COQUEIRAL,RUA TUTOIA,,FARMACIA PREÇO BOM,COQUEIRAL,CIDADE,,1,0,0,0,0,0,1,0,0
1010,202309892,2023-05-05 0:00:00,5:57:00,COM VÍTIMA,FINALIZADA,TORRE,RUA JOAO TUDE DE MELO,,LADO OPOSTO AO GUAIAMUM GIGANTE,TORRE,,COLISÃO LATERAL,1,1,0,0,0,0,0,1,0
1011,202309894,2023-05-05 0:00:00,6:15:00,COM VÍTIMA,FINALIZADA,SAN MARTIN,RUA DELMIRO GOUVEIA,,PROX A PRAÇA DA CHESF,SAN MARTIN,,COLISÃO COM CICLISTA,1,0,1,0,0,0,0,1,0