_id,Protocolo,data,hora,natureza,situacao,bairro,endereco,detalhe_endereco_acidente,complemento,bairro_cruzamento,sentido_via,tipo,auto,moto,ciclista,pedestre,onibus,caminhao,viatura,vitimas,vitimasfatais
1012,202309897,2023-05-05 0:00:00,6:47:00,COM VÍTIMA,FINALIZADA,BOA VIAGEM,AV ENGENHEIRO DOMINGOS FERREIRA,,CLINICAL CENTER,BOA VIAGEM,,COLISÃO LATERAL,0,0,0,0,0,0,2,1,0
1013,202309924,2023-05-06 0:00:00,9:26:00,COM VÍTIMA,FINALIZADA,AFOGADOS,EST DOS REMEDIOS,,EM FRENTE AO  TERMINAL DE ONIBUS AFOGADOS,AFOGADOS,,COLISÃO COM CICLISTA,1,0,1,0,0,0,0,1,0
1014,202309956,2023-05-06 0:00:00,5:24:00,COM VÍTIMA,FINALIZADA,AFOGADOS,RUA SAO MIGUEL,,PROXIMO AO BODE DO NO,AFOGADOS,,COLISÃO FRONTAL,1,1,0,0,0,0,0,1,0
1015,202309967,2023-05-06 0:00:00,6:37:00,COM VÍTIMA,FINALIZADA,CASA AMARELA,AV NORTE MIGUEL ARRAES DE ALENCAR,,POSTO BR / ESPAÇO CAR / MATERNIDADE BARROS LIMA,CASA AMARELA,,COLISÃO FRONTAL,1,1,0,0,0,0,0,1,0
1016,202309971,2023-05-06 0:00:00,8:51:00,COM VÍTIMA,FINALIZADA,JARDIM SAO PAULO,RUA LEANDRO BARRETO,,PRÓX. À PADARIA LA ROQUE,JARDIM SAO PAULO,,COLISÃO FRONTAL,0,1,0,0,0,0,0,1,0
1017,202309989,2023-05-07 0:00:00,6:55:00,VÍTIMA FATAL,FINALIZADA,DERBY,AV GOVERNADOR AGAMENON MAGALHAES,PRC DO DERBY,PISTA LOCAL - SENTIDO BOA VIAGEM - E/F À ESTAÇÃO BRT,DERBY,,ATROPELAMENTO DE PESSOA,1,0,0,1,0,0,0,0,1
1018,202309991,2023-05-07 0:00:00,7:00:00,COM VÍTIMA,FINALIZADA,BOA VIAGEM,RUA DES JOAO PAES,RUA TENENTE DOMINGOS DE BRITO,PROX. A PADARIA ALEM DO PÃO,BOA VIAGEM,,COLISÃO FRONTAL,1,1,0,0,0,0,0,1,0
1019,202309999,2023-05-07 0:00:00,7:47:00,SEM VÍTIMA,FINALIZADA,BOA VIAGEM,RUA PADRE CARAPUCEIRO,AVENIDA CELSO FURTADO (VIA MANGUE),PROX AO SHOPPING RECIFE E PROX AO SEMÁFORO 321,BOA VIAGEM,CIDADE,COLISÃO LATERAL,3,0,0,0,0,0,0,0,0
1020,202310005,2023-05-07 0:00:00,8:45:00,SEM VÍTIMA,FINALIZADA,ILHA DO LEITE,PTE JOSE DE BARROS LIMA,,,ILHA DO LEITE,JOANA BEZERRA/DERBY,CAPOTAMENTO,0,0,0,0,0,0,0,0,0
1021,202310019,2023-05-07 0:00:00,10:21:00,COM VÍTIMA,FINALIZADA,VARZEA,RUA TORRES HOMEM,,AO LADO DO RESIDENCIAL ATELIE LIFE,VARZEA,,COLISÃO LATERAL,1,1,0,0,0,0,0,1,0
1022,202310027,2023-05-07 0:00:00,12:11:00,COM VÍTIMA,FINALIZADA,IMBIRIBEIRA,AV MARECHAL MASCARENHAS DE MORAES,RUA MIS JOEL CARLSON,LOGO APÓS A CAFESÓLIS,IMBIRIBEIRA,CIDADE,TOMBAMENTO,0,1,0,0,0,0,0,1,0
1023,202310049,2023-05-07 0:00:00,5:05:00,COM VÍTIMA,FINALIZADA,CASA AMARELA,RUA PADRE LEMOS,,E/F AO RESIDENCIAL  ROBERTO  ROSA BORGES,CASA AMARELA,,COLISÃO LATERAL,1,1,0,0,0,0,0,1,0
1024,202310058,2023-05-07 0:00:00,7:28:00,COM VÍTIMA,CANCELADA,BOA VIAGEM,RUA SETUBAL,,APÓS O PARQUE DONA LINDU,BOA VIAGEM,CIDADE,COLISÃO FRONTAL,1,1,0,0,0,0,0,1,0
1025,202310059,2023-05-07 0:00:00,7:36:00,COM VÍTIMA,FINALIZADA,CASA FORTE,AV DEZESSETE DE AGOSTO,RUA MARQUES DE TAMANDARE,,CASA FORTE,,COLISÃO TRANSVERSAL,1,1,0,0,0,0,0,1,0
1026,202310066,2023-05-08 0:00:00,5:27:00,SEM VÍTIMA,FINALIZADA,ARRUDA,AV BEBERIBE,,EM FRENTE AO CAMPO DO ARRUDA,ARRUDA,,COLISÃO LATERAL,2,0,0,0,0,0,0,0,0
1027,202310078,2023-05-08 0:00:00,7:53:00,COM VÍTIMA,FINALIZADA,AREIAS,AV RECIFE,,"NA DESCIDA DO VIADUTO, PROX. AO ATACADÃO",AREIAS,,COLISÃO TRASEIRA,1,1,0,0,0,0,0,2,0
1028,202310089,2023-05-08 0:00:00,9:53:00,COM VÍTIMA,FINALIZADA,CASA AMARELA,RUA JORGE DE ALBUQUERQUE,,PROXIMO CENTRO MEDICO SENADOR ERMILIO DE MORAIS,CASA AMARELA,,COLISÃO LATERAL,1,1,0,0,0,0,0,1,0
1029,202310101,2023-05-08 0:00:00,11:19:00,COM VÍTIMA,FINALIZADA,JORDAO,AV JULIO CESAR,,PROXIMO TERMINAL DA VAN,JORDAO,,COLISÃO FRONTAL,0,1,0,1,0,0,0,1,0
1030,202310103,2023-05-08 0:00:00,11:40:00,COM VÍTIMA,FINALIZADA,IPUTINGA,AV MAURICIO DE NASSAU,,PROXIMO AO CAPELA SANTO ANTONIO,IPUTINGA,,COLISÃO FRONTAL,1,0,0,1,0,0,0,1,0
1031,202310122,2023-05-08 0:00:00,3:23:00,COM VÍTIMA,FINALIZADA,SANTO AMARO,VDO ENG ROBERTO PEREIRA DE CARVALHO,,AO LADO DO SHOPPING TACARUNA,SANTO AMARO,,COLISÃO TRASEIRA,3,0,0,0,1,0,0,1,0
1032,202310147,2023-05-08 0:00:00,11:24:00,SEM VÍTIMA,FINALIZADA,CASA FORTE,AV DEZESSETE DE AGOSTO,EST DAS UBAIAS,,CASA FORTE,SUBURBIO,,1,1,0,0,0,0,0,0,0
1033,202310150,2023-05-09 0:00:00,4:56:00,COM VÍTIMA,FINALIZADA,PRADO,AV ENGENHEIRO ABDIAS DE CARVALHO,,COM A RUA CARLOS GOMES,PRADO,,COLISÃO TRANSVERSAL,3,1,0,0,0,0,0,1,0
1034,202310184,2023-05-09 0:00:00,8:55:00,COM VÍTIMA,FINALIZADA,DOIS IRMAOS,RUA MANUEL DE MEDEIROS,,PROX. A UPA,DOIS IRMAOS,,COLISÃO TRASEIRA,1,1,0,0,0,0,0,1,0
1035,202310223,2023-05-09 0:00:00,4:19:00,COM VÍTIMA,FINALIZADA,DOIS UNIDOS,RUA VILA FLOR,,NO ALTO DO MARACANA NA RUA DA IGREJA ASSEMBLEIA DE DEUS,DOIS UNIDOS,,ATROPELAMENTO DE PESSOA,0,0,0,1,0,1,0,1,0
1036,202310224,2023-05-09 0:00:00,4:29:00,COM VÍTIMA,FINALIZADA,TAMARINEIRA,RUA VISCONDE DE ABAETE,,PROX GALARIA NORTE CENTER,TAMARINEIRA,,COLISÃO LATERAL,1,1,0,0,0,0,0,1,0
1037,202310226,2023-05-09 0:00:00,4:52:00,SEM VÍTIMA,FINALIZADA,SANTO AMARO,AV VISCONDE DE SUASSUNA,,APÓS A ESCOLA DE ENFERMAGEM,SANTO AMARO,,COLISÃO LATERAL,1,1,0,0,0,0,0,0,0
1038,202310234,2023-05-09 0:00:00,11:08:00,COM VÍTIMA,FINALIZADA,CAXANGA,AV CAXANGA,,EM FRENTE AO TI GETÚLIO VARGAS. SENTIDO SUBURBIO.,CAXANGA,SUBURBIO,COLISÃO TRASEIRA,0,1,0,0,0,0,0,2,0
1039,202310249,2023-05-10 0:00:00,7:32:00,COM VÍTIMA,FINALIZADA,SANTO AMARO,RUA DOS PALMARES,RUA AFONSO PENA,EM FRENTE AO RM,SANTO AMARO,,COLISÃO LATERAL,1,2,0,0,0,0,0,2,0
1040,202310251,2023-05-10 0:00:00,7:53:00,COM VÍTIMA,FINALIZADA,DERBY,AV GOVERNADOR AGAMENON MAGALHAES,RUA AMAURI DE MEDEIROS,,DERBY,,QUEDA,0,1,0,0,0,0,0,1,0
1041,202310253,2023-05-10 0:00:00,7:58:00,COM VÍTIMA,FINALIZADA,IPSEP,RUA DO CANAL,,DE ESQUINA COM MERCADINHO CONVENÇÃO,IPSEP,,COLISÃO FRONTAL,2,1,0,0,0,0,0,1,0
1042,202310257,2023-05-10 0:00:00,8:18:00,SEM VÍTIMA,FINALIZADA,TORRE,RUA JOSE BONIFACIO,RUA MARCOS ANDRE,CARREFOUR HIPERMERCADO TORRE,TORRE,,,1,0,0,0,0,1,0,0,0
1043,202310270,2023-05-10 0:00:00,10:23:00,COM VÍTIMA,FINALIZADA,TEJIPIO,AV DR JOSE RUFINO,,PROX. AO ARMAZEM CORAL,TEJIPIO,,COLISÃO TRANSVERSAL,0,2,0,0,0,0,0,1,0
1044,202310271,2023-05-10 0:00:00,10:35:00,COM VÍTIMA,FINALIZADA,SAO JOSE,C SANTA RITA,,ENTRADA DO CAIS DE SANTA RITA,SAO JOSE,,QUEDA,0,1,0,0,0,0,0,1,0
1045,202310278,2023-05-10 0:00:00,11:11:00,COM VÍTIMA,FINALIZADA,TAMARINEIRA,AV NORTE MIGUEL ARRAES DE ALENCAR,EST VELHA DE AGUA FRIA,CRUZAMENTO DAS VIAS,TAMARINEIRA,TORRE,COLISÃO LATERAL,0,2,0,0,0,0,0,1,0
1046,202310279,2023-05-10 0:00:00,11:16:00,SEM VÍTIMA,FINALIZADA,AFOGADOS,RUA SAO MIGUEL,,EM FRENTE A FARMACIA DO TRABALHADOR  NA PRAÇA DE AFOGADOS,AFOGADOS,,COLISÃO LATERAL,2,0,0,0,0,1,0,0,0
1047,202310293,2023-05-10 0:00:00,3:01:00,SEM VÍTIMA,FINALIZADA,,AV GOVERNADOR AGAMENON MAGALHAES,,EM FRENTE AO Nº 1114,,,,1,0,0,0,0,0,1,0,0
1048,202310296,2023-05-10 0:00:00,4:06:00,COM VÍTIMA,FINALIZADA,ARRUDA,AV BEBERIBE,,PROX AO ARMAZEM CANAL DA CONSTRUÇÃO,ARRUDA,,COLISÃO LATERAL,0,1,0,0,1,0,0,1,0
1049,202310301,2023-05-10 0:00:00,4:56:00,SEM VÍTIMA,CANCELADA,ENGENHO DO MEIO,AV VISCONDE DE SAO LEOPOLDO,,EM FRENTE A IGREJA CRISTÃ GRAÇA E FÉ,ENGENHO DO MEIO,,COLISÃO TRASEIRA,1,0,0,0,0,1,0,0,0
1050,202310312,2023-05-10 0:00:00,6:33:00,COM VÍTIMA,FINALIZADA,MADALENA,RUA BENFICA,,AV VISCONDE DE ALBUQUERQUE,MADALENA,,COLISÃO LATERAL,0,2,0,0,0,0,0,1,0
1051,202310324,2023-05-10 0:00:00,8:20:00,COM VÍTIMA,FINALIZADA,AFOGADOS,RUA SAO MIGUEL,,EM FRENTE AO DEPATRI,AFOGADOS,,COLISÃO LATERAL,1,1,0,0,0,0,0,1,0
1052,202310344,2023-05-11 0:00:00,7:59:00,COM VÍTIMA,FINALIZADA,MADALENA,AV ENGENHEIRO ABDIAS DE CARVALHO,RUA JOAO IVO DA SILVA,PROXIMO A ANTIGA HABBIS,MADALENA,,COLISÃO LATERAL,1,1,0,0,0,0,0,1,0
1053,202310347,2023-05-11 0:00:00,8:25:00,COM VÍTIMA,FINALIZADA,SAN MARTIN,AV GENERAL SAN MARTIN,,EM FRENTE A CHESF E PROXIMO AO HIPER,SAN MARTIN,,COLISÃO FRONTAL,1,1,0,0,0,0,0,1,0
1054,202310358,2023-05-11 0:00:00,9:35:00,COM VÍTIMA,FINALIZADA,AFOGADOS,LARGO DA PAZ,,IGREJA LARGO DA PAZ,AFOGADOS,,ATROPELAMENTO DE PESSOA,0,0,0,1,1,0,0,1,0
1055,202310359,2023-05-11 0:00:00,9:45:00,COM VÍTIMA,FINALIZADA,ILHA DO RETIRO,AV ENGENHEIRO ABDIAS DE CARVALHO,,,ILHA DO RETIRO,,ATROPELAMENTO DE PESSOA,0,1,0,0,0,0,0,1,0
1056,202310361,2023-05-11 0:00:00,10:21:00,SEM VÍTIMA,FINALIZADA,AFOGADOS,RUA DA PAZ,,EM FRENTE A IGREJA DA PAZ,AFOGADOS,SUBURBIO,,2,0,0,0,0,1,0,0,0
1057,202310374,2023-05-11 0:00:00,11:25:00,SEM VÍTIMA,FINALIZADA,PAISSANDU,AV GOVERNADOR AGAMENON MAGALHAES,,REAL HOSPITAL PORTUGUÊS,PAISSANDU,SUBURBIO,,0,1,0,0,0,0,1,0,0
1058,202310377,2023-05-11 0:00:00,11:34:00,COM VÍTIMA,FINALIZADA,BARRO,AV DR JOSE RUFINO,,EM FRENTE AO COLEGIO EMACULADA DA CONCEIÇÃO,BARRO,,ATROPELAMENTO DE PESSOA,0,1,0,1,0,0,0,1,0
1059,202310418,2023-05-11 0:00:00,6:11:00,COM VÍTIMA,FINALIZADA,ESPINHEIRO,RUA DR VICENTE MEIRA,RUA VIGARIO BARRETO,NA FRENTE DO EDIFICIO FIQUEIRAS,ESPINHEIRO,,COLISÃO LATERAL,1,1,0,0,0,0,0,1,0
1060,202310419,2023-05-11 0:00:00,6:27:00,COM VÍTIMA,FINALIZADA,CASA FORTE,AV DEZESSETE DE AGOSTO,RUA PIAUI,Centro Médico Sen. José Ermírio de Moraes,CASA FORTE,,ATROPELAMENTO DE PESSOA,1,0,0,1,0,0,0,1,0
1061,202310432,2023-05-11 0:00:00,8:14:00,COM VÍTIMA,FINALIZADA,ESTANCIA,AV RECIFE,,NO VIADUTO PRÓXIMO AO AINTIGO MAKRO,ESTANCIA,,COLISÃO FRONTAL,0,2,0,0,0,0,0,1,0
1062,202310437,2023-05-11 0:00:00,10:00:00,SEM VÍTIMA,CANCELADA,IMBIRIBEIRA,AV SUL,,AO LADO DO RESIDENCIAL BOA VIAGEM,IMBIRIBEIRA,,COLISÃO FRONTAL,3,0,0,0,0,0,0,0,0
1063,202310438,2023-05-11 0:00:00,10:40:00,COM VÍTIMA,FINALIZADA,IPUTINGA,AV MAURICIO DE NASSAU,,EM FRENTE AO MERCADO RENDE MAIS,IPUTINGA,,COLISÃO FRONTAL,1,1,0,0,0,0,0,1,0
1064,202310453,2023-05-12 0:00:00,7:23:00,COM VÍTIMA,FINALIZADA,BOA VIAGEM,AVENIDA CELSO FURTADO (VIA MANGUE),,PROX ULTIMO FOTOSENSOR DO PINA SENTIDO BOA VIAGEM,BOA VIAGEM,,COLISÃO TRASEIRA,1,1,0,0,0,0,0,1,0
1065,202310455,2023-05-12 0:00:00,7:38:00,COM VÍTIMA,CANCELADA,BOA VIAGEM,RUA PROFESSOR JOAO MEDEIROS,,POR TRAS DA DELEGACIA DE BOA VIAGEM,BOA VIAGEM,,COLISÃO LATERAL,2,1,0,0,0,0,0,1,0
1066,202310458,2023-05-12 0:00:00,8:17:00,COM VÍTIMA,FINALIZADA,MADALENA,AV ENGENHEIRO ABDIAS DE CARVALHO,,PROX AO SPORT CLUBE DO RECIFE,MADALENA,,COLISÃO TRASEIRA,2,2,0,0,0,0,0,3,0
1067,202310459,2023-05-12 0:00:00,8:29:00,COM VÍTIMA,FINALIZADA,CASA FORTE,AV DEZESSETE DE AGOSTO,RUA MARQUES DE TAMANDARE,PROXIMO AO BARCHET NUMERO 1893,CASA FORTE,,COLISÃO LATERAL,1,1,0,0,0,0,0,1,0
1068,202310506,2023-05-12 0:00:00,5:37:00,COM VÍTIMA,FINALIZADA,TORRE,RUA JOSE DE HOLANDA,,EM FRENTE AO MAMUTE BEER,TORRE,,COLISÃO TRASEIRA,1,1,0,0,0,0,0,1,0
1069,202310507,2023-05-12 0:00:00,5:46:00,COM VÍTIMA,FINALIZADA,MADALENA,RUA BARTOLOMEU DE GUSMAO,,EM FRENTE A BARBEARIA BELEZA CAFÉ E MODA,MADALENA,,ATROPELAMENTO DE PESSOA,1,0,0,1,0,0,0,1,0
1070,202310519,2023-05-12 0:00:00,6:44:00,COM VÍTIMA,FINALIZADA,DERBY,RUA JENER DE SOUZA,,EM FRENTE AO QUARTEL DO DERBY,DERBY,CIDADE,COLISÃO LATERAL,1,1,0,0,0,0,0,1,0
1071,202310528,2023-05-12 0:00:00,7:32:00,COM VÍTIMA,FINALIZADA,IPSEP,RUA JEAN EMILE FAVRE,1 TRV DOUTOR SABINO PINHO,PROX. A DELEGACIA,IPSEP,,COLISÃO TRANSVERSAL,1,1,0,0,0,0,0,1,0
1072,202310532,2023-05-12 0:00:00,8:46:00,COM VÍTIMA,FINALIZADA,IBURA,AV DOIS RIOS,,EM FRENTE A IGREJA PRESBITERIANA,IBURA,,COLISÃO TRANSVERSAL,0,1,0,0,0,0,1,1,0
1073,202310534,2023-05-13 0:00:00,2:31:00,VÍTIMA FATAL,FINALIZADA,SAN MARTIN,AV ENGENHEIRO ABDIAS DE CARVALHO,,PROX. COMPAZ,SAN MARTIN,CIDADE,COLISÃO TRANSVERSAL,1,1,0,0,0,0,0,1,1
1074,202310557,2023-05-13 0:00:00,8:45:00,COM VÍTIMA,FINALIZADA,IMBIRIBEIRA,AV MARECHAL MASCARENHAS DE MORAES,,"SENT. AEROPORTO, PROX. A ITALIANA",IMBIRIBEIRA,,COLISÃO TRASEIRA,1,1,0,0,0,0,0,1,0
1075,202310580,2023-05-13 0:00:00,10:07:00,COM VÍTIMA,FINALIZADA,CASA FORTE,AV DEZESSETE DE AGOSTO,,NA FRENTE CLUBE 17,CASA FORTE,,COLISÃO FRONTAL,1,1,0,0,0,0,0,1,0
1076,202310594,2023-05-13 0:00:00,12:44:00,COM VÍTIMA,FINALIZADA,ARRUDA,AV NORTE MIGUEL ARRAES DE ALENCAR,,SOB O SEMAFORO,ARRUDA,,COLISÃO FRONTAL,0,1,0,1,0,0,0,2,0
1077,202310599,2023-05-13 0:00:00,1:08:00,COM VÍTIMA,DUPLICIDADE,CASA AMARELA,AV NORTE MIGUEL ARRAES DE ALENCAR,,E/F AO SESC DE CASA AMARELA  S/T SUB,CASA AMARELA,,COLISÃO COM CICLISTA,0,1,1,0,0,0,0,2,0
1078,202310638,2023-05-13 0:00:00,11:02:00,SEM VÍTIMA,FINALIZADA,SANTO ANTONIO,TRV DO ARSENAL DE GUERRA,,,SANTO ANTONIO,,CHOQUE,1,0,0,0,0,0,0,0,0
1079,202310642,2023-05-14 0:00:00,1:51:00,VÍTIMA FATAL,FINALIZADA,IBURA,RUA DO CAMPO,,TERMINAL DE ONIBUS DO UR-02,IBURA,,ATROPELAMENTO DE PESSOA,0,0,0,1,0,0,0,0,1
1080,202310645,2023-05-14 0:00:00,4:41:00,SEM VÍTIMA,FINALIZADA,TAMARINEIRA,RUA SAO VICENTE,,EDF MANOEL JOAQUIM MEIRELES,TAMARINEIRA,,CAPOTAMENTO,2,0,0,0,0,0,0,0,0
1081,202310672,2023-05-14 0:00:00,4:12:00,COM VÍTIMA,FINALIZADA,SANTO AMARO,AV GOVERNADOR AGAMENON MAGALHAES,,EM FRENTE AO MINISTÉRIO DO TRABALHA,SANTO AMARO,BOA VIAGEM,CHOQUE,1,1,0,0,0,0,0,1,0
1082,202310676,2023-05-14 0:00:00,4:44:00,COM VÍTIMA,FINALIZADA,VARZEA,AV CAXANGA,RUA GENERAL POLIDORO,EM FRENTE A FIAT ITALIANA,VARZEA,CIDADE,COLISÃO TRASEIRA,1,2,0,0,0,0,0,1,0
1083,202310679,2023-05-14 0:00:00,6:10:00,COM VÍTIMA,CANCELADA,ESTANCIA,AV TAPAJOS,,PROX A O POSTO DE GASOLINA PETROBRAS,ESTANCIA,,COLISÃO FRONTAL,1,1,0,0,0,0,0,1,0
1084,202310693,2023-05-14 0:00:00,7:48:00,SEM VÍTIMA,CANCELADA,BEBERIBE,AV BEBERIBE,,EM FRENTE DA ACADEMIA DA CIDADE,BEBERIBE,SUBURBIO,COLISÃO TRANSVERSAL,2,0,0,0,0,0,0,0,0
1085,202310711,2023-05-15 0:00:00,9:45:00,SEM VÍTIMA,FINALIZADA,BOA VISTA,RUA DA AURORA,RUA DR SEBASTIAO LINS,AO LADO DO CINEMA SÃO LUIZ,BOA VISTA,SUBURBIO,,1,1,0,0,0,0,0,0,0
1086,202310713,2023-05-15 0:00:00,9:59:00,COM VÍTIMA,FINALIZADA,IPSEP,AV RECIFE,,EM FRENTE A CARLOS EQUIPADORA,IPSEP,,COLISÃO FRONTAL,1,1,0,0,0,0,0,1,0
1087,202310717,2023-05-15 0:00:00,11:56:00,SEM VÍTIMA,FINALIZADA,AFOGADOS,RUA COSME VIANA,,EM FRENTE AO JP BIKE,AFOGADOS,SUBURBIO,COLISÃO TRASEIRA,2,0,0,0,0,0,0,0,0
1088,202310718,2023-05-15 0:00:00,12:06:00,SEM VÍTIMA,FINALIZADA,SANTO AMARO,RUA AURORA,RUA DOIS DE JULHO,,SANTO AMARO,CIDADE,,1,0,0,0,0,1,0,0,0
1089,202310765,2023-05-16 0:00:00,9:28:00,COM VÍTIMA,FINALIZADA,ROSARINHO,AV NORTE MIGUEL ARRAES DE ALENCAR,,"EM FRENTE A PRAÇA DO ROSARINHO, SENT. MACAXEIRA",ROSARINHO,,QUEDA,0,1,0,0,0,0,0,1,0
1090,202310771,2023-05-16 0:00:00,9:58:00,COM VÍTIMA,FINALIZADA,PINA,AV HERCULANO BANDEIRA,,AO LADO A IGREJA DO PINA,PINA,,COLISÃO LATERAL,1,1,0,0,0,0,0,1,0
1091,202310789,2023-05-16 0:00:00,1:54:00,COM VÍTIMA,FINALIZADA,CASA FORTE,RUA IRMA MARIA DAVID,EST DAS UBAIAS,,CASA FORTE,,COLISÃO TRANSVERSAL,1,1,0,0,0,0,0,1,0
1092,202310790,2023-05-16 0:00:00,2:04:00,SEM VÍTIMA,FINALIZADA,BOA VISTA,RUA HENRIQUE DIAS,AV GOVERNADOR AGAMENON MAGALHAES,SOB O SEMÁFORO,BOA VISTA,,,1,0,0,0,1,0,0,0,0
1093,202310796,2023-05-16 0:00:00,2:45:00,SEM VÍTIMA,FINALIZADA,SAO JOSE,AV SUL,,PRÓXIMO A PRAÇA FREI CANECA,SAO JOSE,CIDADE,COLISÃO TRASEIRA,2,0,0,0,0,0,0,0,0
1094,202310809,2023-05-16 0:00:00,5:13:00,COM VÍTIMA,FINALIZADA,BOA VIAGEM,RUA DEZ DE JULHO,,ALUGUEL BRASIL,BOA VIAGEM,,COLISÃO FRONTAL,1,1,0,0,0,0,0,1,0
1095,202310811,2023-05-16 0:00:00,5:26:00,COM VÍTIMA,CANCELADA,IPSEP,AV RECIFE,,PROX AO ARMAZEM CORAL / NA ENTRADA DO IBURA,IPSEP,,COLISÃO LATERAL,1,1,0,0,0,0,0,1,0
1096,202310837,2023-05-16 0:00:00,11:25:00,COM VÍTIMA,FINALIZADA,TORRE,RUA REAL DA TORRE,,EM CIMA DO VIADUTO DA TORRE,TORRE,,ATROPELAMENTO DE PESSOA,1,0,0,1,0,0,0,1,0
1097,202310874,2023-05-17 0:00:00,10:19:00,COM VÍTIMA,FINALIZADA,PINA,AVENIDA CELSO FURTADO (VIA MANGUE),RUA TOME GIBSON,,PINA,,COLISÃO TRASEIRA,1,1,0,0,0,0,0,1,0
1098,202310899,2023-05-17 0:00:00,1:24:00,COM VÍTIMA,CANCELADA,AFOGADOS,RUA SAO MIGUEL,,E/F AO DEPATRI,AFOGADOS,,COLISÃO FRONTAL,1,1,0,0,0,0,0,1,0
1099,202310904,2023-05-17 0:00:00,2:15:00,SEM VÍTIMA,CANCELADA,DOIS IRMAOS,RUA DOIS IRMAOS,,REF: SEMÁFORO,DOIS IRMAOS,,COLISÃO TRANSVERSAL,1,0,0,0,0,1,0,0,0
1100,202310907,2023-05-17 0:00:00,3:36:00,COM VÍTIMA,FINALIZADA,IPSEP,AV RECIFE,,ENFRENTE AO ARMAZEM,IPSEP,,COLISÃO LATERAL,1,1,0,0,0,0,0,1,0
1101,202310921,2023-05-17 0:00:00,5:48:00,COM VÍTIMA,FINALIZADA,IPSEP,AV PRESIDENTE DUTRA,,LADO OPOSTO AO RESTAURANTE SAL E BRASA,IPSEP,,COLISÃO COM CICLISTA,0,1,1,0,0,0,0,2,0
1102,202310944,2023-05-17 0:00:00,9:41:00,COM VÍTIMA,FINALIZADA,CASA FORTE,AV DEZESSETE DE AGOSTO,,EM FRENTE AO CENTRO MEDICO JOSÉ HERLIO DE MORAES,CASA FORTE,,COLISÃO LATERAL,1,1,0,0,0,0,0,1,0
1103,202310960,2023-05-18 0:00:00,6:54:00,COM VÍTIMA,FINALIZADA,PINA,AV HERCULANO BANDEIRA,RUA NOGUEIRA DE SOUZA,APOS O ATACADÃO DA CONSTRUÇÃO,PINA,,COLISÃO LATERAL,0,0,0,0,0,0,0,1,0
1104,202310977,2023-05-18 0:00:00,8:43:00,COM VÍTIMA,FINALIZADA,BONGI,RUA ISAAC MARKMAN,,PROX. A CELPE,BONGI,,COLISÃO COM CICLISTA,1,0,1,0,0,0,0,1,0
1105,202310987,2023-05-18 0:00:00,9:40:00,COM VÍTIMA,FINALIZADA,BOA VIAGEM,AV ENGENHEIRO DOMINGOS FERREIRA,RUA PADRE BERNADINO PESSOA,PROX A TORRE MADRI RESIDENCIAL,BOA VIAGEM,,COLISÃO FRONTAL,2,0,0,0,0,0,0,1,0
1106,202311004,2023-05-18 0:00:00,11:34:00,SEM VÍTIMA,FINALIZADA,IPSEP,RUA BLUMENAU,,PROXIMO LOJA DONA ENI,IPSEP,,COLISÃO TRASEIRA,1,1,0,0,0,0,0,0,0
1107,202311006,2023-05-18 0:00:00,12:39:00,COM VÍTIMA,CANCELADA,VARZEA,RUA MARECHAL MANOEL LUIS OSORIO,,DE FRENTE AO HAPVIDA DA BR,VARZEA,,COLISÃO LATERAL,1,1,0,0,0,0,0,2,0
1108,202311012,2023-05-18 0:00:00,2:09:00,COM VÍTIMA,FINALIZADA,IBURA,AV QUEIXARAMOBIM,,EM FRENTE A IGREJA BATISTA REMIDO DO SENHOR,IBURA,,ATROPELAMENTO DE PESSOA,1,0,0,1,0,0,0,1,0
1109,202311014,2023-05-18 0:00:00,2:17:00,SEM VÍTIMA,FINALIZADA,ENCRUZILHADA,RUA DR JOSE MARIA,,EM FRENTE AO MERCADO DA ENCRUZILHADA,ENCRUZILHADA,CIDADE,,1,0,0,0,0,0,1,0,0
1110,202311043,2023-05-18 0:00:00,8:00:00,COM VÍTIMA,FINALIZADA,CASA AMARELA,RUA DA HARMONIA,,AO LADO DA IGREJA DA HARMONIA,CASA AMARELA,,COLISÃO LATERAL,1,1,0,0,0,0,0,1,0
1111,202311045,2023-05-18 0:00:00,8:04:00,COM VÍTIMA,FINALIZADA,MANGUEIRA,RUA VINTE E UM DE ABRIL,,PROX A CENTRO MUNICIPAL DE EDUCAÇÃO INFANTIL DA MANGUEIRA,MANGUEIRA,,COLISÃO FRONTAL,1,1,0,0,0,0,0,1,0
1112,202311055,2023-05-19 0:00:00,6:12:00,COM VÍTIMA,FINALIZADA,AFOGADOS,RUA SAO MIGUEL,,EM FRENTE AO CARTORIO,AFOGADOS,,COLISÃO LATERAL,0,1,0,0,1,0,0,2,0
1113,202311056,2023-05-19 0:00:00,6:43:00,VÍTIMA FATAL,FINALIZADA,CAXANGA,AV AFONSO OLINDENSE,,"APOS A INTEGRAÇÃO DA CAXANGA, SENT. CAMARAGIBE",CAXANGA,,ATROPELAMENTO DE PESSOA,0,0,0,1,1,0,0,0,1