_id,Protocolo,data,hora,natureza,situacao,bairro,endereco,detalhe_endereco_acidente,complemento,bairro_cruzamento,sentido_via,tipo,auto,moto,ciclista,pedestre,onibus,caminhao,viatura,vitimas,vitimasfatais
1114,202311075,2023-05-19 0:00:00,8:58:00,SEM VÍTIMA,FINALIZADA,DERBY,AV GOVERNADOR AGAMENON MAGALHAES,,SOB O SEMÁFORO Nº  075,DERBY,SUBURBIO,CHOQUE,0,0,0,0,0,1,0,0,0
1115,202311088,2023-05-19 0:00:00,10:49:00,COM VÍTIMA,FINALIZADA,IMBIRIBEIRA,RUA ARQUITETO LUIZ NUNES,,EM FRENTE ESCOLA ANITA GARIBALDA,IMBIRIBEIRA,,COLISÃO LATERAL,1,1,0,0,0,0,0,1,0
1116,202311091,2023-05-19 0:00:00,11:34:00,COM VÍTIMA,FINALIZADA,MADALENA,RUA JOSE OSORIO,,PONTE DA CAPUMGA,MADALENA,,COLISÃO LATERAL,1,1,0,0,0,0,0,2,0
1117,202311093,2023-05-19 0:00:00,11:47:00,COM VÍTIMA,FINALIZADA,IBURA,AV RECIFE,,ENTRADA DO IBURA,IBURA,,COLISÃO FRONTAL,1,1,0,0,0,0,0,2,0
1118,202311120,2023-05-19 0:00:00,4:20:00,SEM VÍTIMA,FINALIZADA,APIPUCOS,AV DEZESSETE DE AGOSTO,PRC MONTEIRO,OPOSTO PRAÇA MONTEIRO,APIPUCOS,SUBURBIO,COLISÃO TRASEIRA,1,0,0,0,1,0,0,0,0
1119,202311122,2023-05-19 0:00:00,4:58:00,COM VÍTIMA,FINALIZADA,SAN MARTIN,AV GENERAL SAN MARTIN,,APOS O SEMAFORO 067  AO LADO DA ACADEMIA GYM FIT,SAN MARTIN,,COLISÃO LATERAL,1,1,0,0,0,0,0,1,0
1120,202311145,2023-05-20 0:00:00,12:44:00,COM VÍTIMA,FINALIZADA,IMBIRIBEIRA,AV MARECHAL MASCARENHAS DE MORAES,,EM FRENTE A HONDA E O JUIZADO CÍVIL,IMBIRIBEIRA,SUBURBIO,COLISÃO FRONTAL,0,1,0,0,0,1,0,1,0
1121,202311150,2023-05-20 0:00:00,4:32:00,COM VÍTIMA,FINALIZADA,MADALENA,AV VISCONDE DE ALBUQUERQUE,,CASA DA BATERIA MOURA,MADALENA,,COLISÃO LATERAL,2,0,0,0,0,0,0,1,0
1122,202311167,2023-05-20 0:00:00,8:28:00,COM VÍTIMA,FINALIZADA,FUNDAO,AV BEBERIBE,RUA CORONEL URBANO RIBEIRO DE SENA,LADO OPOSTO AO N 2666,FUNDAO,,ATROPELAMENTO DE PESSOA,1,0,0,1,0,0,0,1,0
1123,202311189,2023-05-20 0:00:00,4:05:00,COM VÍTIMA,FINALIZADA,GRACAS,AV CONS ROSA E SILVA,,EM FRENTE AO CLUBE PORTUGUÊS,GRACAS,,COLISÃO TRASEIRA,2,0,0,0,0,0,0,1,0
1124,202311192,2023-05-20 0:00:00,5:16:00,COM VÍTIMA,FINALIZADA,CAMPO GRANDE,RUA ODORICO MENDES,,EM FRENTE À CENTRAL DE FLAGRANTES,CAMPO GRANDE,,COLISÃO COM CICLISTA,0,1,1,0,0,0,0,1,0
1125,202311193,2023-05-20 0:00:00,5:19:00,COM VÍTIMA,FINALIZADA,AFOGADOS,AV CENTRAL,,EM FRENTE A ESTAÇÃO DE AFOGADOS,AFOGADOS,,ATROPELAMENTO DE PESSOA,0,1,0,1,0,0,0,1,0
1126,202311194,2023-05-20 0:00:00,5:49:00,COM VÍTIMA,FINALIZADA,IMBIRIBEIRA,AV GENERAL MAC ARTHUR,,EM FRENTE AO CONDOMINIO LE PARC,IMBIRIBEIRA,,COLISÃO TRASEIRA,1,1,0,0,0,0,0,1,0
1127,202311211,2023-05-20 0:00:00,11:38:00,COM VÍTIMA,CANCELADA,CASA FORTE,AV FLOR DE SANTANA,,PRÓX. AO BUTECO 878,CASA FORTE,,COLISÃO TRASEIRA,1,1,0,0,0,0,0,1,0
1128,202311213,2023-05-21 0:00:00,1:26:00,COM VÍTIMA,CANCELADA,ESPINHEIRO,RUA AMELIA,,CACHAÇARIA TRADIÇÃO,ESPINHEIRO,,COLISÃO TRANSVERSAL,2,0,0,0,0,0,0,1,0
1129,202311221,2023-05-21 0:00:00,5:43:00,SEM VÍTIMA,FINALIZADA,,AV ENGENHEIRO ABDIAS DE CARVALHO,EST DOS REMEDIOS,SOB SEMÁFORO Nº 052,,SUBURBIO,CHOQUE,1,0,0,0,0,0,0,0,0
1130,202311233,2023-05-21 0:00:00,9:28:00,COM VÍTIMA,FINALIZADA,CASA AMARELA,AV NORTE MIGUEL ARRAES DE ALENCAR,RUA GUIMARAES PEIXOTO,ENTRADA DA MANGABEIRA,CASA AMARELA,,QUEDA,0,1,0,0,0,0,0,2,0
1131,202311265,2023-05-21 0:00:00,6:06:00,COM VÍTIMA,FINALIZADA,SAO JOSE,AV SUL,,PROX AO QUARTEL DO CABAMGA,SAO JOSE,,COLISÃO COM CICLISTA,0,0,1,0,1,0,0,1,0
1132,202311276,2023-05-21 0:00:00,10:26:00,COM VÍTIMA,FINALIZADA,CAMPO GRANDE,RUA JERONIMO VILELA,,AO LADO DO BAR DO ZÉ,CAMPO GRANDE,,COLISÃO LATERAL,1,1,0,0,0,0,0,1,0
1133,202311277,2023-05-22 0:00:00,12:19:00,COM VÍTIMA,FINALIZADA,SANTO ANTONIO,AV MARTINS DE BARROS,,EM FRENTE A ESTAÇÃO DO BRT MAURICIO DE NASSAU,SANTO ANTONIO,,ATROPELAMENTO DE PESSOA,0,0,0,1,1,0,0,1,0
1134,202311283,2023-05-22 0:00:00,6:15:00,COM VÍTIMA,CANCELADA,SAO JOSE,AV SUL,RUA IMPERIAL,PROXIMO AO GALPÃO DO GALO DA MADRUGADA  NO SENTIDO SUB/CID.,SAO JOSE,CIDADE,COLISÃO COM CICLISTA,0,0,1,0,0,0,0,1,0
1135,202311295,2023-05-22 0:00:00,8:29:00,COM VÍTIMA,FINALIZADA,ILHA JOANA BEZERRA,VDO PAPA JOAO PAULO II,,"EM CIMA DO VIADUTO, SENT. BOA VIAGEM",ILHA JOANA BEZERRA,,COLISÃO TRASEIRA,0,2,0,0,0,0,0,2,0
1136,202311296,2023-05-22 0:00:00,8:35:00,COM VÍTIMA,FINALIZADA,ESPINHEIRO,AV GOVERNADOR AGAMENON MAGALHAES,,EM FRENTE AO CREA,ESPINHEIRO,,COLISÃO LATERAL,1,1,0,0,0,0,0,1,0
1137,202311305,2023-05-22 0:00:00,9:38:00,COM VÍTIMA,CANCELADA,BOA VIAGEM,AV BOA VIAGEM,,APOS O HOSPITAL DA AERONAUTICA,BOA VIAGEM,,COLISÃO TRASEIRA,1,1,0,0,0,0,0,1,0
1138,202311308,2023-05-22 0:00:00,10:41:00,COM VÍTIMA,FINALIZADA,VARZEA,RUA PROFESSOR ANTONIO COELHO,,RUA DO COLEGIO E CURSO DESAFIO,VARZEA,,COLISÃO LATERAL,1,1,0,0,0,0,0,2,0
1139,202311322,2023-05-22 0:00:00,1:03:00,SEM VÍTIMA,FINALIZADA,AFOGADOS,RUA SAO MIGUEL,,EM FRENTE AO POSTO DISLUB,AFOGADOS,,COLISÃO TRASEIRA,2,0,0,0,0,0,1,0,0
1140,202311325,2023-05-22 0:00:00,1:17:00,SEM VÍTIMA,FINALIZADA,GRACAS,PTE RIVALDO DE CARVALHO,,SOB O SEMÁFORO,GRACAS,SUBURBIO,COLISÃO TRASEIRA,1,0,0,0,1,0,0,0,0
1141,202311326,2023-05-22 0:00:00,1:26:00,COM VÍTIMA,FINALIZADA,BOA VIAGEM,AV CONSELHEIRO AGUIAR,,EM FRENTE A PADARIA CARMEM / ACADEMIA SANTÉ,BOA VIAGEM,,COLISÃO LATERAL,1,1,0,0,0,0,0,1,0
1142,202311340,2023-05-22 0:00:00,3:34:00,SEM VÍTIMA,CANCELADA,IPSEP,RUA VIRGINIA HERACLIO,,PROX POSTO DE SAUDE  NÃO TEM NUMERO,IPSEP,,COLISÃO TRASEIRA,2,0,0,0,0,0,0,0,0
1143,202311346,2023-05-22 0:00:00,4:39:00,COM VÍTIMA,FINALIZADA,SAO JOSE,RUA SAO JOAO,,EM FRENTE AO EDIFICIO SÃO RAFAEL / TERCEIRO MODULO DO CAMELODROMO,SAO JOSE,,COLISÃO FRONTAL,1,1,0,0,0,0,0,1,0
1144,202311363,2023-05-22 0:00:00,7:10:00,COM VÍTIMA,FINALIZADA,AGUA FRIA,EST VELHA DE AGUA FRIA,AV PROFESSOR JOSE DOS ANJOS,EM FRENTE AO DNOX,AGUA FRIA,,COLISÃO FRONTAL,0,2,0,0,0,0,0,2,0
1145,202311364,2023-05-22 0:00:00,7:57:00,COM VÍTIMA,FINALIZADA,TORRE,RUA PADRE ANCHIETA,,PROX COMFRARIA DO SANDUBA,TORRE,,COLISÃO LATERAL,1,1,0,0,0,0,0,1,0
1146,202311381,2023-05-23 0:00:00,6:52:00,COM VÍTIMA,FINALIZADA,AREIAS,AV RECIFE,,"EM FRENTE AO SUPERMERCADO ATACADÃO, EM FRENTE AO SEMÁFORO 461",AREIAS,,COLISÃO TRASEIRA,1,0,0,0,0,1,0,1,0
1147,202311384,2023-05-23 0:00:00,7:25:00,COM VÍTIMA,FINALIZADA,PARNAMIRIM,RUA ABRAHAM LINCOLN,,PROXIMO A GALERIA VIA ROMA E LADO DO COLEGIO GGE DO PARNAMIRIM,PARNAMIRIM,,COLISÃO TRASEIRA,1,1,0,0,0,0,0,2,0
1148,202311397,2023-05-23 0:00:00,8:13:00,COM VÍTIMA,FINALIZADA,MADALENA,RUA MENEZES DRUMOND,,EM FRENTE A UNIDADE DA SAUDE DA FAMILIA SITIO DO CARDOSO,MADALENA,,COLISÃO LATERAL,1,1,0,0,0,0,0,1,0
1149,202311429,2023-05-23 0:00:00,11:17:00,SEM VÍTIMA,FINALIZADA,IMBIRIBEIRA,AV MARECHAL MASCARENHAS DE MORAES,,ASA VEÍCULOS,IMBIRIBEIRA,,COLISÃO LATERAL,2,0,0,0,0,1,0,0,0
1150,202311434,2023-05-23 0:00:00,11:46:00,COM VÍTIMA,FINALIZADA,BOA VIAGEM,RUA DONA MAGINA PONTUAL,RUA JOAO DIAS MARTINS,RUA QUE DE FRENTE DROGARIA SÃO PAULO,BOA VIAGEM,,COLISÃO LATERAL,1,1,0,0,0,0,0,1,0
1151,202311435,2023-05-23 0:00:00,11:59:00,COM VÍTIMA,FINALIZADA,GRACAS,RUA GUILHERME PINTO,,PROXIMO AO MAURICIO DE NASSAU,GRACAS,,COLISÃO LATERAL,1,1,0,0,0,0,0,1,0
1152,202311442,2023-05-23 0:00:00,2:30:00,COM VÍTIMA,FINALIZADA,IMBIRIBEIRA,AV MARECHAL MASCARENHAS DE MORAES,,LADO OPOSTO A FERREIRA COSTA E EM FRENTE A CASAS BAHIA/ SENTIDO PRAZERES,IMBIRIBEIRA,,COLISÃO TRASEIRA,1,0,0,0,0,1,0,1,0
1153,202311444,2023-05-23 0:00:00,2:56:00,COM VÍTIMA,FINALIZADA,ARRUDA,RUA RAMIZ GALVAO,,E/F AO BAR MISTUREBA,ARRUDA,,COLISÃO LATERAL,2,0,0,0,0,0,0,1,0
1154,202311445,2023-05-23 0:00:00,3:09:00,COM VÍTIMA,FINALIZADA,TORRE,AV BEIRA RIO,RUA CONDE DE IRAJA,COLISAO SOBRE A  PONTE  VT 03 NO LOCAL,TORRE,,COLISÃO FRONTAL,2,1,0,0,0,0,0,1,0
1155,202311447,2023-05-23 0:00:00,3:36:00,COM VÍTIMA,FINALIZADA,MACAXEIRA,AV NORTE MIGUEL ARRAES DE ALENCAR,,,MACAXEIRA,,QUEDA,0,1,0,0,0,0,0,1,0
1156,202311452,2023-05-23 0:00:00,4:22:00,COM VÍTIMA,FINALIZADA,CAXANGA,AV CAXANGA,RUA GREGORIO JUNIOR,,CAXANGA,,QUEDA,0,0,0,0,0,0,0,1,0
1157,202311459,2023-05-23 0:00:00,6:02:00,SEM VÍTIMA,FINALIZADA,CASA AMARELA,RUA CONS NABUCO,,COLÉGIO APOIO,CASA AMARELA,,COLISÃO LATERAL,2,0,0,0,0,0,0,0,0
1158,202311460,2023-05-23 0:00:00,6:04:00,COM VÍTIMA,FINALIZADA,IMBIRIBEIRA,RUA ARQUITETO LUIZ NUNES,,NA FRENTE DO COLEGIO ANITA GARIBALDE,IMBIRIBEIRA,,COLISÃO FRONTAL,1,1,0,0,0,0,0,1,0
1159,202311472,2023-05-23 0:00:00,9:02:00,SEM VÍTIMA,FINALIZADA,GRACAS,RUA DAS GRACAS,AV RUI BARBOSA,EM FRENTE A FARMÁCIA DROGASIL,GRACAS,CIDADE,COLISÃO TRASEIRA,2,0,0,0,0,0,0,0,0
1160,202311473,2023-05-23 0:00:00,10:51:00,COM VÍTIMA,FINALIZADA,JARDIM SAO PAULO,PRC DO JARDIM SAO PAULO,,PRAÇA DE JARDIM SÃO PAULO,JARDIM SAO PAULO,,CHOQUE,1,0,0,0,0,0,0,2,0
1161,202311502,2023-05-24 0:00:00,9:30:00,COM VÍTIMA,FINALIZADA,BAIRRO DO RECIFE,AV NORTE MIGUEL ARRAES DE ALENCAR,PTE DO LIMOEIRO,NA DESCIDA DA PONTE,BAIRRO DO RECIFE,,COLISÃO FRONTAL,1,1,0,0,0,0,0,1,0
1162,202311528,2023-05-24 0:00:00,3:25:00,COM VÍTIMA,FINALIZADA,TORRE,RUA MARCOS ANDRE,RUA JOSE BONIFACIO,EM FRENTE AO SUPERMERCADO CARREFOUR,TORRE,,COLISÃO LATERAL,1,1,0,0,0,0,0,2,0
1163,202311537,2023-05-24 0:00:00,5:36:00,SEM VÍTIMA,FINALIZADA,GRACAS,RUA JORNALISTA PAULO BITTENCOURT,RUA AMARO BEZERRA,,GRACAS,,,0,1,0,0,0,0,1,0,0
1164,202311555,2023-05-24 0:00:00,7:44:00,SEM VÍTIMA,FINALIZADA,MANGABEIRA,AV NORTE MIGUEL ARRAES DE ALENCAR,AV PROFESSOR JOSE DOS ANJOS,SEMÁFORO 364,MANGABEIRA,CIDADE,,1,0,0,0,0,1,0,0,0
1165,202311578,2023-05-25 0:00:00,8:10:00,COM VÍTIMA,FINALIZADA,AGUA FRIA,RUA ALTO SANTA TEREZA,,PROX. AO MERCADINHO LEMOS,AGUA FRIA,,COLISÃO FRONTAL,1,1,0,0,0,0,0,2,0
1166,202311601,2023-05-25 0:00:00,9:51:00,SEM VÍTIMA,FINALIZADA,MADALENA,EST DOS REMEDIOS,AV VISCONDE DE ALBUQUERQUE,,MADALENA,,COLISÃO TRASEIRA,1,0,0,0,0,1,0,0,0
1167,202311611,2023-05-25 0:00:00,11:06:00,COM VÍTIMA,FINALIZADA,SANTO AMARO,AV CRUZ CABUGA,,EM FRENTE A UNIVERSAL,SANTO AMARO,,COLISÃO LATERAL,1,1,0,0,0,0,0,1,0
1168,202311629,2023-05-25 0:00:00,1:17:00,COM VÍTIMA,FINALIZADA,VARZEA,RUA VALE DO SIRIJI,,APOS A PRAÇA DO PM  E/F AO RESTAURANTE SABOR DA VILA,VARZEA,,COLISÃO FRONTAL,2,0,0,0,0,0,0,2,0
1169,202311634,2023-05-25 0:00:00,2:18:00,COM VÍTIMA,FINALIZADA,IMBIRIBEIRA,RUA ARQUITETO LUIZ NUNES,AV ENGENHEIRO ALVES DE SOUZA,PROX AO RESTAURANTE JULIETTOS   E/F A DROGASIL,IMBIRIBEIRA,,COLISÃO LATERAL,1,1,0,0,0,0,0,1,0
1170,202311637,2023-05-25 0:00:00,2:43:00,VÍTIMA FATAL,FINALIZADA,AREIAS,RUA IPOJUCA,,PRAÇA DO HEROI,AREIAS,,COLISÃO FRONTAL,0,1,0,0,0,1,0,0,1
1171,202311645,2023-05-25 0:00:00,4:06:00,SEM VÍTIMA,FINALIZADA,PINA,AV ANTONIO DE GOES,AV CONSELHEIRO AGUIAR,LADO OPOSTO A CASA DA BATERIA,PINA,CIDADE,COLISÃO TRANSVERSAL,1,0,0,0,1,0,0,0,0
1172,202311655,2023-05-25 0:00:00,6:09:00,COM VÍTIMA,FINALIZADA,TORREAO,RUA FREI MIGUELINHO,RUA DJALMA FARIAS,PROX AO RESTAURANTE ARGO,TORREAO,,COLISÃO LATERAL,3,0,0,0,0,0,0,1,0
1173,202311661,2023-05-25 0:00:00,6:39:00,COM VÍTIMA,FINALIZADA,IMBIRIBEIRA,AV MARECHAL MASCARENHAS DE MORAES,,,IMBIRIBEIRA,,QUEDA,0,0,0,0,0,0,0,1,0
1174,202311673,2023-05-25 0:00:00,8:12:00,COM VÍTIMA,FINALIZADA,GRACAS,RUA JOAO RAMOS,RUA BRUNO MAIA,AO LADO DA PIZZARIA ATLANTICO,GRACAS,,COLISÃO LATERAL,1,1,0,0,0,0,0,2,0
1175,202311679,2023-05-25 0:00:00,10:07:00,COM VÍTIMA,FINALIZADA,CAXANGA,RUA RIBEIRO PESSOA,,PRÓXIMO A UPA DA CAXANGÁ,CAXANGA,,COLISÃO LATERAL,0,2,0,0,0,0,0,2,0
1176,202311682,2023-05-26 0:00:00,12:12:00,COM VÍTIMA,FINALIZADA,DOIS UNIDOS,AV HILDEBRANDO DE VASCONCELOS,,PRÓXIMO A SUBIDA DO ALTO DO MARACANÃ E AO CIPICÃES,DOIS UNIDOS,,COLISÃO LATERAL,1,1,0,0,0,0,0,1,0
1177,202311683,2023-05-26 0:00:00,12:39:00,SEM VÍTIMA,FINALIZADA,TORRE,RUA JOAO TUDE DE MELO,,"SOBRE A PONTE, SENTIDO NORTE",TORRE,,TOMBAMENTO,0,0,0,0,0,0,0,0,0
1178,202311685,2023-05-26 0:00:00,3:32:00,COM VÍTIMA,FINALIZADA,ROSARINHO,RUA DR JOSE MARIA,RUA REGUEIRA COSTA,,ROSARINHO,,COLISÃO LATERAL,0,0,0,0,0,0,0,1,0
1179,202311708,2023-05-26 0:00:00,8:03:00,COM VÍTIMA,FINALIZADA,ARRUDA,RUA MARQUES DE BAIPENDI,,PROX. A FABRICA DA COCA COLA,ARRUDA,,COLISÃO LATERAL,1,1,0,0,0,0,0,2,0
1180,202311709,2023-05-26 0:00:00,8:12:00,COM VÍTIMA,FINALIZADA,IPSEP,AV RECIFE,,APOS A PADARIA VILA DO PÃO,IPSEP,,COLISÃO TRASEIRA,1,1,0,0,0,0,0,1,0
1181,202311743,2023-05-26 0:00:00,12:57:00,SEM VÍTIMA,FINALIZADA,VARZEA,AV CAXANGA,,EM FRENTE AO  RESTAURANTE BOI E BRASA,VARZEA,CIDADE,COLISÃO TRANSVERSAL,1,0,0,0,0,0,1,0,0
1182,202311760,2023-05-26 0:00:00,5:07:00,COM VÍTIMA,FINALIZADA,IMBIRIBEIRA,AV MARECHAL MASCARENHAS DE MORAES,,E/F AO AEROPORTO S/T  JABOATAO,IMBIRIBEIRA,,COLISÃO LATERAL,1,1,0,0,0,0,0,1,0
1183,202311761,2023-05-26 0:00:00,5:20:00,COM VÍTIMA,FINALIZADA,BAIRRO DO RECIFE,AV ALFREDO LISBOA,,EM FRENTE AO ESTACIONAMENTO DO CAIS E AO POSTO PETROBRAS,BAIRRO DO RECIFE,,COLISÃO LATERAL,1,1,0,0,0,0,0,1,0
1184,202311788,2023-05-26 0:00:00,9:36:00,SEM VÍTIMA,FINALIZADA,BAIRRO DO RECIFE,PTE CONDE MAURICIO DE NASSAU,,PONTE MAURÍCIO DE NASSAU,BAIRRO DO RECIFE,SUBURBIO,COLISÃO TRASEIRA,0,1,0,0,0,0,1,0,0
1185,202311789,2023-05-26 0:00:00,9:50:00,COM VÍTIMA,CANCELADA,BOA VIAGEM,RUA PADRE LEANDRO CAMELO,,,BOA VIAGEM,,COLISÃO LATERAL,0,2,0,0,0,0,0,1,0
1186,202311792,2023-05-27 0:00:00,1:11:00,COM VÍTIMA,FINALIZADA,ARRUDA,RUA DA REGENERACAO,,PROX. A FABRICA DA SKAVE ANTIGA COCACOLA,ARRUDA,,COLISÃO LATERAL,1,1,0,0,0,0,0,1,0
1187,202311799,2023-05-27 0:00:00,4:01:00,SEM VÍTIMA,FINALIZADA,DERBY,AV GOVERNADOR AGAMENON MAGALHAES,,EM FRENTE AO HOSPITAL MEMORIAL (SENTIDO OLINDA),DERBY,,CAPOTAMENTO,1,0,0,0,0,0,0,0,0
1188,202311804,2023-05-27 0:00:00,7:28:00,COM VÍTIMA,FINALIZADA,IMBIRIBEIRA,AV MARECHAL MASCARENHAS DE MORAES,1 TRV DOUTOR SABINO PINHO,EM FRENTE A CONSERCIONARIA CHERY,IMBIRIBEIRA,SUBURBIO,COLISÃO TRASEIRA,1,1,0,0,0,0,0,1,0
1189,202311810,2023-05-27 0:00:00,7:49:00,COM VÍTIMA,FINALIZADA,SANTO AMARO,AV CRUZ CABUGA,RUA VINTE E QUATRO DE AGOSTO,RUA DA CONTAX,SANTO AMARO,SUBURBIO,COLISÃO LATERAL,1,1,0,0,0,0,0,1,0
1190,202311900,2023-05-27 0:00:00,10:35:00,SEM VÍTIMA,FINALIZADA,IBURA,AV RIO LARGO,,APÓS O MERCADO PROAB,IBURA,SUBURBIO,COLISÃO FRONTAL,2,0,0,0,0,0,0,0,0
1191,202311934,2023-05-28 0:00:00,12:43:00,COM VÍTIMA,CANCELADA,IBURA,AV DOIS RIOS,,EM FRENTE A POLICLINICA ARNALDO MARQUES,IBURA,,COLISÃO FRONTAL,0,2,0,0,0,0,0,1,0
1192,202311937,2023-05-28 0:00:00,2:08:00,COM VÍTIMA,FINALIZADA,BOA VIAGEM,RUA DEZ DE JULHO,RUA CAMBOIM,PROXIMO A ALUGUE BRASIL,BOA VIAGEM,,COLISÃO LATERAL,1,1,0,0,0,0,0,1,0
1193,202311963,2023-05-28 0:00:00,6:24:00,COM VÍTIMA,FINALIZADA,BOA VIAGEM,RUA VISCONDE DE JEQUITINHONHA,,NA RUA POR TRÁS DO PARQUE DONA LINDU,BOA VIAGEM,,ATROPELAMENTO DE PESSOA,1,0,0,1,0,0,0,1,0
1194,202311973,2023-05-28 0:00:00,9:42:00,COM VÍTIMA,FINALIZADA,VASCO DA GAMA,RUA VASCO DA GAMA,,EM FRENTE A PAULO ADESIVOS,VASCO DA GAMA,,COLISÃO FRONTAL,1,1,0,0,0,0,0,1,0
1195,202311974,2023-05-28 0:00:00,9:48:00,COM VÍTIMA,FINALIZADA,MANGABEIRA,AV NORTE MIGUEL ARRAES DE ALENCAR,,EM FRENTE A  CLINICA CÃO,MANGABEIRA,,COLISÃO TRASEIRA,1,1,0,0,0,0,0,1,0
1196,202311997,2023-05-29 0:00:00,7:50:00,COM VÍTIMA,FINALIZADA,NOVA DESCOBERTA,AV VEREADOR OTACILIO AZEVEDO,,EM FRENTE A KINITOS,NOVA DESCOBERTA,,COLISÃO FRONTAL,1,1,0,0,0,0,0,1,0
1197,202311999,2023-05-29 0:00:00,7:52:00,SEM VÍTIMA,FINALIZADA,ILHA DO RETIRO,RUA SENADOR FABIO DE BARROS,RUA DR JOAO MARQUES,EM FRENTE AO N° 100,ILHA DO RETIRO,CIDADE,COLISÃO TRANSVERSAL,1,0,0,0,0,0,1,0,0
1198,202312018,2023-05-29 0:00:00,10:34:00,SEM VÍTIMA,FINALIZADA,,AV DOM PEDRO I - IMPERADOR,,,,,COLISÃO TRASEIRA,2,0,0,0,0,0,0,0,0
1199,202312052,2023-05-29 0:00:00,2:18:00,SEM VÍTIMA,FINALIZADA,IPSEP,RUA ARGEMIRO MIRANDA,,,IPSEP,,,1,0,0,0,0,1,0,0,0
1200,202312057,2023-05-29 0:00:00,3:38:00,COM VÍTIMA,FINALIZADA,GRACAS,AV RUI BARBOSA,,EM FRENTE AO BANCO SANTANDER,GRACAS,,COLISÃO TRASEIRA,1,1,0,0,0,0,0,2,0
1201,202312059,2023-05-29 0:00:00,4:39:00,SEM VÍTIMA,FINALIZADA,ESPINHEIRO,AV GOVERNADOR AGAMENON MAGALHAES,PRC PARQUE AMORIM,SUPER BOM PREÇO,ESPINHEIRO,SUBURBIO,COLISÃO TRANSVERSAL,2,0,0,0,0,0,0,0,0
1202,202312063,2023-05-29 0:00:00,5:14:00,COM VÍTIMA,FINALIZADA,APIPUCOS,RUA DO MUSSU,,PROX A ROSE BELTRÃO,APIPUCOS,,COLISÃO FRONTAL,1,1,0,0,0,0,0,2,0
1203,202312080,2023-05-30 0:00:00,12:22:00,SEM VÍTIMA,FINALIZADA,JARDIM SAO PAULO,RUA BRAGANCA,RUA LORENA,PRÓX A BR-101,JARDIM SAO PAULO,,COLISÃO TRANSVERSAL,2,0,0,0,0,0,0,0,0
1204,202312106,2023-05-30 0:00:00,8:36:00,COM VÍTIMA,FINALIZADA,IMBIRIBEIRA,AV MARECHAL MASCARENHAS DE MORAES,,EM FRENTE A LOJA VENEZA MATERIAL DE CONSTRUÇÃO,IMBIRIBEIRA,,COLISÃO FRONTAL,0,2,0,0,0,0,0,2,0
1205,202312131,2023-05-30 0:00:00,1:33:00,SEM VÍTIMA,FINALIZADA,PARNAMIRIM,RUA DES GOIS CAVALCANTE,EST DO ARRAIAL,EM FRENTE AO HOSPITAL AGAMENON MAGALHÃES,PARNAMIRIM,SUBURBIO,,1,0,0,0,1,0,0,0,0
1206,202312142,2023-05-30 0:00:00,4:10:00,COM VÍTIMA,FINALIZADA,SAO JOSE,RUA FLORIANO PEIXOTO,,EM FRENTE A ESTAÇÃO RECIFE  E A EMPRESA SONYLON,SAO JOSE,,COLISÃO LATERAL,0,2,0,0,0,0,0,1,0
1207,202312145,2023-05-30 0:00:00,4:44:00,COM VÍTIMA,FINALIZADA,CAMPO GRANDE,RUA ODORICO MENDES,,PROXIMO A DELEGACIA,CAMPO GRANDE,,COLISÃO LATERAL,0,0,0,0,0,0,0,2,0
1208,202312149,2023-05-30 0:00:00,5:47:00,COM VÍTIMA,FINALIZADA,ARRUDA,RUA RAUL POMPEIA,,AO LADO DO CANAL DA CONSTRUÇÃO,ARRUDA,,COLISÃO LATERAL,1,1,0,0,0,0,0,2,0
1209,202312150,2023-05-30 0:00:00,6:22:00,COM VÍTIMA,CANCELADA,BARRO,AV CENTRAL,,PROX AO BAR DO DEDA,BARRO,,ATROPELAMENTO DE PESSOA,0,0,0,1,1,0,0,1,0
1210,202312168,2023-05-30 0:00:00,7:59:00,COM VÍTIMA,FINALIZADA,JARDIM SAO PAULO,RUA MANOEL INACIO,,DE FRENTE A RUA MANOEL INACIO / ANTES DE ACESSAR A BR-101 SENTIDO PRAZERES / SAÍDA DO TERMINAL DO BARRO EM DIREÇÃO A PRAZERES,JARDIM SAO PAULO,,ATROPELAMENTO DE PESSOA,0,0,0,0,1,0,0,1,0
1211,202312169,2023-05-30 0:00:00,8:04:00,COM VÍTIMA,FINALIZADA,BOA VIAGEM,RUA SA E SOUZA,,EM FRENTE A DROGASIL,BOA VIAGEM,,COLISÃO LATERAL,0,2,0,0,0,0,0,1,0
1212,202312175,2023-05-31 0:00:00,7:09:00,COM VÍTIMA,FINALIZADA,PINA,AVENIDA CELSO FURTADO (VIA MANGUE),,SENT. BOA VIAGEM NA LOMBADA ELETRNICA,PINA,,COLISÃO LATERAL,1,1,0,0,0,0,0,1,0
1213,202312177,2023-05-31 0:00:00,7:16:00,COM VÍTIMA,FINALIZADA,PINA,AVENIDA CELSO FURTADO (VIA MANGUE),,"SENT. BOA VIAGEM, ANTES DA LOMBADA ELETRONICA",PINA,,CHOQUE,1,0,0,0,0,0,0,1,0