_id,Protocolo,data,hora,natureza,situacao,bairro,endereco,detalhe_endereco_acidente,complemento,bairro_cruzamento,sentido_via,tipo,auto,moto,ciclista,pedestre,onibus,caminhao,viatura,vitimas,vitimasfatais
1214,202312178,2023-05-31 0:00:00,7:27:00,COM VÍTIMA,FINALIZADA,BEBERIBE,AV BEBERIBE,,"EM FRENTE AO NÚMERO 3677,  EM FRENTE AO SESC SENAC",BEBERIBE,,COLISÃO LATERAL,1,1,0,0,0,0,0,1,0
1215,202312191,2023-05-31 0:00:00,8:17:00,COM VÍTIMA,FINALIZADA,BOA VISTA,RUA DAS NINFAS,,PROX. AO VEM GRANDE RECIFE,BOA VISTA,,COLISÃO LATERAL,0,2,0,0,0,0,0,2,0
1216,202312202,2023-05-31 0:00:00,10:00:00,COM VÍTIMA,CANCELADA,BOA VIAGEM,RUA ERNESTO DE PAULA SANTOS,,,BOA VIAGEM,,COLISÃO LATERAL,1,1,0,0,0,0,0,1,0
1217,202312205,2023-05-31 0:00:00,10:17:00,COM VÍTIMA,CANCELADA,PINA,AVENIDA CELSO FURTADO (VIA MANGUE),,,PINA,,QUEDA,0,1,0,0,0,0,0,1,0
1218,202312245,2023-05-31 0:00:00,3:54:00,COM VÍTIMA,FINALIZADA,SANTO AMARO,AV VISCONDE DE SUASSUNA,,NO SEMÁFORO 172,SANTO AMARO,,COLISÃO LATERAL,1,1,0,0,0,0,0,2,0
1219,202312250,2023-05-31 0:00:00,4:43:00,COM VÍTIMA,FINALIZADA,PINA,AVENIDA CELSO FURTADO (VIA MANGUE),,DEPOIS DO RIO MAR,PINA,,COLISÃO TRASEIRA,1,1,0,0,0,0,0,1,0
1220,202312270,2023-05-31 0:00:00,11:18:00,COM VÍTIMA,FINALIZADA,CIDADE UNIVERSITARIA,RUA GENERAL POLIDORO,RUA AGRICOLANDIA,,CIDADE UNIVERSITARIA,,COLISÃO LATERAL,1,1,0,0,0,0,0,2,0
1221,202312288,2023-06-01 0:00:00,7:19:00,COM VÍTIMA,FINALIZADA,BOA VIAGEM,AV ENGENHEIRO DOMINGOS FERREIRA,,"AO LADO DO ASSAI, SENT. BOA VIAGEM",BOA VIAGEM,,COLISÃO FRONTAL,1,1,0,0,0,0,0,1,0
1222,202312299,2023-06-01 0:00:00,8:21:00,COM VÍTIMA,FINALIZADA,JORDAO,AV MARIA IRENE,,,JORDAO,,ATROPELAMENTO DE PESSOA,0,1,0,1,0,0,0,1,0
1223,202312306,2023-06-01 0:00:00,9:26:00,COM VÍTIMA,FINALIZADA,AFOGADOS,RUA SAO MIGUEL,RUA DO DESPACHO,PROXIMO AO POSTO DE GASOLINA DISLUB,AFOGADOS,,COLISÃO TRANSVERSAL,1,1,0,0,0,0,0,1,0
1224,202312315,2023-06-01 0:00:00,10:38:00,COM VÍTIMA,DUPLICIDADE,BOA VIAGEM,RUA VISCONDE DE JEQUITINHONHA,RUA BALTAZAR PASSOS,EDF. MARIA DE LEVINA- 680,BOA VIAGEM,,COLISÃO LATERAL,1,1,0,0,1,0,0,1,0
1225,202312320,2023-06-01 0:00:00,10:51:00,COM VÍTIMA,FINALIZADA,BOA VIAGEM,RUA BALTAZAR PASSOS,RUA VISCONDE DE JEQUITINHONHA,EM FRENTE AO EDF. MARIA GUILHERMINA,BOA VIAGEM,,COLISÃO LATERAL,1,1,0,0,0,0,0,1,0
1226,202312324,2023-06-01 0:00:00,11:47:00,COM VÍTIMA,CANCELADA,IMBIRIBEIRA,AV CENTENARIO ALBERTO SANTOS DUMONT,,ANTES DO TUNEL FELIPE CAMARAO NA ROTATORIA,IMBIRIBEIRA,,COLISÃO FRONTAL,1,1,0,0,0,0,0,1,0
1227,202312330,2023-06-01 0:00:00,12:14:00,COM VÍTIMA,CANCELADA,IBURA,AV DOIS RIOS,,PROX AO VAREJÃO ESTRELA,IBURA,,COLISÃO LATERAL,1,1,0,0,0,0,0,1,0
1228,202312336,2023-06-01 0:00:00,12:21:00,COM VÍTIMA,FINALIZADA,BOA VIAGEM,AV ENGENHEIRO DOMINGOS FERREIRA,,EM FRENTE AO BANCO DAYCOVAL,BOA VIAGEM,,COLISÃO TRASEIRA,0,2,0,0,0,0,0,1,0
1229,202312344,2023-06-01 0:00:00,1:53:00,COM VÍTIMA,CANCELADA,SANTO AMARO,RUA AURORA,,APOS AO TAVARES BURIL,SANTO AMARO,,CHOQUE,0,1,0,0,0,0,0,1,0
1230,202312346,2023-06-01 0:00:00,2:16:00,COM VÍTIMA,CANCELADA,SANTO AMARO,AV PREFEITO ARTUR LIMA CAVALCANTI,,,SANTO AMARO,,COLISÃO LATERAL,0,0,0,0,0,0,0,1,0
1231,202312347,2023-06-01 0:00:00,2:16:00,COM VÍTIMA,CANCELADA,AFOGADOS,RUA SAO MIGUEL,,EM FRENTE AO BODE DO NÔ,AFOGADOS,,COLISÃO TRASEIRA,1,1,0,0,0,0,0,1,0
1232,202312356,2023-06-01 0:00:00,5:34:00,COM VÍTIMA,CANCELADA,JORDAO,RUA SAGRES,,NA ESQUINA DO POSTO DE SAUDE  DO JORDAO  BAIXO,JORDAO,,QUEDA,0,1,0,0,0,0,0,1,0
1233,202312372,2023-06-01 0:00:00,7:31:00,COM VÍTIMA,FINALIZADA,AFOGADOS,AV SUL,,EM FRENTE A LOJA MAÇONICA,AFOGADOS,,COLISÃO FRONTAL,0,0,1,0,1,0,0,1,0
1234,202312376,2023-06-01 0:00:00,9:12:00,SEM VÍTIMA,FINALIZADA,TOTO,AV LIBERDADE,,EM FRENTE AO PRESIDIO,TOTO,,COLISÃO LATERAL,0,1,0,0,0,0,1,0,0
1235,202312379,2023-06-01 0:00:00,11:36:00,SEM VÍTIMA,CANCELADA,BOA VIAGEM,RUA DEZ DE JULHO,,MANSÃO CRISTAL,BOA VIAGEM,,COLISÃO FRONTAL,2,0,0,0,0,0,0,0,0
1236,202312407,2023-06-02 0:00:00,9:06:00,COM VÍTIMA,CANCELADA,AREIAS,RUA CORONEL LAMENHA,,PROX. AO SINDICATO DOS METROVIARIOS DE PE,AREIAS,,COLISÃO LATERAL,0,1,0,0,0,0,0,1,0
1237,202312410,2023-06-02 0:00:00,9:19:00,COM VÍTIMA,FINALIZADA,MADALENA,AV VISCONDE DE ALBUQUERQUE,,PROX. A FARMACIA TRADIÇÃO,MADALENA,,COLISÃO LATERAL,1,1,0,0,0,0,0,1,0
1238,202312415,2023-06-02 0:00:00,9:41:00,SEM VÍTIMA,FINALIZADA,MADALENA,EST DOS REMEDIOS,RUA DR JOAO MARQUES,EM FRENTE A VIA TOTAL PNEUS,MADALENA,,,1,0,0,0,0,0,1,0,0
1239,202312423,2023-06-02 0:00:00,10:30:00,COM VÍTIMA,FINALIZADA,TAMARINEIRA,RUA CONEGO BARATA,,EM FRENTE A FERREIRA COSTA,TAMARINEIRA,,COLISÃO LATERAL,0,0,0,0,0,0,0,1,0
1240,202312426,2023-06-02 0:00:00,10:44:00,COM VÍTIMA,FINALIZADA,MADALENA,AV CAXANGA,,PROX. A FARMACIA PAGUE MENOS E POSTO DE GASOLINA IPIRANGA,MADALENA,,COLISÃO LATERAL,1,1,0,0,0,0,0,1,0
1241,202312429,2023-06-02 0:00:00,10:59:00,COM VÍTIMA,FINALIZADA,DERBY,AV GOVERNADOR AGAMENON MAGALHAES,,EM FRENTE AO BRADESCO,DERBY,,ATROPELAMENTO DE PESSOA,1,0,0,1,0,0,0,1,0
1242,202312433,2023-06-02 0:00:00,12:11:00,COM VÍTIMA,FINALIZADA,BOA VISTA,AV MONTEVIDEU,RUA TABIRA,PROX A CASA DE APOIO DOS MUNICIPIOS DE GRAVATA,BOA VISTA,,COLISÃO LATERAL,1,1,0,0,0,0,0,1,0
1243,202312441,2023-06-02 0:00:00,1:22:00,COM VÍTIMA,FINALIZADA,BOA VIAGEM,AV ENGENHEIRO DOMINGOS FERREIRA,,,BOA VIAGEM,,COLISÃO LATERAL,0,0,0,0,0,0,0,1,0
1244,202312442,2023-06-02 0:00:00,2:26:00,COM VÍTIMA,FINALIZADA,TORREAO,AV NORTE MIGUEL ARRAES DE ALENCAR,,SOBRE O VIADUTO PRESIDENTE MEDICI,TORREAO,,COLISÃO LATERAL,0,1,0,0,0,0,0,1,0
1245,202312449,2023-06-02 0:00:00,3:35:00,COM VÍTIMA,FINALIZADA,CORREGO DO JENIPAPO,AV DA RECUPERACAO,,APOS A UPINHA E/F AO GALETO DO ROBERTO,CORREGO DO JENIPAPO,,QUEDA,0,1,0,0,0,0,0,1,0
1246,202312452,2023-06-02 0:00:00,3:56:00,COM VÍTIMA,FINALIZADA,AFLITOS,AV CONS ROSA E SILVA,,PROX  AO CLUBE  DO NAUTICO E/F AO EDF MARIA AUGUSTA,AFLITOS,,COLISÃO TRASEIRA,1,1,0,0,0,0,0,1,0
1247,202312453,2023-06-02 0:00:00,4:20:00,COM VÍTIMA,FINALIZADA,IMBIRIBEIRA,AV MARECHAL MASCARENHAS DE MORAES,,EM FRENTE A MARAVILHA MOTOS,IMBIRIBEIRA,,COLISÃO LATERAL,0,2,0,0,0,0,0,2,0
1248,202312456,2023-06-02 0:00:00,4:30:00,COM VÍTIMA,FINALIZADA,AFOGADOS,RUA TABAIARES,,EM FRENTE A HYUNDAI,AFOGADOS,,COLISÃO LATERAL,1,1,0,0,0,0,0,1,0
1249,202312459,2023-06-02 0:00:00,4:39:00,COM VÍTIMA,CANCELADA,ILHA DO RETIRO,RUA TABAIARES,,EM FRENTE A HYUNDAI,ILHA DO RETIRO,,COLISÃO LATERAL,1,1,0,0,0,0,0,1,0
1250,202312461,2023-06-02 0:00:00,4:41:00,COM VÍTIMA,FINALIZADA,TAMARINEIRA,AV NORTE MIGUEL ARRAES DE ALENCAR,,FARMACIA PAGUE MENOS,TAMARINEIRA,,COLISÃO LATERAL,1,1,0,0,0,0,0,1,0
1251,202312463,2023-06-02 0:00:00,4:57:00,COM VÍTIMA,DUPLICIDADE,IMBIRIBEIRA,AV MARECHAL MASCARENHAS DE MORAES,,LADO OPOSTO AO NEO BLINDADOS,IMBIRIBEIRA,,COLISÃO TRASEIRA,0,2,0,0,0,0,0,2,0
1252,202312465,2023-06-02 0:00:00,5:02:00,COM VÍTIMA,DUPLICIDADE,CASA AMARELA,AV NORTE MIGUEL ARRAES DE ALENCAR,,FARMACIA PAGUE MENOS,CASA AMARELA,,COLISÃO LATERAL,1,1,0,0,0,0,0,1,0
1253,202312467,2023-06-02 0:00:00,5:31:00,COM VÍTIMA,FINALIZADA,VARZEA,RUA GASTAO VIDIGAL,,E/F A IGREJA ASSEMBLEIA DE DEUS,VARZEA,,COLISÃO LATERAL,1,1,0,0,0,0,0,1,0
1254,202312478,2023-06-02 0:00:00,7:49:00,COM VÍTIMA,FINALIZADA,IBURA,AV SANTA FE,,PADARIA PORTO SEGURO,IBURA,,ATROPELAMENTO DE PESSOA,0,1,0,1,0,0,0,1,0
1255,202312486,2023-06-02 0:00:00,9:38:00,COM VÍTIMA,CANCELADA,PINA,AV HERCULANO BANDEIRA,,PRÓXIMO A PAGUE MENOS,PINA,,COLISÃO LATERAL,1,1,0,0,0,0,0,1,0
1256,202312500,2023-06-03 0:00:00,6:54:00,COM VÍTIMA,CANCELADA,TORROES,AV ENGENHEIRO ABDIAS DE CARVALHO,,DEPOPIS DA UPA DO TORROES,TORROES,,COLISÃO FRONTAL,0,0,0,0,0,0,0,1,0
1257,202312506,2023-06-03 0:00:00,7:51:00,COM VÍTIMA,CANCELADA,CASA AMARELA,RUA PAULA BATISTA,,EM FRENTE A SUPER BOMPREÇO,CASA AMARELA,,COLISÃO LATERAL,1,1,0,0,0,0,0,1,0
1258,202312516,2023-06-03 0:00:00,9:43:00,COM VÍTIMA,FINALIZADA,TEJIPIO,AV DR JOSE RUFINO,,E/F A ESTAÇAO DO METRO DE TEJIPIO,TEJIPIO,,COLISÃO LATERAL,1,1,0,0,0,0,0,1,0
1259,202312520,2023-06-03 0:00:00,10:12:00,COM VÍTIMA,CANCELADA,VARZEA,RUA MARIO CAMPELO,,,VARZEA,,COLISÃO FRONTAL,2,0,0,0,0,0,0,1,0
1260,202312526,2023-06-03 0:00:00,11:53:00,COM VÍTIMA,FINALIZADA,CAMPO GRANDE,AV GOVERNADOR AGAMENON MAGALHAES,,EM FRENTE ANTIGA FABRICA DO SHOOPING TACARUNA,CAMPO GRANDE,,ATROPELAMENTO DE PESSOA,1,0,0,1,0,0,0,2,0
1261,202312527,2023-06-03 0:00:00,12:09:00,COM VÍTIMA,DUPLICIDADE,TORROES,RUA WASHINGTON DUARTE ESPINDOLA,,,TORROES,,COLISÃO FRONTAL,2,0,0,0,0,0,0,1,0
1262,202312528,2023-06-03 0:00:00,12:11:00,COM VÍTIMA,FINALIZADA,AREIAS,AV RECIFE,,E/F AO SAL E BRASA,AREIAS,,COLISÃO LATERAL,1,1,0,0,0,0,0,1,0
1263,202312531,2023-06-03 0:00:00,12:35:00,COM VÍTIMA,FINALIZADA,TORROES,AV ENGENHEIRO ABDIAS DE CARVALHO,,EM FRENTE A MARCELO BOMA DE COMBUSTIVEL/ SENTIDO BR,TORROES,,ATROPELAMENTO DE PESSOA,0,0,0,1,0,1,0,1,0
1264,202312544,2023-06-03 0:00:00,3:12:00,COM VÍTIMA,FINALIZADA,ROSARINHO,AV NORTE MIGUEL ARRAES DE ALENCAR,,NO SEMÁFORO 081,ROSARINHO,SUBURBIO,COLISÃO LATERAL,0,1,0,0,0,1,0,1,0
1265,202312554,2023-06-03 0:00:00,4:12:00,VÍTIMA FATAL,FINALIZADA,TORRE,RUA JOSE BONIFACIO,,,TORRE,,ATROPELAMENTO DE PESSOA,0,0,0,1,0,0,0,1,1
1266,202312572,2023-06-03 0:00:00,6:39:00,COM VÍTIMA,FINALIZADA,BOA VIAGEM,RUA DEZ DE JULHO,RUA CAMBOIM,PROX AO MAIRSON CRISTAL,BOA VIAGEM,,COLISÃO LATERAL,1,1,0,0,0,0,0,1,0
1267,202312573,2023-06-03 0:00:00,6:43:00,SEM VÍTIMA,CANCELADA,IBURA,AV DOIS RIOS,,EM FRENTE AO POSTO MAIS,IBURA,,COLISÃO TRASEIRA,2,0,0,0,0,0,0,0,0
1268,202312607,2023-06-04 0:00:00,9:09:00,COM VÍTIMA,CANCELADA,JARDIM SAO PAULO,RUA LORENA,,RUA DO ARAMAZEM UTILIDADES,JARDIM SAO PAULO,,COLISÃO LATERAL,1,1,0,0,0,0,0,1,0
1269,202312609,2023-06-04 0:00:00,9:22:00,SEM VÍTIMA,FINALIZADA,IBURA,AV DOIS RIOS,,PRÓXIMO A ENTRADA DA VILA DO SESI,IBURA,,COLISÃO TRANSVERSAL,1,1,0,0,0,0,0,0,0
1270,202312610,2023-06-04 0:00:00,9:28:00,COM VÍTIMA,FINALIZADA,CABANGA,RUA DILERMANO REIS,,EM FRENTE A COMPESA,CABANGA,,COLISÃO LATERAL,1,1,0,0,0,0,0,1,0
1271,202312612,2023-06-04 0:00:00,9:45:00,COM VÍTIMA,FINALIZADA,BEBERIBE,AV BEBERIBE,,PROX. AO POSTO DE GASOLINA PAIS E FILHOS,BEBERIBE,,ATROPELAMENTO DE PESSOA,0,1,0,1,0,0,0,1,0
1272,202312633,2023-06-04 0:00:00,12:51:00,COM VÍTIMA,FINALIZADA,BEBERIBE,AV BEBERIBE,,,BEBERIBE,,COLISÃO LATERAL,0,1,0,0,0,0,0,1,0
1273,202312639,2023-06-04 0:00:00,2:25:00,SEM VÍTIMA,FINALIZADA,SANTO AMARO,AV CRUZ CABUGA,RUA DOS PALMARES,AO LADO DA IGREJA UNIVERSAL,SANTO AMARO,CIDADE,COLISÃO LATERAL,1,0,0,0,0,1,0,0,0
1274,202312643,2023-06-04 0:00:00,4:20:00,COM VÍTIMA,FINALIZADA,BOA VISTA,AV CONDE DA BOA VISTA,,,BOA VISTA,,COLISÃO LATERAL,0,0,0,0,0,0,0,1,0
1275,202312645,2023-06-04 0:00:00,4:21:00,COM VÍTIMA,FINALIZADA,TEJIPIO,AV DR JOSE RUFINO,,,TEJIPIO,,COLISÃO LATERAL,1,0,0,0,0,0,0,1,0
1276,202312671,2023-06-04 0:00:00,7:35:00,COM VÍTIMA,FINALIZADA,JORDAO,RUA DR ALVARO FERRAZ,,TERMINAL DO JORDÃO BAIXO,JORDAO,,ATROPELAMENTO DE PESSOA,1,0,0,1,0,0,0,1,0
1277,202312672,2023-06-04 0:00:00,7:44:00,COM VÍTIMA,FINALIZADA,BEBERIBE,AV BEBERIBE,,BISNOVE / ATACADÃO DOS PNEUS,BEBERIBE,,COLISÃO LATERAL,1,1,0,0,0,0,0,1,0
1278,202312692,2023-06-05 0:00:00,7:28:00,COM VÍTIMA,FINALIZADA,AFOGADOS,RUA COSME VIANA,,EM FRENTE A TUPAN,AFOGADOS,,COLISÃO LATERAL,1,1,0,0,0,0,0,1,0
1279,202312693,2023-06-05 0:00:00,7:45:00,COM VÍTIMA,FINALIZADA,ENCRUZILHADA,AV BEBERIBE,,EM FRENTE A DROGASIL,ENCRUZILHADA,,COLISÃO FRONTAL,2,1,0,0,0,0,0,1,0
1280,202312694,2023-06-05 0:00:00,7:53:00,COM VÍTIMA,DUPLICIDADE,IMBIRIBEIRA,AV MARECHAL MASCARENHAS DE MORAES,,PROX AO SAL E BRASA,IMBIRIBEIRA,,COLISÃO FRONTAL,1,1,0,0,0,0,0,1,0
1281,202312695,2023-06-05 0:00:00,7:55:00,COM VÍTIMA,FINALIZADA,IBURA,AV PRESIDENTE DUTRA,,PROX. AO RESTAURANTE SAL E BRASA,IBURA,,COLISÃO FRONTAL,1,1,0,0,0,0,0,2,0
1282,202312700,2023-06-05 0:00:00,8:51:00,VÍTIMA FATAL,FINALIZADA,IMBIRIBEIRA,AV MARECHAL MASCARENHAS DE MORAES,,"PROX. VICENTE VANS, SENT JABOATÃO",IMBIRIBEIRA,,CHOQUE,0,1,0,0,0,0,0,1,1
1283,202312713,2023-06-05 0:00:00,12:05:00,COM VÍTIMA,FINALIZADA,BOA VIAGEM,RUA ANTONIO FALCAO,,DEBAIXO DA VIA MANGUE,BOA VIAGEM,,COLISÃO LATERAL,1,1,0,0,0,0,0,2,0
1284,202312718,2023-06-05 0:00:00,1:00:00,COM VÍTIMA,FINALIZADA,IMBIRIBEIRA,RUA ARQUITETO LUIZ NUNES,,,IMBIRIBEIRA,,COLISÃO LATERAL,0,0,0,0,0,0,0,1,0
1285,202312719,2023-06-05 0:00:00,1:13:00,COM VÍTIMA,CANCELADA,TORRE,RUA PIO IX,,EM FRENTE AO EDIFICIO MARIA RAQUEL,TORRE,,COLISÃO LATERAL,1,1,0,0,0,0,0,1,0
1286,202312720,2023-06-05 0:00:00,2:04:00,COM VÍTIMA,CANCELADA,IMBIRIBEIRA,RUA ARQUITETO LUIZ NUNES,,ESCOLA ANITA GARIBALDI,IMBIRIBEIRA,,COLISÃO LATERAL,1,1,0,0,0,0,0,1,0
1287,202312721,2023-06-05 0:00:00,2:11:00,COM VÍTIMA,FINALIZADA,MADALENA,RUA DEMOCRITO DE SOUZA FILHO,,,MADALENA,,COLISÃO LATERAL,0,0,0,0,0,0,0,1,0
1288,202312726,2023-06-05 0:00:00,4:07:00,COM VÍTIMA,FINALIZADA,TAMARINEIRA,AV NORTE MIGUEL ARRAES DE ALENCAR,RUA JOSE CARVALHEIRA,PROX A FARIAS E ROCHA ADVOCACIA  VT  06 ESTA NO LOCAL,TAMARINEIRA,,COLISÃO LATERAL,1,1,0,0,0,0,0,2,0
1289,202312728,2023-06-05 0:00:00,4:39:00,COM VÍTIMA,FINALIZADA,IBURA,RUA DR BENIGNO JORDAO DE VASCONCELOS,,DEPOSITO DO POBREZINHO,IBURA,,COLISÃO LATERAL,0,0,0,0,0,0,0,3,0
1290,202312732,2023-06-05 0:00:00,5:43:00,COM VÍTIMA,FINALIZADA,CASA AMARELA,RUA MAJOR NEREU GUERRA,,COLEGIO PADRE MACHADO,CASA AMARELA,,COLISÃO LATERAL,1,1,0,0,0,0,0,2,0
1291,202312733,2023-06-05 0:00:00,5:49:00,COM VÍTIMA,FINALIZADA,IMBIRIBEIRA,AV PINHEIROS,,NO TERMINAL DAS VANS,IMBIRIBEIRA,,COLISÃO FRONTAL,1,1,0,0,0,0,0,1,0
1292,202312741,2023-06-05 0:00:00,6:58:00,COM VÍTIMA,FINALIZADA,IMBIRIBEIRA,AV MARECHAL MASCARENHAS DE MORAES,,EM FRENTE A FERREIRA COSTA,IMBIRIBEIRA,,COLISÃO TRASEIRA,1,1,0,0,0,0,0,2,0
1293,202312758,2023-06-05 0:00:00,11:36:00,COM VÍTIMA,FINALIZADA,AFLITOS,AV CONS ROSA E SILVA,RUA CAPITAO SAMPAIO XAVIER,NA ESQUINA DO BOMPREÇO,AFLITOS,,COLISÃO TRASEIRA,1,1,0,0,0,0,0,1,0
1294,202312771,2023-06-06 0:00:00,7:01:00,COM VÍTIMA,CANCELADA,MACAXEIRA,AV NORTE MIGUEL ARRAES DE ALENCAR,,PROX A INTEGRAÇÃO SENT. MACAXEIRA,MACAXEIRA,,QUEDA,0,1,0,0,0,0,0,1,0
1295,202312782,2023-06-06 0:00:00,8:44:00,COM VÍTIMA,FINALIZADA,ILHA DO RETIRO,EST DOS REMEDIOS,,EM FRENTE AO HYUNDAI,ILHA DO RETIRO,,COLISÃO COM CICLISTA,0,0,1,0,1,0,0,1,0
1296,202312784,2023-06-06 0:00:00,9:11:00,COM VÍTIMA,FINALIZADA,AREIAS,AV TAPAJOS,,PROX. AO FUSAM,AREIAS,,COLISÃO LATERAL,0,2,0,0,0,0,0,2,0
1297,202312785,2023-06-06 0:00:00,9:12:00,COM VÍTIMA,FINALIZADA,LINHA DO TIRO,RUA PROFESSOR JOSE AMARINO DOS REIS,,,LINHA DO TIRO,,COLISÃO LATERAL,1,1,0,0,0,0,0,2,0
1298,202312796,2023-06-06 0:00:00,10:11:00,COM VÍTIMA,FINALIZADA,CAXANGA,AV CAXANGA,,EM FRENTE AO GOLF CLUB,CAXANGA,,COLISÃO TRASEIRA,0,2,0,0,0,0,0,1,0
1299,202312797,2023-06-06 0:00:00,10:31:00,COM VÍTIMA,FINALIZADA,BARRO,AV DR JOSE RUFINO,,PROX. COLEGIO IMACULADA CONCEIÇÃO,BARRO,,COLISÃO LATERAL,0,3,0,0,0,0,0,1,0
1300,202312799,2023-06-06 0:00:00,10:45:00,COM VÍTIMA,FINALIZADA,GRACAS,RUA DAS CREOULAS,,,GRACAS,,COLISÃO TRASEIRA,1,1,0,0,0,0,0,1,0
1301,202312822,2023-06-06 0:00:00,1:28:00,COM VÍTIMA,FINALIZADA,IPUTINGA,AV CAXANGA,,PROX A IGREJA DO CORDEIRO  S/T CID,IPUTINGA,,COLISÃO LATERAL,1,1,0,0,0,0,0,1,0
1302,202312823,2023-06-06 0:00:00,1:28:00,COM VÍTIMA,FINALIZADA,PONTO DE PARADA,RUA MEM DE SA,,EM FRENTE A RM TERCEIRIZAÇÃO,PONTO DE PARADA,,COLISÃO LATERAL,1,1,0,0,0,0,0,2,0
1303,202312829,2023-06-06 0:00:00,2:57:00,SEM VÍTIMA,FINALIZADA,CAMPO GRANDE,EST DE BELEM,RUA FONSECA OLIVEIRA,EM FRENTE AO SEMAFORO Nº 504,CAMPO GRANDE,CIDADE,COLISÃO TRASEIRA,2,0,0,0,0,0,1,0,0
1304,202312839,2023-06-06 0:00:00,4:27:00,COM VÍTIMA,FINALIZADA,ESTANCIA,AV RECIFE,,NO VIADUTO DO METRO SANTA LUZIA,ESTANCIA,,COLISÃO TRASEIRA,0,2,0,0,0,0,0,2,0
1305,202312865,2023-06-06 0:00:00,11:59:00,COM VÍTIMA,FINALIZADA,PINA,PTE GOVERNADOR PAULO GUERRA,,SOBRE A PONTE,PINA,,TOMBAMENTO,1,0,0,0,0,0,0,1,0
1306,202312896,2023-06-07 0:00:00,8:50:00,COM VÍTIMA,FINALIZADA,AFOGADOS,RUA COSME VIANA,,EM FRENTE AO EROS HOTEL,AFOGADOS,,COLISÃO COM CICLISTA,0,1,1,0,0,0,0,1,0
1307,202312906,2023-06-07 0:00:00,10:11:00,COM VÍTIMA,FINALIZADA,BOA VIAGEM,AV CONSELHEIRO AGUIAR,,EM FRENTE A CLINICA MAIS,BOA VIAGEM,,CHOQUE,1,0,0,0,0,0,0,1,0
1308,202312918,2023-06-07 0:00:00,11:16:00,SEM VÍTIMA,FINALIZADA,SAO JOSE,C SANTA RITA,,PONTE GIRATORIA,SAO JOSE,CIDADE,COLISÃO TRASEIRA,2,0,0,0,0,0,0,0,0
1309,202312925,2023-06-07 0:00:00,11:54:00,COM VÍTIMA,FINALIZADA,AFOGADOS,AV SUL,RUA NICOLAU PEREIRA,APOS A ESTAÇÃO LARGO DA PAZ,AFOGADOS,,QUEDA,0,1,0,0,0,0,0,2,0
1310,202312937,2023-06-07 0:00:00,2:34:00,SEM VÍTIMA,FINALIZADA,SAN MARTIN,AV RECIFE,,EM FRENTE AO Nº 5680,SAN MARTIN,SUBURBIO,COLISÃO TRASEIRA,2,0,0,0,0,0,1,0,0
1311,202312946,2023-06-07 0:00:00,4:44:00,COM VÍTIMA,FINALIZADA,BOA VIAGEM,AV ENGENHEIRO DOMINGOS FERREIRA,,EM FRENTE AO SUPERMERCADO ZEPPELIN,BOA VIAGEM,,COLISÃO TRASEIRA,1,1,0,0,0,0,0,1,0
1312,202312947,2023-06-07 0:00:00,4:55:00,SEM VÍTIMA,FINALIZADA,SANTO AMARO,AV NORTE MIGUEL ARRAES DE ALENCAR,,,SANTO AMARO,,COLISÃO TRASEIRA,0,0,0,0,0,1,1,0,0
1313,202312956,2023-06-07 0:00:00,6:06:00,COM VÍTIMA,FINALIZADA,ILHA DO RETIRO,AV ENGENHEIRO ABDIAS DE CARVALHO,,EM FRENTE AO POSTO SHELL,ILHA DO RETIRO,,ATROPELAMENTO DE PESSOA,0,1,0,1,0,0,0,1,0
1314,202312957,2023-06-07 0:00:00,6:19:00,COM VÍTIMA,FINALIZADA,AGUA FRIA,EST VELHA DE AGUA FRIA,,EM FRENTE AO COMERCIAL DE FRIOS,AGUA FRIA,,COLISÃO COM CICLISTA,0,1,1,0,0,0,0,2,0
1315,202312975,2023-06-08 0:00:00,4:24:00,COM VÍTIMA,FINALIZADA,MADALENA,AV JOSE GONCALVES DE MEDEIROS,EST DOS REMEDIOS,SEMAFARO 353,MADALENA,,COLISÃO TRANSVERSAL,1,0,0,0,1,0,0,1,0
1316,202312978,2023-06-08 0:00:00,7:24:00,COM VÍTIMA,FINALIZADA,IBURA,AV DOIS RIOS,,EM FRENTE A DOIS RIOS REFRIGERAÇÃO,IBURA,,COLISÃO FRONTAL,2,1,0,0,0,0,0,1,0
1317,202313000,2023-06-08 0:00:00,10:12:00,COM VÍTIMA,FINALIZADA,JARDIM SAO PAULO,RUA LEANDRO BARRETO,,PROX AO COLEGIO MONTE LIBANO,JARDIM SAO PAULO,,COLISÃO LATERAL,1,1,0,0,0,0,0,1,0
1318,202313006,2023-06-08 0:00:00,11:18:00,SEM VÍTIMA,FINALIZADA,ILHA DO LEITE,AV GOVERNADOR AGAMENON MAGALHAES,,HOSPITAL PORTUGUÊS,ILHA DO LEITE,SUBURBIO,COLISÃO TRASEIRA,2,0,0,0,0,0,0,0,0
1319,202313010,2023-06-08 0:00:00,11:47:00,COM VÍTIMA,FINALIZADA,ESPINHEIRO,RUA BUENOS AYRES,,ESQUINA COM SANTANDER SELECT,ESPINHEIRO,,COLISÃO TRASEIRA,1,1,0,0,0,0,0,1,0