_id,Protocolo,data,hora,natureza,situacao,bairro,endereco,detalhe_endereco_acidente,complemento,bairro_cruzamento,sentido_via,tipo,auto,moto,ciclista,pedestre,onibus,caminhao,viatura,vitimas,vitimasfatais
1320,202313016,2023-06-08 0:00:00,1:24:00,COM VÍTIMA,FINALIZADA,CORDEIRO,AV GENERAL SAN MARTIN,,PROXIMO A FARMACIA PAGUE MENOS,CORDEIRO,,COLISÃO LATERAL,1,1,0,0,0,0,0,1,0
1321,202313017,2023-06-08 0:00:00,1:28:00,SEM VÍTIMA,FINALIZADA,BOA VISTA,AV GOVERNADOR AGAMENON MAGALHAES,AV RUI BARBOSA,AO COLEGIO AMERICANO BATISTA,BOA VISTA,CIDADE,COLISÃO TRASEIRA,1,0,0,0,0,0,1,0,0
1322,202313028,2023-06-08 0:00:00,2:39:00,COM VÍTIMA,FINALIZADA,GRACAS,RUA AMELIA,,E/F AO GALETO AMELIA  E A LOJA AREZZO,GRACAS,,COLISÃO LATERAL,1,1,0,0,0,0,0,1,0
1323,202313034,2023-06-08 0:00:00,5:10:00,COM VÍTIMA,CANCELADA,COHAB,RUA SOLDADO VIRGILIO LUCIO,,,COHAB,,COLISÃO FRONTAL,0,1,0,0,0,0,0,1,0
1324,202313037,2023-06-08 0:00:00,6:14:00,COM VÍTIMA,FINALIZADA,BOA VIAGEM,RUA ERNESTO DE PAULA SANTOS,,EM FRENTE AO VERDE FRUTTI,BOA VIAGEM,,COLISÃO FRONTAL,1,1,0,0,0,0,0,1,0
1325,202313043,2023-06-08 0:00:00,6:44:00,COM VÍTIMA,FINALIZADA,CAXANGA,AV CAXANGA,,EM FRENTE A FACULDADE SANTA HELENA,CAXANGA,SUBURBIO,COLISÃO LATERAL,1,1,0,0,0,0,0,1,0
1326,202313044,2023-06-08 0:00:00,7:00:00,COM VÍTIMA,FINALIZADA,IMBIRIBEIRA,AV MARECHAL MASCARENHAS DE MORAES,,PROX AO BANCO ITAU,IMBIRIBEIRA,,COLISÃO LATERAL,1,1,0,0,0,0,0,1,0
1327,202313045,2023-06-08 0:00:00,7:09:00,COM VÍTIMA,FINALIZADA,APIPUCOS,RUA DOIS IRMAOS,,PROX AO MOTEL SENZALA,APIPUCOS,,COLISÃO LATERAL,1,1,0,0,0,0,0,1,0
1328,202313050,2023-06-08 0:00:00,10:29:00,SEM VÍTIMA,FINALIZADA,CASA AMARELA,AV NORTE MIGUEL ARRAES DE ALENCAR,,"OPOSTO A IMÓVEL DE NÚMERO 4616 , PRÓXIMO AO SEMÁFORO DE NÚMERO 096",CASA AMARELA,CIDADE,COLISÃO TRASEIRA,1,0,0,0,0,0,1,0,0
1329,202313051,2023-06-08 0:00:00,10:37:00,COM VÍTIMA,FINALIZADA,CASA AMARELA,RUA PAULA BATISTA,,IGREJA BATISTA DE CASA AMARELA,CASA AMARELA,,COLISÃO FRONTAL,0,1,0,0,1,0,0,1,0
1330,202313064,2023-06-09 0:00:00,8:15:00,COM VÍTIMA,FINALIZADA,ZUMBI,RUA CONS THEODORO,RUA PARAGUASSU,PROXIMO A GALERIA PARAGUASSU,ZUMBI,,COLISÃO FRONTAL,1,1,0,0,0,0,0,1,0
1331,202313076,2023-06-09 0:00:00,9:41:00,SEM VÍTIMA,CANCELADA,SANTO AMARO,AV DR JAYME DA FONTE,,EM FRENTE A COMPESA,SANTO AMARO,,COLISÃO FRONTAL,3,0,0,0,0,0,0,0,0
1332,202313088,2023-06-09 0:00:00,11:30:00,COM VÍTIMA,CANCELADA,SAO JOSE,RUA TOBIAS BARRETO,,,SAO JOSE,,,0,1,0,0,0,0,0,1,0
1333,202313089,2023-06-09 0:00:00,11:32:00,COM VÍTIMA,FINALIZADA,BOA VIAGEM,AV ENGENHEIRO DOMINGOS FERREIRA,RUA TOME GIBSON,PROX. AO ARMAZEM BOA VIAGEM,BOA VIAGEM,,COLISÃO FRONTAL,1,1,0,0,0,0,0,1,0
1334,202313098,2023-06-09 0:00:00,1:14:00,COM VÍTIMA,FINALIZADA,MACAXEIRA,AV NORTE MIGUEL ARRAES DE ALENCAR,,SEMÁFORO 424,MACAXEIRA,,COLISÃO TRASEIRA,1,1,0,0,0,0,0,1,0
1335,202313100,2023-06-09 0:00:00,1:30:00,COM VÍTIMA,CANCELADA,PINA,RUA TOME GIBSON,AV ENGENHEIRO DOMINGOS FERREIRA,E/F A ESCOLA FRANCISCO OSVALDO,PINA,,COLISÃO LATERAL,1,1,0,0,0,0,0,1,0
1336,202313108,2023-06-09 0:00:00,2:54:00,COM VÍTIMA,FINALIZADA,BAIRRO DO RECIFE,CAIS DO APOLO,,EM FRENTE AO BANCO DO BRASIL,BAIRRO DO RECIFE,,ATROPELAMENTO DE PESSOA,0,0,0,1,1,0,0,1,0
1337,202313110,2023-06-09 0:00:00,3:00:00,COM VÍTIMA,CANCELADA,CAXANGA,AV CAXANGA,,LIDER GÁS,CAXANGA,,COLISÃO LATERAL,1,1,0,0,0,0,0,1,0
1338,202313120,2023-06-09 0:00:00,5:53:00,COM VÍTIMA,FINALIZADA,IMBIRIBEIRA,RUA ARQUITETO LUIZ NUNES,,NO SEMAFORO 537,IMBIRIBEIRA,,ATROPELAMENTO DE PESSOA,0,1,0,1,0,0,0,1,0
1339,202313139,2023-06-09 0:00:00,9:36:00,COM VÍTIMA,FINALIZADA,TORRE,RUA MARQUES DE MARICA,RUA SOUZA BANDEIRA,,TORRE,,COLISÃO TRANSVERSAL,1,1,0,0,0,0,0,1,0
1340,202313142,2023-06-09 0:00:00,10:10:00,COM VÍTIMA,FINALIZADA,SANTO AMARO,AV CRUZ CABUGA,AV MARIO MELO,SEMAFORO 171,SANTO AMARO,,COLISÃO TRANSVERSAL,1,1,0,0,0,0,0,1,0
1341,202313143,2023-06-09 0:00:00,11:14:00,COM VÍTIMA,FINALIZADA,TORREAO,AV NORTE MIGUEL ARRAES DE ALENCAR,,EM FRENTE A CHURRASCARIA LEITÃO,TORREAO,,COLISÃO TRANSVERSAL,2,0,0,0,0,0,0,2,0
1342,202313144,2023-06-10 0:00:00,12:14:00,COM VÍTIMA,FINALIZADA,CASA FORTE,AV DEZESSETE DE AGOSTO,,EM FRENTE DA OFICINA CABROM,CASA FORTE,SU,COLISÃO TRANSVERSAL,1,1,0,0,0,0,0,1,0
1343,202313149,2023-06-10 0:00:00,4:06:00,SEM VÍTIMA,CANCELADA,IMBIRIBEIRA,RUA ENGENHEIRO JOSE BRANDAO CAVALCANTE,,COM A RUA ARQUITETO LUIZ  NUNES,IMBIRIBEIRA,,COLISÃO FRONTAL,2,0,0,0,0,0,0,0,0
1344,202313154,2023-06-10 0:00:00,6:20:00,COM VÍTIMA,FINALIZADA,SAO JOSE,RUA PADRE FLORIANO,,EM FRENTE A CASA DA CULTURA,SAO JOSE,,CHOQUE,1,0,0,0,0,0,0,1,0
1345,202313156,2023-06-10 0:00:00,6:32:00,COM VÍTIMA,FINALIZADA,ESTANCIA,RUA ROCHA POMBO,,POR TRAS DA ESTAÇÃO SANTA LUZIA,ESTANCIA,,QUEDA,0,1,0,0,0,0,0,1,0
1346,202313161,2023-06-10 0:00:00,8:07:00,COM VÍTIMA,FINALIZADA,AREIAS,AV DR JOSE RUFINO,,EM FRENTE AO HOSPITAL MARIA VITORIA,AREIAS,,COLISÃO TRASEIRA,2,1,0,0,0,0,0,2,0
1347,202313163,2023-06-10 0:00:00,8:09:00,COM VÍTIMA,FINALIZADA,BEBERIBE,AV BEBERIBE,,EM FRENTE A BORRACHARIA SÃO LUIZ,BEBERIBE,,COLISÃO LATERAL,1,1,0,0,0,0,0,1,0
1348,202313174,2023-06-10 0:00:00,9:17:00,COM VÍTIMA,CANCELADA,BOA VIAGEM,RUA BALTAZAR PASSOS,,,BOA VIAGEM,,QUEDA,0,1,0,0,0,0,0,1,0
1349,202313175,2023-06-10 0:00:00,9:21:00,COM VÍTIMA,FINALIZADA,IMBIRIBEIRA,AV MARECHAL MASCARENHAS DE MORAES,,DE ESQUINA COM AFERREIRA COSTA,IMBIRIBEIRA,,COLISÃO TRASEIRA,0,2,0,0,0,0,0,4,0
1350,202313177,2023-06-10 0:00:00,9:26:00,COM VÍTIMA,CANCELADA,ILHA DO RETIRO,EST DOS REMEDIOS,,EM FRENTE A HYUNDAI DA ESTRADA DOS REMEDIOS,ILHA DO RETIRO,,COLISÃO LATERAL,1,1,0,0,0,0,0,2,0
1351,202313181,2023-06-10 0:00:00,9:51:00,COM VÍTIMA,FINALIZADA,MADALENA,TUNEL DA ABOLICAO,,DENTRO DO TUNEL,MADALENA,,COLISÃO LATERAL,0,2,0,0,0,0,0,1,0
1352,202313190,2023-06-10 0:00:00,11:06:00,COM VÍTIMA,FINALIZADA,CASA AMARELA,RUA PAULA BATISTA,,EM FRENTE A ACADEMIA CONCEPT FIT,CASA AMARELA,,COLISÃO LATERAL,2,1,0,0,0,0,0,1,0
1353,202313194,2023-06-10 0:00:00,11:37:00,COM VÍTIMA,FINALIZADA,ESPINHEIRO,AV GOVERNADOR AGAMENON MAGALHAES,,EM FRENTE AO CREA PE,ESPINHEIRO,,QUEDA,0,1,0,0,0,0,0,1,0
1354,202313195,2023-06-10 0:00:00,11:39:00,COM VÍTIMA,CANCELADA,CASA AMARELA,RUA PAULA BATISTA,,,CASA AMARELA,,COLISÃO LATERAL,0,0,0,0,0,0,0,1,0
1355,202313197,2023-06-10 0:00:00,11:57:00,COM VÍTIMA,FINALIZADA,IMBIRIBEIRA,AV MARECHAL MASCARENHAS DE MORAES,,EM FRENTE A MADECENTER,IMBIRIBEIRA,,COLISÃO FRONTAL,1,1,0,0,0,0,0,2,0
1356,202313199,2023-06-10 0:00:00,12:14:00,COM VÍTIMA,FINALIZADA,ENCRUZILHADA,AV BEBERIBE,,"AO LADO DA PAGUE MENOS, PRAÇA LARGO DA ENCRUZILHADA",ENCRUZILHADA,,COLISÃO TRASEIRA,1,1,0,0,0,0,0,1,0
1357,202313206,2023-06-10 0:00:00,1:11:00,COM VÍTIMA,FINALIZADA,IMBIRIBEIRA,AV MARECHAL MASCARENHAS DE MORAES,,AO LADO DO AEROPORTO  EM BAIXO DO VIADUTO,IMBIRIBEIRA,,CHOQUE,0,1,0,0,0,0,0,1,0
1358,202313207,2023-06-10 0:00:00,1:17:00,COM VÍTIMA,FINALIZADA,CASA FORTE,RUA LEONARDO BEZERRA CAVALCANTE,,ANTIGO HIPER CASA FORTE,CASA FORTE,,COLISÃO LATERAL,1,1,0,0,0,0,0,2,0
1359,202313208,2023-06-10 0:00:00,1:48:00,COM VÍTIMA,FINALIZADA,AGUA FRIA,AV BEBERIBE,,E/F AO MAGAZINE LUIZA  AO LADO DO MERCADO DE AGUA FRIA,AGUA FRIA,,COLISÃO LATERAL,1,1,0,0,0,0,0,1,0
1360,202313211,2023-06-10 0:00:00,1:53:00,COM VÍTIMA,FINALIZADA,IBURA,AV DOIS RIOS,,FARMÁCIA PAGUE MENOS  NO SEMAFORO 323,IBURA,,COLISÃO LATERAL,1,1,0,0,0,0,0,1,0
1361,202313220,2023-06-10 0:00:00,4:13:00,COM VÍTIMA,FINALIZADA,CAMPO GRANDE,EST DE BELEM,,E/F A DROGASIL,CAMPO GRANDE,,COLISÃO LATERAL,1,1,0,0,0,0,0,1,0
1362,202313242,2023-06-11 0:00:00,12:32:00,COM VÍTIMA,FINALIZADA,BARRO,RUA PADRE DIOGO RODRIGUES,,ARMAZÉM ESQUINA DA CONSTRUÇÃO,BARRO,,COLISÃO TRANSVERSAL,1,1,0,0,0,0,0,1,0
1363,202313297,2023-06-11 0:00:00,4:57:00,SEM VÍTIMA,FINALIZADA,ALTO SANTA TERESINHA,AV ANIBAL BENEVOLO,,,ALTO SANTA TERESINHA,SUBURBIO,,1,0,0,0,0,0,1,0,0
1364,202313302,2023-06-11 0:00:00,5:49:00,SEM VÍTIMA,FINALIZADA,DOIS IRMAOS,RUA DOIS IRMAOS,,PRÓXIMO A ARENA DOIS IRMÃOS,DOIS IRMAOS,CIDADE,COLISÃO TRASEIRA,2,0,0,0,0,0,0,0,0
1365,202313310,2023-06-11 0:00:00,7:30:00,COM VÍTIMA,CANCELADA,TEJIPIO,AV PADRE IBIAPINA,,,TEJIPIO,,COLISÃO FRONTAL,0,1,0,0,0,0,0,1,0
1366,202313311,2023-06-11 0:00:00,7:53:00,SEM VÍTIMA,FINALIZADA,IMBIRIBEIRA,AV MARECHAL MASCARENHAS DE MORAES,,EM FRENTE AO AEROPORTO INTERNACIONAL DO RECIFE,IMBIRIBEIRA,SUBURBIO,,2,0,0,0,0,0,0,0,0
1367,202313312,2023-06-11 0:00:00,8:08:00,COM VÍTIMA,FINALIZADA,TEJIPIO,AV PADRE IBIAPINA,,PROX A IAGREJA DO GALO,TEJIPIO,,COLISÃO LATERAL,1,1,0,0,0,0,0,1,0
1368,202313313,2023-06-11 0:00:00,8:13:00,SEM VÍTIMA,FINALIZADA,DERBY,AV GOVERNADOR AGAMENON MAGALHAES,RUA HENRIQUE DIAS,SEMÁFORO 068,DERBY,SUBURBIO,CHOQUE,1,0,0,0,0,0,0,0,0
1369,202313317,2023-06-12 0:00:00,12:50:00,SEM VÍTIMA,FINALIZADA,SANTO ANTONIO,AV DANTAS BARRETO,AV GUARARAPES,SEMAFORO Nº 015,SANTO ANTONIO,,COLISÃO LATERAL,0,0,0,0,1,0,0,0,0
1370,202313342,2023-06-12 0:00:00,8:57:00,SEM VÍTIMA,FINALIZADA,COELHOS,RUA DOS COELHOS,RUA PADRE VENANCIO,UNIDADE DE SAÚDE DA FAMÍLIA COELHOS,COELHOS,CIDADE,,1,0,0,0,1,0,0,0,0
1371,202313349,2023-06-12 0:00:00,9:23:00,COM VÍTIMA,FINALIZADA,SAO JOSE,AV SUL,,,SAO JOSE,,COLISÃO TRASEIRA,0,0,0,0,0,0,0,1,0
1372,202313351,2023-06-12 0:00:00,10:02:00,COM VÍTIMA,CANCELADA,CORDEIRO,RUA AMALIA,,,CORDEIRO,,COLISÃO COM CICLISTA,0,1,1,0,0,0,0,1,0
1373,202313370,2023-06-12 0:00:00,1:07:00,COM VÍTIMA,FINALIZADA,BOA VISTA,RUA JOAO FERNANDES VIEIRA,,,BOA VISTA,,COLISÃO FRONTAL,0,1,0,0,0,0,0,1,0
1374,202313385,2023-06-12 0:00:00,2:37:00,COM VÍTIMA,FINALIZADA,PINA,AV HERCULANO BANDEIRA,,ATACADÃP DA CONSTRUÇÃO,PINA,,COLISÃO LATERAL,1,1,0,0,0,0,0,1,0
1375,202313386,2023-06-12 0:00:00,3:05:00,COM VÍTIMA,FINALIZADA,PINA,AV HERCULANO BANDEIRA,,ATACADÃP DA CONSTRUÇÃO,PINA,,COLISÃO LATERAL,1,1,0,0,0,0,0,1,0
1376,202313387,2023-06-12 0:00:00,3:29:00,COM VÍTIMA,FINALIZADA,MADALENA,AV JOSE GONCALVES DE MEDEIROS,,EM FRENTE AO ESTACIONAMENTO DO ANTIGO EXTRA E A CARLITOS BURGUER,MADALENA,,COLISÃO FRONTAL,1,1,0,0,0,0,0,1,0
1377,202313397,2023-06-12 0:00:00,6:36:00,COM VÍTIMA,FINALIZADA,ILHA DO RETIRO,EST DOS REMEDIOS,,CEMEVE - CENTRO ESPECIALIZADO EM MEDICINA VETERINARIA,ILHA DO RETIRO,,COLISÃO LATERAL,1,1,0,0,0,0,0,1,0
1378,202313407,2023-06-12 0:00:00,9:07:00,COM VÍTIMA,FINALIZADA,IPUTINGA,AV CAXANGA,,EM FRENTE A ESCOLA TECNICA ESTADUAL ETE,IPUTINGA,CIDADE,ATROPELAMENTO DE PESSOA,1,0,0,1,0,0,0,1,0
1379,202313425,2023-06-13 0:00:00,7:22:00,COM VÍTIMA,FINALIZADA,IMBIRIBEIRA,AV MARECHAL MASCARENHAS DE MORAES,,EM FRENTE AO AEROPORTO,IMBIRIBEIRA,,COLISÃO TRASEIRA,0,1,0,0,1,0,0,1,0
1380,202313431,2023-06-13 0:00:00,8:02:00,COM VÍTIMA,FINALIZADA,JORDAO,RUA NOVA CANAA,,PROX AO TERMINAL DE ONIBUS DE JORDÃO BAIXO,JORDAO,,ATROPELAMENTO DE PESSOA,0,1,0,2,0,0,0,3,0
1381,202313433,2023-06-13 0:00:00,8:21:00,COM VÍTIMA,FINALIZADA,IMBIRIBEIRA,AV MARECHAL MASCARENHAS DE MORAES,,EM FRENTE AO VENEZA CONSTRUÇÃO,IMBIRIBEIRA,,COLISÃO TRASEIRA,1,1,0,0,0,0,0,1,0
1382,202313440,2023-06-13 0:00:00,9:14:00,COM VÍTIMA,FINALIZADA,PRADO,RUA ALFREDO PEREIRA BORBA,,,PRADO,,COLISÃO FRONTAL,0,1,0,0,0,0,0,1,0
1383,202313441,2023-06-13 0:00:00,9:28:00,COM VÍTIMA,FINALIZADA,CASA AMARELA,AV NORTE MIGUEL ARRAES DE ALENCAR,,PRÓXIMO AO SUPERMERCADO DESKONTÃO,CASA AMARELA,,ATROPELAMENTO DE PESSOA,0,1,0,1,0,0,0,1,0
1384,202313453,2023-06-13 0:00:00,12:57:00,COM VÍTIMA,CANCELADA,ARRUDA,RUA ZEFERINO AGRA,,,ARRUDA,,COLISÃO LATERAL,0,2,0,0,0,0,0,1,0
1385,202313457,2023-06-13 0:00:00,2:01:00,COM VÍTIMA,FINALIZADA,SANTO AMARO,AV CRUZ CABUGA,,EM FRENTE A SANTA CASA,SANTO AMARO,RECIFE,COLISÃO TRASEIRA,0,1,0,0,1,0,0,1,0
1386,202313480,2023-06-13 0:00:00,6:18:00,COM VÍTIMA,CANCELADA,VASCO DA GAMA,RUA DOIS DE FEVEREIRO,,PROX AO LAR DO DOM LUIZ,VASCO DA GAMA,,ATROPELAMENTO DE PESSOA,1,0,0,1,0,0,0,1,0
1387,202313485,2023-06-13 0:00:00,7:25:00,COM VÍTIMA,FINALIZADA,IPUTINGA,PRC BOM PASTOR,,AO LADO DO BOM PASTOR NO CRUZAMENTO,IPUTINGA,,COLISÃO COM CICLISTA,1,0,1,0,0,0,0,1,0
1388,202313490,2023-06-13 0:00:00,9:43:00,COM VÍTIMA,FINALIZADA,ESTANCIA,AV RECIFE,,LADO OPOSTO AO HOTEL ESTORIL,ESTANCIA,,COLISÃO TRASEIRA,0,2,0,0,0,0,0,3,0
1389,202313507,2023-06-14 0:00:00,8:37:00,COM VÍTIMA,FINALIZADA,SANTO AMARO,RUA AURORA,,PONTE DO LIMOEIRO,SANTO AMARO,CIDADE,COLISÃO LATERAL,1,1,0,0,0,0,0,1,0
1390,202313517,2023-06-14 0:00:00,8:01:00,COM VÍTIMA,FINALIZADA,AFOGADOS,RUA VINTE E UM DE ABRIL,,EM FRENTE A LA FAIETE MODAS,AFOGADOS,,COLISÃO TRASEIRA,0,2,0,0,0,0,0,3,0
1391,202313522,2023-06-14 0:00:00,8:43:00,COM VÍTIMA,FINALIZADA,PRADO,RUA CARLOS GOMES,,EM FRENTE A CLINICA AME SAUDE,PRADO,,COLISÃO TRASEIRA,1,1,0,0,0,0,0,1,0
1392,202313524,2023-06-14 0:00:00,9:15:00,COM VÍTIMA,FINALIZADA,MACAXEIRA,AV NORTE MIGUEL ARRAES DE ALENCAR,AV JOSE AMERICO DE ALMEIDA,EM FRENTE AO PARUQE DA MACAXEIRA,MACAXEIRA,,COLISÃO LATERAL,0,1,0,0,1,0,0,1,0
1393,202313531,2023-06-14 0:00:00,9:59:00,COM VÍTIMA,FINALIZADA,ESTANCIA,RUA MORAIS E SILVA,,PROX A CRECHE NOSSO SENHOR JESUS DO BONFIM,ESTANCIA,,COLISÃO LATERAL,1,1,0,0,0,0,0,1,0
1394,202313532,2023-06-14 0:00:00,10:01:00,COM VÍTIMA,FINALIZADA,IPSEP,RUA MACHADO DE ASSIS,,,IPSEP,,COLISÃO LATERAL,0,1,0,0,0,0,0,5,0
1395,202313535,2023-06-14 0:00:00,10:09:00,COM VÍTIMA,FINALIZADA,VARZEA,AV CAXANGA,,EM FRENTE AO GOLF CLUBE,VARZEA,,QUEDA,0,1,0,0,0,0,0,1,0
1396,202313536,2023-06-14 0:00:00,10:17:00,COM VÍTIMA,FINALIZADA,CASA AMARELA,AV NORTE MIGUEL ARRAES DE ALENCAR,,,CASA AMARELA,,COLISÃO FRONTAL,0,1,0,0,0,0,0,1,0
1397,202313538,2023-06-14 0:00:00,10:23:00,SEM VÍTIMA,FINALIZADA,BOA VISTA,RUA DO PRINCIPE,,PRÓXIMO À UNICAP,BOA VISTA,CIDADE,COLISÃO TRASEIRA,1,0,0,0,0,0,1,0,0
1398,202313543,2023-06-14 0:00:00,11:21:00,COM VÍTIMA,DUPLICIDADE,SANTO AMARO,AV JOAO DE BARROS,RUA MONTE CASTELO,"COLISÃO, UM DOS CONDUTORES POSSIVELMENTE  NÃO HABILITADO",SANTO AMARO,,COLISÃO LATERAL,0,0,0,0,0,0,0,1,0
1399,202313545,2023-06-14 0:00:00,11:32:00,COM VÍTIMA,FINALIZADA,BOA VISTA,AV JOAO DE BARROS,RUA MONTE CASTELO,NO SEMAFORO 356,BOA VISTA,,COLISÃO LATERAL,0,2,0,0,0,0,0,1,0
1400,202313560,2023-06-14 0:00:00,1:22:00,COM VÍTIMA,FINALIZADA,PRADO,AV ENGENHEIRO ABDIAS DE CARVALHO,,EM FRENTE A ENGEFRIO/ SENTIDO BR,PRADO,,ATROPELAMENTO DE PESSOA,1,1,0,1,0,0,0,1,0
1401,202313565,2023-06-14 0:00:00,2:29:00,COM VÍTIMA,FINALIZADA,CORDEIRO,AV CAXANGA,,PROX AO HOSPITAL DO GETULIO  VARGAS E/F A DROGASIL  S/T SUB,CORDEIRO,,COLISÃO COM CICLISTA,0,0,1,0,0,0,0,1,0
1402,202313571,2023-06-14 0:00:00,3:46:00,SEM VÍTIMA,FINALIZADA,PRADO,RUA RODRIGUES DE MENDONCA,RUA PANDIA CALOGERAS,EDF. CONDE DE SAUDIA,PRADO,,COLISÃO TRANSVERSAL,1,0,0,0,0,0,1,0,0
1403,202313584,2023-06-14 0:00:00,6:33:00,COM VÍTIMA,CANCELADA,BOA VIAGEM,AV CONSELHEIRO AGUIAR,RUA PROFESSOR JOSE BRANDAO,EM FRENTE A EXTRAFARMA,BOA VIAGEM,,COLISÃO TRASEIRA,1,1,0,0,0,0,0,1,0
1404,202313589,2023-06-14 0:00:00,9:23:00,SEM VÍTIMA,FINALIZADA,VARZEA,RUA JOSE EDUARDO MOURA,,,VARZEA,SUBURBIO,CHOQUE,1,0,0,0,0,1,0,0,0
1405,202313607,2023-06-15 0:00:00,7:24:00,COM VÍTIMA,FINALIZADA,CAMPO GRANDE,RUA MARQUES DE ABRANTES,RUA JERONIMO VILELA,EM FRENTE A CONFEITARIA SABOR DOCE,CAMPO GRANDE,,COLISÃO LATERAL,1,1,0,0,0,0,0,1,0
1406,202313614,2023-06-15 0:00:00,8:30:00,COM VÍTIMA,CANCELADA,TORREAO,AV NORTE MIGUEL ARRAES DE ALENCAR,,"APOS AGAMENON VEICULO, NA SUBIDA DO VIADUTO SENT. CIDADE",TORREAO,,COLISÃO TRASEIRA,1,1,0,0,0,0,0,1,0
1407,202313630,2023-06-15 0:00:00,10:08:00,SEM VÍTIMA,FINALIZADA,NOVA DESCOBERTA,AV NORTE MIGUEL ARRAES DE ALENCAR,,,NOVA DESCOBERTA,CIDADE,COLISÃO TRASEIRA,1,1,0,0,0,0,0,0,0
1408,202313643,2023-06-15 0:00:00,2:28:00,COM VÍTIMA,FINALIZADA,SANCHO,RUA APRIGIO GUIMARAES,,PROTOCOLO DO SAMU S1389570,SANCHO,,COLISÃO LATERAL,0,0,0,0,0,0,0,1,0
1409,202313645,2023-06-15 0:00:00,2:33:00,COM VÍTIMA,FINALIZADA,IPSEP,AV RECIFE,,E/F A CARLOS FILMES  E GILVAN DOS PARABRISAS,IPSEP,,COLISÃO TRASEIRA,1,1,0,0,0,0,0,1,0
1410,202313655,2023-06-15 0:00:00,4:13:00,COM VÍTIMA,FINALIZADA,CAXANGA,AV CAXANGA,,PRÓXIMO AO PARQUE DE EXPOSIÇÕES DE ANIMAIS,CAXANGA,,QUEDA,0,1,0,0,0,0,0,1,0
1411,202313663,2023-06-15 0:00:00,6:05:00,COM VÍTIMA,FINALIZADA,SAO JOSE,RUA FLORIANO PEIXOTO,,ESTAÇÃO DO RECIFE,SAO JOSE,,QUEDA,1,0,0,0,1,0,0,1,0
1412,202313664,2023-06-15 0:00:00,6:14:00,COM VÍTIMA,CANCELADA,CORDEIRO,RUA PROFESSOR JOAQUIM XAVIER DE BRITO,,,CORDEIRO,,COLISÃO FRONTAL,1,1,0,0,0,0,0,1,0
1413,202313675,2023-06-15 0:00:00,7:41:00,COM VÍTIMA,FINALIZADA,DERBY,AV GOVERNADOR AGAMENON MAGALHAES,,DE FRENTE AO HOSPITAL MEMORIAL SÃO JOSÉ,DERBY,,COLISÃO TRASEIRA,1,1,0,0,0,0,0,1,0
1414,202313676,2023-06-15 0:00:00,7:47:00,COM VÍTIMA,CANCELADA,SAN MARTIN,RUA OUREM,,CAVALARIA DA POLICIA MILITAR,SAN MARTIN,,COLISÃO LATERAL,1,1,0,0,0,0,0,1,0
1415,202313686,2023-06-16 0:00:00,6:12:00,COM VÍTIMA,FINALIZADA,CASA AMARELA,AV NORTE MIGUEL ARRAES DE ALENCAR,,PROXIMO AO POSTO BR - SENTIDO SUB/CID,CASA AMARELA,CIDADE,QUEDA,0,1,0,0,0,0,0,1,0
1416,202313688,2023-06-16 0:00:00,6:59:00,COM VÍTIMA,FINALIZADA,SAO JOSE,C SANTA RITA,,TERMINAL CAIS SANTA RITA,SAO JOSE,,ATROPELAMENTO DE PESSOA,0,0,0,1,1,0,0,1,0
1417,202313698,2023-06-16 0:00:00,7:40:00,COM VÍTIMA,CANCELADA,GUABIRABA,EST DA MUMBECA,,PROX A FABRICA A FABRICA DA HAINEKEN,GUABIRABA,,CHOQUE,0,1,0,0,0,0,0,1,0
1418,202313701,2023-06-16 0:00:00,7:46:00,COM VÍTIMA,FINALIZADA,JARDIM SAO PAULO,RUA LORENA,,DEPOIS DO VIADUTO DE JARDIM SÃO PAULO,JARDIM SAO PAULO,,COLISÃO LATERAL,1,1,0,0,0,0,0,1,0
1419,202313713,2023-06-16 0:00:00,9:44:00,COM VÍTIMA,FINALIZADA,TORROES,AV ENGENHEIRO ABDIAS DE CARVALHO,,PRÓXIMO A CHESF,TORROES,CIDADE,COLISÃO COM CICLISTA,0,1,1,0,0,0,0,3,0
1420,202313725,2023-06-16 0:00:00,11:28:00,COM VÍTIMA,FINALIZADA,SAO JOSE,AV CENTRAL,,INTEGRAÇÃO JOANA BEZERRA,SAO JOSE,,COLISÃO COM CICLISTA,0,0,1,0,1,0,0,1,0
1421,202313731,2023-06-16 0:00:00,12:07:00,COM VÍTIMA,FINALIZADA,SANTO AMARO,RUA FREI CASSIMIRO,RUA TREZE DE MAIO,PROX A BORRACHARIA MODESTO,SANTO AMARO,,COLISÃO FRONTAL,1,1,0,0,0,0,0,1,0
1422,202313736,2023-06-16 0:00:00,12:43:00,SEM VÍTIMA,FINALIZADA,AFOGADOS,RUA DA PAZ,,NA DESCIDA DA PONTE,AFOGADOS,,COLISÃO LATERAL,2,0,0,0,0,0,0,0,0
1423,202313743,2023-06-16 0:00:00,1:25:00,COM VÍTIMA,FINALIZADA,AFOGADOS,RUA VINTE E UM DE ABRIL,,,AFOGADOS,,COLISÃO LATERAL,0,0,0,0,0,0,0,1,0