_id,Protocolo,data,hora,natureza,situacao,bairro,endereco,detalhe_endereco_acidente,complemento,bairro_cruzamento,sentido_via,tipo,auto,moto,ciclista,pedestre,onibus,caminhao,viatura,vitimas,vitimasfatais
1424,202313744,2023-06-16 0:00:00,1:26:00,COM VÍTIMA,DUPLICIDADE,JOANA BEZERRA,AV CENTRAL,,NA SAIDA DA INTEGRAÇAO  JOANA BEZERRA,JOANA BEZERRA,,COLISÃO COM CICLISTA,0,0,1,0,1,0,0,1,0
1425,202313746,2023-06-16 0:00:00,1:37:00,COM VÍTIMA,CANCELADA,SANTO AMARO,RUA FREI CASSIMIRO,,,SANTO AMARO,,COLISÃO LATERAL,0,0,0,0,0,0,0,1,0
1426,202313756,2023-06-16 0:00:00,3:13:00,COM VÍTIMA,FINALIZADA,BOA VISTA,RUA DOS COELHOS,,EM FRENTE AO IMIP,BOA VISTA,,COLISÃO LATERAL,1,1,0,0,0,0,0,1,0
1427,202313764,2023-06-16 0:00:00,3:51:00,COM VÍTIMA,FINALIZADA,BOA VIAGEM,RUA FAUSTINO PORTO,,LADO OPOSTO AO BOMPREÇO BEIRA CANAL,BOA VIAGEM,,COLISÃO TRASEIRA,2,0,0,0,0,0,0,1,0
1428,202313765,2023-06-16 0:00:00,3:53:00,COM VÍTIMA,CANCELADA,CAMPO GRANDE,EST DE BELEM,,ESQUINA DO COLEGIO JESUS CRUCIFICADO,CAMPO GRANDE,,ATROPELAMENTO DE PESSOA,0,0,0,0,0,0,0,1,0
1429,202313767,2023-06-16 0:00:00,4:15:00,COM VÍTIMA,FINALIZADA,SANTO AMARO,RUA DO POMBAL,,E/F AO PORTAO DO CEMITERIO DE SANTO AMARO,SANTO AMARO,,COLISÃO LATERAL,1,1,0,0,0,0,0,1,0
1430,202313769,2023-06-16 0:00:00,4:24:00,COM VÍTIMA,FINALIZADA,SANTO AMARO,AV CRUZ CABUGA,,E/F AO HOSPITAL GERAL DO RECIFE,SANTO AMARO,,COLISÃO TRASEIRA,1,1,0,0,0,0,0,1,0
1431,202313771,2023-06-16 0:00:00,4:38:00,COM VÍTIMA,FINALIZADA,FUNDAO,AV BEBERIBE,,,FUNDAO,,ATROPELAMENTO DE PESSOA,1,0,0,1,0,0,0,1,0
1432,202313774,2023-06-16 0:00:00,4:38:00,COM VÍTIMA,DUPLICIDADE,BOA VISTA,AV CRUZ CABUGA,,EM FRENTE AO TREZE DE MAIO APOS A PARADA DO BRT  CINQUENTA METROS A FRENTE,BOA VISTA,,COLISÃO LATERAL,1,1,0,0,0,0,0,1,0
1433,202313775,2023-06-16 0:00:00,5:02:00,COM VÍTIMA,FINALIZADA,VARZEA,AV PROFESSOR LUIZ FREIRE,,EM FRENTE AO PORTÃO DO ITEP,VARZEA,,ATROPELAMENTO DE PESSOA,1,0,0,1,0,0,0,1,0
1434,202313776,2023-06-16 0:00:00,4:42:00,COM VÍTIMA,DUPLICIDADE,BOA VISTA,RUA DO HOSPICIO,,E/F AO TREZE DE MAIO,BOA VISTA,,QUEDA,0,1,0,0,0,0,0,2,0
1435,202313781,2023-06-16 0:00:00,5:26:00,COM VÍTIMA,FINALIZADA,TORRE,RUA DOM MANOEL DA COSTA,,APOS COLEGIO CRISTO REINO,TORRE,,CHOQUE,0,1,0,0,0,0,0,1,0
1436,202313783,2023-06-16 0:00:00,5:45:00,COM VÍTIMA,FINALIZADA,IMBIRIBEIRA,AV MARECHAL MASCARENHAS DE MORAES,,E/F AO GERALDAO S/T AEROPORTO,IMBIRIBEIRA,,COLISÃO LATERAL,1,1,0,0,0,0,0,1,0
1437,202313793,2023-06-16 0:00:00,7:16:00,COM VÍTIMA,FINALIZADA,AFLITOS,AV CONS ROSA E SILVA,,PROX AO SUPER BOM PREÇO,AFLITOS,,COLISÃO LATERAL,1,1,0,0,0,0,0,1,0
1438,202313807,2023-06-16 0:00:00,10:17:00,VÍTIMA FATAL,FINALIZADA,GUABIRABA,EST DOS MACACOS,,CRECHE CELESTE VIDAL,GUABIRABA,,CHOQUE,0,1,0,0,0,0,0,0,1
1439,202313832,2023-06-17 0:00:00,8:18:00,COM VÍTIMA,FINALIZADA,VARZEA,AV CAXANGA,,EM FRENTE A LOHA DE CARRO ITALIANA / PROX A ESTACÃO BRT,VARZEA,CIDADE,COLISÃO LATERAL,1,1,0,0,0,0,0,1,0
1440,202313862,2023-06-17 0:00:00,12:52:00,SEM VÍTIMA,FINALIZADA,AFOGADOS,RUA JACIRA,RUA SAO MIGUEL,,AFOGADOS,,COLISÃO TRANSVERSAL,1,0,0,0,1,0,0,0,0
1441,202313863,2023-06-17 0:00:00,1:06:00,COM VÍTIMA,CANCELADA,ENCRUZILHADA,RUA FERNANDO CESAR,,E/F A  PRAÇA DA INFANCIA,ENCRUZILHADA,,COLISÃO LATERAL,1,1,0,0,0,0,0,1,0
1442,202313873,2023-06-17 0:00:00,3:13:00,COM VÍTIMA,FINALIZADA,ENCRUZILHADA,AV BEBERIBE,,EM FRENTE AO POSTO SHELL,ENCRUZILHADA,,COLISÃO TRASEIRA,1,1,0,0,1,0,0,1,0
1443,202313874,2023-06-17 0:00:00,3:36:00,COM VÍTIMA,FINALIZADA,BOA VIAGEM,RUA AMARO ALBINO PIMENTEL,,VIA MANGUE PROXIMO AO CAMPO DE FUTEBOL,BOA VIAGEM,,COLISÃO LATERAL,1,1,0,0,0,0,0,1,0
1444,202313881,2023-06-17 0:00:00,4:35:00,COM VÍTIMA,FINALIZADA,PINA,RUA ABREU ALBANO,,EM FRENTE A LANCHONETE DONA COXA,PINA,,COLISÃO LATERAL,1,1,0,0,0,0,0,1,0
1445,202313898,2023-06-17 0:00:00,6:45:00,COM VÍTIMA,CANCELADA,PINA,AV ANTONIO DE GOES,,EM FRENTE AO DENIT,PINA,,COLISÃO LATERAL,1,1,0,0,0,0,0,1,0
1446,202313910,2023-06-17 0:00:00,10:23:00,COM VÍTIMA,FINALIZADA,IPUTINGA,AV MAURICIO DE NASSAU,,EM FRENTE AO PARQUE DO CAIRA,IPUTINGA,,COLISÃO FRONTAL,1,1,0,0,0,0,0,2,0
1447,202313913,2023-06-18 0:00:00,3:28:00,SEM VÍTIMA,CANCELADA,ENGENHO DO MEIO,RUA ANTONIO CURADO,,PROXIMO AO CLUBE DA SUDENE E E/F AO BAR CANTINHO UNIVERSITÁRIO,ENGENHO DO MEIO,,CHOQUE,2,0,0,0,0,0,0,0,0
1448,202313914,2023-06-18 0:00:00,4:02:00,SEM VÍTIMA,CANCELADA,PARNAMIRIM,RUA DR JOAO SANTOS FILHO,,EM FRENTE AO SHOPPING PLAZA,PARNAMIRIM,,TOMBAMENTO,0,0,0,0,0,0,0,0,0
1449,202313962,2023-06-18 0:00:00,12:52:00,COM VÍTIMA,FINALIZADA,BOA VISTA,RUA GENERAL JOAQUIM INACIO,,EM FRENTE AO EMPRESARIAL DE PLAZA,BOA VISTA,,COLISÃO TRASEIRA,1,0,0,0,0,0,1,1,0
1450,202313971,2023-06-18 0:00:00,3:41:00,COM VÍTIMA,FINALIZADA,CORDEIRO,RUA TAMBORIL,,CENTRO DISTRIBUIÇÃO KIYOI GALETOS,CORDEIRO,,COLISÃO TRASEIRA,1,1,0,0,0,0,0,1,0
1451,202313975,2023-06-18 0:00:00,3:56:00,COM VÍTIMA,FINALIZADA,BOA VIAGEM,AV BOA VIAGEM,,EM FRENTE AO EDF ANDA LUCIA,BOA VIAGEM,,COLISÃO TRASEIRA,1,2,0,0,0,0,0,1,0
1452,202313991,2023-06-18 0:00:00,7:04:00,COM VÍTIMA,FINALIZADA,DOIS UNIDOS,AV HILDEBRANDO DE VASCONCELOS,,EM FRENTE AO DEPOSITO DA ÁGUA ALDEIA,DOIS UNIDOS,,COLISÃO FRONTAL,1,1,0,0,0,0,0,1,0
1453,202313996,2023-06-18 0:00:00,8:51:00,COM VÍTIMA,FINALIZADA,DOIS UNIDOS,AV HILDEBRANDO DE VASCONCELOS,RUA COMPOSITOR VINICIUS DE MORAIS,EM FRENTE AO DEPOSITO DA ÁGUA ALDEIA,DOIS UNIDOS,,COLISÃO LATERAL,1,1,0,0,0,0,0,1,0
1454,202313997,2023-06-18 0:00:00,9:19:00,COM VÍTIMA,FINALIZADA,SANTO AMARO,AV NORTE MIGUEL ARRAES DE ALENCAR,,PARÓQUIA SÃO SEBASTIÃO,SANTO AMARO,,COLISÃO LATERAL,0,1,1,0,0,0,0,1,0
1455,202314002,2023-06-18 0:00:00,11:47:00,COM VÍTIMA,FINALIZADA,CORDEIRO,RUA GOMES TABORDA,AV GENERAL SAN MARTIN,PRÓX. A FARMÁCIA DROGASIL,CORDEIRO,,COLISÃO TRANSVERSAL,1,1,0,0,0,0,0,1,0
1456,202314005,2023-06-19 0:00:00,5:43:00,SEM VÍTIMA,FINALIZADA,SAN MARTIN,AV CONSUL VILARES FRAGOSO,RUA COMENDADOR FRANCO FERREIRA,,SAN MARTIN,SUBURBIO,CHOQUE,1,0,0,0,0,0,0,0,0
1457,202314015,2023-06-19 0:00:00,7:24:00,COM VÍTIMA,FINALIZADA,DOIS IRMAOS,PRQ DE DOIS IRMAOS,,SINAL DA LAFEPE,DOIS IRMAOS,,COLISÃO TRASEIRA,0,1,0,0,1,0,0,1,0
1458,202314025,2023-06-19 0:00:00,10:44:00,COM VÍTIMA,FINALIZADA,BOA VIAGEM,AV DOM JOAO VI,,SAÍDA DO TUNEL,BOA VIAGEM,,COLISÃO LATERAL,0,2,0,0,0,0,0,1,0
1459,202314033,2023-06-19 0:00:00,11:38:00,COM VÍTIMA,FINALIZADA,IMBIRIBEIRA,AV MARECHAL MASCARENHAS DE MORAES,,EM FRENTE AO CORREIOS,IMBIRIBEIRA,,COLISÃO TRASEIRA,1,1,0,0,0,0,0,1,0
1460,202314036,2023-06-19 0:00:00,12:25:00,COM VÍTIMA,FINALIZADA,ENCRUZILHADA,AV BEBERIBE,,XX,ENCRUZILHADA,,COLISÃO LATERAL,0,0,0,0,0,0,0,1,0
1461,202314043,2023-06-19 0:00:00,1:36:00,COM VÍTIMA,FINALIZADA,BOA VIAGEM,RUA BRUNO VELOSO,,SELFIT ACADEMIAS,BOA VIAGEM,,COLISÃO LATERAL,1,1,0,0,0,0,0,1,0
1462,202314052,2023-06-19 0:00:00,3:27:00,COM VÍTIMA,FINALIZADA,PINA,AVENIDA CELSO FURTADO (VIA MANGUE),,PRÓXIMO AO 19º BATALHÃO DE POLÍCIA,PINA,,QUEDA,0,1,0,0,0,0,0,1,0
1463,202314060,2023-06-19 0:00:00,5:06:00,COM VÍTIMA,FINALIZADA,COHAB,RUA CAPITAO VICENTE CURADO,,EM FRENTE ACADEMIA DA CIDADE DA UR-05,COHAB,,ATROPELAMENTO DE PESSOA,2,0,0,1,0,0,0,1,0
1464,202314061,2023-06-19 0:00:00,5:07:00,COM VÍTIMA,FINALIZADA,PINA,AV ANTONIO DE GOES,,PROX BOM JESUS BLINDAGEM,PINA,,COLISÃO TRASEIRA,1,1,0,0,0,0,0,1,0
1465,202314062,2023-06-19 0:00:00,5:11:00,SEM VÍTIMA,FINALIZADA,GRACAS,AV GOVERNADOR AGAMENON MAGALHAES,RUA DR BANDEIRA FILHO,MC DONALD'S,GRACAS,SUBURBIO,,1,0,0,0,0,0,1,0,0
1466,202314064,2023-06-19 0:00:00,5:42:00,SEM VÍTIMA,FINALIZADA,IMBIRIBEIRA,AV GENERAL MAC ARTHUR,,EM FRENTE AO LE PARK - BOA VIAGEM,IMBIRIBEIRA,SUBURBIO,COLISÃO TRANSVERSAL,0,1,0,0,0,0,1,0,0
1467,202314073,2023-06-19 0:00:00,7:05:00,COM VÍTIMA,FINALIZADA,BOA VIAGEM,AVENIDA CELSO FURTADO (VIA MANGUE),,DEPOIS DA ULTIMA LOMBADA DA VIA MANGUE SENTIDO  SHOPPING RIOMAR,BOA VIAGEM,,COLISÃO TRASEIRA,1,1,0,0,0,0,0,1,0
1468,202314074,2023-06-19 0:00:00,7:38:00,COM VÍTIMA,CANCELADA,MACAXEIRA,AV NORTE MIGUEL ARRAES DE ALENCAR,,XXX,MACAXEIRA,,COLISÃO FRONTAL,1,1,0,0,0,0,0,1,0
1469,202314077,2023-06-19 0:00:00,8:27:00,COM VÍTIMA,FINALIZADA,BOA VISTA,RUA DA AURORA,,NA PONTE PRINCESA ISABEL,BOA VISTA,,COLISÃO COM CICLISTA,1,0,1,0,0,0,0,1,0
1470,202314078,2023-06-19 0:00:00,9:08:00,SEM VÍTIMA,FINALIZADA,IPUTINGA,RUA SANTA LUZIA,,,IPUTINGA,SUBURBIO,CHOQUE,1,0,0,0,0,0,0,0,0
1471,202314080,2023-06-19 0:00:00,9:25:00,COM VÍTIMA,FINALIZADA,ARRUDA,RUA DESENHISTA EULINO SANTOS,,COM A RUA PROFESSOO JOSÉ DOS ANJOS,ARRUDA,,CAPOTAMENTO,1,1,0,0,0,0,0,3,0
1472,202314084,2023-06-19 0:00:00,10:45:00,COM VÍTIMA,CANCELADA,BOA VIAGEM,AV ANTONIO TORRES GALVAO,,COM A AV DOM JOÃO VI,BOA VIAGEM,,COLISÃO COM CICLISTA,1,0,1,0,0,0,0,1,0
1473,202314096,2023-06-20 0:00:00,6:28:00,COM VÍTIMA,FINALIZADA,PORTO DA MADEIRA,RUA DALVA DE OLIVEIRA,,PROX. A M.A CLIMATIZAÇÃO,PORTO DA MADEIRA,,COLISÃO LATERAL,1,1,0,0,0,0,0,2,0
1474,202314107,2023-06-20 0:00:00,7:26:00,COM VÍTIMA,FINALIZADA,IBURA,RUA RIO XINGU,,,IBURA,,CHOQUE,0,1,0,0,0,0,0,1,0
1475,202314115,2023-06-20 0:00:00,8:11:00,COM VÍTIMA,FINALIZADA,PINA,AVENIDA CELSO FURTADO (VIA MANGUE),,"SENT. BOA VIAGEM, NA ENTRADA DO COLEGIO CBV",PINA,,COLISÃO LATERAL,1,1,0,0,0,0,0,1,0
1476,202314116,2023-06-20 0:00:00,8:09:00,COM VÍTIMA,DUPLICIDADE,BOA VIAGEM,RUA PROFESSOR EDUARDO WANDERLEY FILHO,AVENIDA CELSO FURTADO (VIA MANGUE),,BOA VIAGEM,,COLISÃO TRANSVERSAL,0,0,0,0,0,0,0,1,0
1477,202314124,2023-06-20 0:00:00,9:08:00,COM VÍTIMA,FINALIZADA,APIPUCOS,RUA DE APIPUCOS,,AO LADO DA RESIDENCIA 235,APIPUCOS,CIDADE,COLISÃO TRASEIRA,1,1,0,0,0,0,0,1,0
1478,202314126,2023-06-20 0:00:00,9:29:00,COM VÍTIMA,FINALIZADA,AREIAS,AV DR JOSE RUFINO,,EM FRENTE AO CONVENTO DO BARRO,AREIAS,,COLISÃO LATERAL,0,1,0,0,0,1,0,2,0
1479,202314128,2023-06-20 0:00:00,9:41:00,COM VÍTIMA,FINALIZADA,DERBY,PRC DO DERBY,,EM FRENTE AO QUARTEL DO DERBY,DERBY,,COLISÃO TRASEIRA,1,1,0,0,0,0,0,1,0
1480,202314130,2023-06-20 0:00:00,9:49:00,COM VÍTIMA,CANCELADA,IPSEP,AV RECIFE,,,IPSEP,,,0,0,0,0,0,0,0,1,0
1481,202314131,2023-06-20 0:00:00,10:05:00,COM VÍTIMA,FINALIZADA,PRADO,RUA PADRE TEOFILO TWORZ,,PROX A IGREJA PRESBITERIANA DO PRADO,PRADO,,COLISÃO LATERAL,1,1,0,0,0,0,0,1,0
1482,202314137,2023-06-20 0:00:00,11:08:00,SEM VÍTIMA,CANCELADA,PAISSANDU,AV GOVERNADOR AGAMENON MAGALHAES,,SENT. BOA VIAGEM NO INICIO DO VIADUTO APOS O HOSPITAL PORTUGUES,PAISSANDU,,COLISÃO TRASEIRA,0,1,0,0,1,0,0,0,0
1483,202314150,2023-06-20 0:00:00,2:06:00,COM VÍTIMA,FINALIZADA,PINA,AV HERCULANO BANDEIRA,,IGREJA DO PINA,PINA,,COLISÃO TRASEIRA,2,0,0,0,0,0,0,1,0
1484,202314156,2023-06-20 0:00:00,2:51:00,COM VÍTIMA,FINALIZADA,IMBIRIBEIRA,AV MARECHAL MASCARENHAS DE MORAES,,EM FRENTE A FLOR E ART,IMBIRIBEIRA,CIDADE,ATROPELAMENTO DE PESSOA,0,0,0,1,1,0,0,1,0
1485,202314159,2023-06-20 0:00:00,3:01:00,COM VÍTIMA,FINALIZADA,IPSEP,RUA BLUMENAU,,PROX A GUILHERME BIKE,IPSEP,,COLISÃO LATERAL,1,1,0,0,0,0,0,1,0
1486,202314160,2023-06-20 0:00:00,3:20:00,COM VÍTIMA,FINALIZADA,BOA VISTA,RUA DA AURORA,,PROX AO SEMAFORO,BOA VISTA,,COLISÃO COM CICLISTA,0,1,1,0,0,0,0,2,0
1487,202314176,2023-06-20 0:00:00,5:13:00,SEM VÍTIMA,FINALIZADA,BOA VISTA,AV GOVERNADOR AGAMENON MAGALHAES,,,BOA VISTA,,COLISÃO TRASEIRA,2,0,0,0,0,0,0,0,0
1488,202314179,2023-06-20 0:00:00,5:24:00,COM VÍTIMA,FINALIZADA,SANTO ANTONIO,RUA PADRE MUNIZ,,EM FRENTE A IGREJA MATRIZ DE SÃO JOSÉ DO RIBAMAR,SANTO ANTONIO,,QUEDA,0,1,0,0,0,0,0,1,0
1489,202314189,2023-06-20 0:00:00,7:03:00,SEM VÍTIMA,FINALIZADA,SAO JOSE,AV DANTAS BARRETO,RUA PASSO DA PATRIA,,SAO JOSE,,CHOQUE,0,0,0,0,0,1,0,0,0
1490,202314197,2023-06-20 0:00:00,11:45:00,SEM VÍTIMA,CANCELADA,TORRE,RUA CONDE DE IRAJA,AV BEIRA RIO,,TORRE,,COLISÃO TRANSVERSAL,0,0,0,0,0,0,0,0,0
1491,202314204,2023-06-21 0:00:00,6:25:00,COM VÍTIMA,FINALIZADA,IPUTINGA,AV CAXANGA,,"PROX AO ANTIGO HIPER BOM PREÇO, PROX AO SEMAFORO 533",IPUTINGA,,COLISÃO LATERAL,1,0,1,0,0,0,0,1,0
1492,202314215,2023-06-21 0:00:00,7:34:00,COM VÍTIMA,CANCELADA,BOA VIAGEM,AVENIDA CELSO FURTADO (VIA MANGUE),,,BOA VIAGEM,,QUEDA,0,0,0,0,0,0,0,1,0
1493,202314216,2023-06-21 0:00:00,7:37:00,COM VÍTIMA,FINALIZADA,PINA,AVENIDA CELSO FURTADO (VIA MANGUE),,UM POUCO ANTES DO PRIMEIRO RETORNO,PINA,,COLISÃO TRASEIRA,1,1,0,0,0,0,0,1,0
1494,202314219,2023-06-21 0:00:00,7:40:00,COM VÍTIMA,CANCELADA,DOIS IRMAOS,RUA MANUEL DE MEDEIROS,,,DOIS IRMAOS,,,0,0,0,0,0,0,0,1,0
1495,202314221,2023-06-21 0:00:00,7:45:00,COM VÍTIMA,FINALIZADA,CASA FORTE,RUA JORGE GOMES DE SA,,EM FRENTE AO PARQUE SANTANA,CASA FORTE,,QUEDA,0,0,0,0,0,0,0,1,0
1496,202314223,2023-06-21 0:00:00,7:59:00,COM VÍTIMA,FINALIZADA,SANTO AMARO,RUA TREZE DE MAIO,,EM FRENTE A O PREDIO EM CONSTRUÇÃO DO MINISTERIO PUBLICO,SANTO AMARO,,COLISÃO FRONTAL,0,1,0,0,0,1,0,1,0
1497,202314224,2023-06-21 0:00:00,8:00:00,COM VÍTIMA,FINALIZADA,PINA,AVENIDA CELSO FURTADO (VIA MANGUE),,NO INICIO DA VIA MANGUE SENT. RIO MAR,PINA,,COLISÃO LATERAL,1,1,0,0,0,0,0,1,0
1498,202314225,2023-06-21 0:00:00,8:09:00,COM VÍTIMA,FINALIZADA,DERBY,AV GOVERNADOR AGAMENON MAGALHAES,,EM FRENTE AO HR,DERBY,BOA VIAGEM,COLISÃO TRASEIRA,0,2,0,0,0,0,0,1,0
1499,202314226,2023-06-21 0:00:00,8:11:00,COM VÍTIMA,CANCELADA,CASA AMARELA,RUA DA HARMONIA,,,CASA AMARELA,,,0,0,0,0,0,0,0,1,0
1500,202314230,2023-06-21 0:00:00,8:47:00,COM VÍTIMA,FINALIZADA,CORDEIRO,RUA MANOEL ESTEVAO DA COSTA,RUA DIANOPOLIS,EM FRENTE AO POSTO DE GASOLINA PETROCAL,CORDEIRO,,COLISÃO LATERAL,1,1,0,0,0,0,0,1,0
1501,202314268,2023-06-21 0:00:00,2:18:00,COM VÍTIMA,FINALIZADA,BARRO,AV CENTRAL,,SAIDA DA ESTAÇÃO DO BARRO SENTIDO PRAZERES,BARRO,,COLISÃO FRONTAL,1,1,0,0,0,0,0,1,0
1502,202314274,2023-06-21 0:00:00,2:44:00,COM VÍTIMA,FINALIZADA,ROSARINHO,AV NORTE MIGUEL ARRAES DE ALENCAR,,LOJA DO PADEIRÃO / LIVRARIA MAC,ROSARINHO,,COLISÃO LATERAL,1,1,0,0,0,0,0,1,0
1503,202314278,2023-06-21 0:00:00,3:46:00,SEM VÍTIMA,FINALIZADA,ILHA DO LEITE,AV GOVERNADOR AGAMENON MAGALHAES,,AGENCIA ILHA DO LEITE CAIXA ECONOMICA FEDERAL,ILHA DO LEITE,,,1,0,0,0,0,1,0,0,0
1504,202314283,2023-06-21 0:00:00,5:02:00,COM VÍTIMA,FINALIZADA,CASA AMARELA,EST DO ARRAIAL,,AO LADO DA PAGUE MENOS,CASA AMARELA,,ATROPELAMENTO DE PESSOA,0,1,0,1,0,0,0,1,0
1505,202314294,2023-06-21 0:00:00,6:16:00,SEM VÍTIMA,FINALIZADA,JORDAO,AV MARIA IRENE,,OFICINA SIDNEY SANTE,JORDAO,,COLISÃO TRASEIRA,2,0,0,0,0,0,0,0,0
1506,202314296,2023-06-21 0:00:00,6:23:00,COM VÍTIMA,CANCELADA,DOIS IRMAOS,AV LUIZ ANTONIO DE ARAUJO,,XX,DOIS IRMAOS,,COLISÃO FRONTAL,1,1,0,0,0,0,0,1,0
1507,202314297,2023-06-21 0:00:00,6:26:00,SEM VÍTIMA,FINALIZADA,BOA VIAGEM,AVENIDA CELSO FURTADO (VIA MANGUE),,APÓS O ASSAÍ ATACADISTA SENTIDO PIEDADE,BOA VIAGEM,SUBURBIO,,2,1,0,0,0,0,0,0,0
1508,202314299,2023-06-21 0:00:00,6:28:00,COM VÍTIMA,CANCELADA,GRACAS,RUA AMELIA,,XX,GRACAS,,QUEDA,0,1,0,0,0,0,0,1,0
1509,202314307,2023-06-21 0:00:00,6:59:00,COM VÍTIMA,CANCELADA,CAXANGA,AV CAXANGA,,EM FRENTE A UPA DA CAXANGA,CAXANGA,CIDADE,COLISÃO TRASEIRA,1,1,0,0,0,0,0,2,0
1510,202314310,2023-06-21 0:00:00,7:43:00,COM VÍTIMA,FINALIZADA,PARNAMIRIM,AV RUI BARBOSA,RUA MUNIZ TAVARES,EM FRENTE AO HOSPITAL MARIA LUCIDA,PARNAMIRIM,,COLISÃO FRONTAL,1,1,0,0,0,0,0,1,0
1511,202314311,2023-06-21 0:00:00,7:47:00,COM VÍTIMA,CANCELADA,BOA VISTA,RUA GERVASIO PIRES,RUA DO RIACHUELO,HOSPITAL DO EXERCITO,BOA VISTA,,COLISÃO LATERAL,1,1,0,0,0,0,0,1,0
1512,202314336,2023-06-22 0:00:00,8:18:00,COM VÍTIMA,FINALIZADA,CORDEIRO,EST DO FORTE DO ARRAIAL N. DO B. JESUS,,PROXIMO CHARQUR GOUMERT,CORDEIRO,,COLISÃO LATERAL,1,1,0,0,0,0,0,1,0
1513,202314360,2023-06-22 0:00:00,10:52:00,COM VÍTIMA,FINALIZADA,SAO JOSE,AV SUL,,POR TRAS DO SEFAZ,SAO JOSE,,ATROPELAMENTO DE PESSOA,1,0,0,1,0,0,0,1,0
1514,202314369,2023-06-22 0:00:00,11:16:00,COM VÍTIMA,FINALIZADA,AREIAS,AV RECIFE,,EM FRENTE SEGURADORA BRINKS,AREIAS,,COLISÃO LATERAL,1,1,0,0,0,0,0,1,0
1515,202314370,2023-06-22 0:00:00,11:28:00,COM VÍTIMA,DUPLICIDADE,SAO JOSE,AV SUL,,POR TRAS DO SEFAZ,SAO JOSE,,ATROPELAMENTO DE PESSOA,1,0,0,1,0,0,0,1,0
1516,202314374,2023-06-22 0:00:00,11:34:00,COM VÍTIMA,CANCELADA,AREIAS,AV RECIFE,,,AREIAS,,COLISÃO LATERAL,0,0,0,0,0,0,0,1,0
1517,202314379,2023-06-22 0:00:00,1:06:00,COM VÍTIMA,FINALIZADA,PARNAMIRIM,RUA FERREIRA LOPES,,RUA DO CONSOLADO CHINES,PARNAMIRIM,,COLISÃO TRASEIRA,1,1,0,0,0,0,0,1,0
1518,202314381,2023-06-22 0:00:00,1:21:00,COM VÍTIMA,FINALIZADA,MADALENA,RUA JOSE OSORIO,,RM SUPERMERCADO,MADALENA,,QUEDA,0,1,0,0,0,0,0,1,0
1519,202314382,2023-06-22 0:00:00,1:27:00,COM VÍTIMA,FINALIZADA,JOANA BEZERRA,PTE JOSE DE BARROS LIMA,,SOBRE O VIADUTO SENTIDO CENTRO,JOANA BEZERRA,,COLISÃO LATERAL,1,1,0,0,0,0,0,1,0
1520,202314394,2023-06-22 0:00:00,4:32:00,COM VÍTIMA,FINALIZADA,AGUA FRIA,RUA CORREGO DO DEODATO,,APOS O POSTO  TIA REGINA  PROX ASSEMBLEIA DE DEUS,AGUA FRIA,,ATROPELAMENTO DE PESSOA,0,1,0,1,0,0,0,1,0
1521,202314396,2023-06-22 0:00:00,4:49:00,COM VÍTIMA,FINALIZADA,CASA AMARELA,EST DO ARRAIAL,,E/F A FABRICA RECI  POLPA,CASA AMARELA,,ATROPELAMENTO DE PESSOA,0,1,0,1,0,0,0,1,0
1522,202314397,2023-06-22 0:00:00,4:55:00,COM VÍTIMA,FINALIZADA,PAISSANDU,AV GOVERNADOR AGAMENON MAGALHAES,,EM FRENTE AO HOSPITAL PORTUGUES,PAISSANDU,SUBURBIO,COLISÃO LATERAL,1,1,0,0,0,0,0,2,0
1523,202314408,2023-06-22 0:00:00,6:08:00,SEM VÍTIMA,FINALIZADA,SAN MARTIN,AV ENGENHEIRO ABDIAS DE CARVALHO,,CHESF,SAN MARTIN,CIDADE,COLISÃO TRASEIRA,2,0,0,0,0,0,1,0,0
1524,202314410,2023-06-22 0:00:00,6:16:00,COM VÍTIMA,FINALIZADA,MADALENA,RUA BENFICA,,PROX A LOJA MICRO OFIQUE / PROX AO ANTIGO EXTRA,MADALENA,CIDADE,COLISÃO LATERAL,2,1,0,0,0,0,0,1,0
1525,202314414,2023-06-22 0:00:00,7:52:00,COM VÍTIMA,FINALIZADA,CORDEIRO,AV GENERAL SAN MARTIN,,"""EM FRENTE AO CORREIOS AO LADO DO COMPAZ""",CORDEIRO,,COLISÃO LATERAL,1,1,0,0,0,0,0,1,0
1526,202314416,2023-06-22 0:00:00,8:17:00,COM VÍTIMA,FINALIZADA,SANTO AMARO,AV PREFEITO ARTUR LIMA CAVALCANTI,,PROX A PONTE DO LIMOEIRO,SANTO AMARO,,COLISÃO TRASEIRA,1,1,0,0,0,0,0,2,0
1527,202314417,2023-06-22 0:00:00,8:29:00,SEM VÍTIMA,FINALIZADA,SANTO ANTONIO,RUA CAMBOA DO CARMO,RUA NOVA,,SANTO ANTONIO,CIDADE,CHOQUE,0,0,0,0,0,0,1,0,0
1528,202314424,2023-06-23 0:00:00,5:43:00,SEM VÍTIMA,FINALIZADA,DOIS IRMAOS,AV DA RECUPERACAO,RUA DOIS IRMAOS,,DOIS IRMAOS,SUBURBIO,CAPOTAMENTO,1,0,0,0,0,0,0,0,0