_id,Protocolo,data,hora,natureza,situacao,bairro,endereco,detalhe_endereco_acidente,complemento,bairro_cruzamento,sentido_via,tipo,auto,moto,ciclista,pedestre,onibus,caminhao,viatura,vitimas,vitimasfatais
1529,202314439,2023-06-23 0:00:00,11:01:00,COM VÍTIMA,FINALIZADA,CASA AMARELA,AV NORTE MIGUEL ARRAES DE ALENCAR,,EM FRENTE A BARRO LIMA E PROXIMO A GARAGEM DA GLOBO,CASA AMARELA,,COLISÃO TRASEIRA,2,0,0,0,0,0,0,1,0
1530,202314460,2023-06-23 0:00:00,6:58:00,COM VÍTIMA,FINALIZADA,CASA AMARELA,RUA FERREIRA LOPES,,PROX AO SITIO DA TRINDADE,CASA AMARELA,,ATROPELAMENTO DE PESSOA,0,1,0,1,0,0,0,2,0
1531,202314462,2023-06-23 0:00:00,7:29:00,COM VÍTIMA,FINALIZADA,BOA VIAGEM,RUA CAMBOIM,RUA DEZ DE JULHO,"PROX AO OJA ALUGUE BRASIL, ALUGUE DE CARROS",BOA VIAGEM,,COLISÃO LATERAL,1,1,0,0,0,0,0,2,0
1532,202314464,2023-06-23 0:00:00,8:39:00,COM VÍTIMA,FINALIZADA,BOA VIAGEM,AV BOA VIAGEM,,ED. PENISULA IBERICA E QUIOSQUE 26,BOA VIAGEM,,COLISÃO LATERAL,0,2,0,0,0,0,0,1,0
1533,202314465,2023-06-23 0:00:00,9:22:00,COM VÍTIMA,FINALIZADA,IBURA,AV DOIS RIOS,RUA RIO XINGU,,IBURA,,COLISÃO LATERAL,1,1,0,0,0,0,0,1,0
1534,202314471,2023-06-24 0:00:00,1:03:00,COM VÍTIMA,FINALIZADA,TEJIPIO,AV DR JOSE RUFINO,AV LIBERDADE,E/F AO QUARTEL DO EXERCITO 4º BCOM,TEJIPIO,,COLISÃO FRONTAL,1,1,0,0,0,0,0,1,0
1535,202314497,2023-06-24 0:00:00,12:47:00,COM VÍTIMA,FINALIZADA,ROSARINHO,AV SANTOS DUMONT,,DE FRENTE AO COLEGIO FAZER CRESCER,ROSARINHO,,COLISÃO LATERAL,1,1,0,0,0,0,0,1,0
1536,202314503,2023-06-24 0:00:00,1:51:00,SEM VÍTIMA,FINALIZADA,CAJUEIRO,AV BEBERIBE,RUA ARAO BOTLER,ACADEMIA DA CIDADE,CAJUEIRO,,CHOQUE,0,0,0,0,0,0,0,0,0
1537,202314509,2023-06-24 0:00:00,2:45:00,COM VÍTIMA,FINALIZADA,CASA AMARELA,RUA BELA VISTA,,PROX A PIZZARIA CANDELABRO,CASA AMARELA,,COLISÃO LATERAL,1,1,0,0,0,0,0,1,0
1538,202314510,2023-06-24 0:00:00,3:19:00,COM VÍTIMA,FINALIZADA,BOA VIAGEM,AV BOA VIAGEM,,PROX AO HOLIDAY E/F AO QUIOSQUE 29,BOA VIAGEM,,COLISÃO LATERAL,1,1,0,0,0,0,0,1,0
1539,202314524,2023-06-24 0:00:00,7:15:00,COM VÍTIMA,FINALIZADA,AREIAS,AV DR JOSE RUFINO,,PROX A IGREJA PRESBITERIANA,AREIAS,,COLISÃO FRONTAL,1,1,0,0,0,0,0,1,0
1540,202314534,2023-06-25 0:00:00,12:16:00,COM VÍTIMA,FINALIZADA,BOA VIAGEM,RUA ERNESTO DE PAULA SANTOS,RUA TENENTE DOMINGOS DE BRITO,,BOA VIAGEM,,COLISÃO LATERAL,0,0,0,0,0,0,0,1,0
1541,202314542,2023-06-25 0:00:00,9:41:00,COM VÍTIMA,FINALIZADA,MADALENA,RUA BENFICA,,EM FRENTE A OFICINA BOSCH,MADALENA,,COLISÃO LATERAL,1,1,0,0,0,0,0,1,0
1542,202314545,2023-06-25 0:00:00,10:56:00,COM VÍTIMA,FINALIZADA,IBURA,AV PERNAMBUCO,,PROX AO COMPAZ,IBURA,,COLISÃO LATERAL,1,1,0,0,0,0,0,2,0
1543,202314549,2023-06-25 0:00:00,2:12:00,COM VÍTIMA,CANCELADA,IPSEP,AV SALDANHA MARINHO,,,IPSEP,,COLISÃO LATERAL,0,1,0,0,0,0,0,1,0
1544,202314552,2023-06-25 0:00:00,3:23:00,COM VÍTIMA,CANCELADA,JARDIM SAO PAULO,RUA ARLINDO SA,,PROX A SUBWAY,JARDIM SAO PAULO,,COLISÃO LATERAL,1,1,0,0,0,0,0,2,0
1545,202314582,2023-06-26 0:00:00,7:02:00,COM VÍTIMA,CANCELADA,CASA AMARELA,RUA ALEXANDRINO,,,CASA AMARELA,,,0,0,0,0,0,0,0,1,0
1546,202314586,2023-06-26 0:00:00,7:58:00,SEM VÍTIMA,FINALIZADA,AFOGADOS,RUA SAO MATEUS,,,AFOGADOS,,COLISÃO LATERAL,1,1,0,0,0,0,0,0,0
1547,202314597,2023-06-26 0:00:00,8:44:00,COM VÍTIMA,FINALIZADA,JOANA BEZERRA,VDO PAPA JOAO PAULO II,,SOBRE VIADUTO PAPA JOÃO PAULO SEGUNDO,JOANA BEZERRA,SUB,TOMBAMENTO,0,1,0,0,0,0,0,1,0
1548,202314600,2023-06-26 0:00:00,9:54:00,COM VÍTIMA,FINALIZADA,IMBIRIBEIRA,AV MARECHAL MASCARENHAS DE MORAES,,EM FRENTE A D MAGAZINE / PROX A ESTAÇÃO IMBIRIBEIRA SENTIDO AFOGADOS,IMBIRIBEIRA,,ATROPELAMENTO DE PESSOA,0,1,0,1,0,0,0,1,0
1549,202314606,2023-06-26 0:00:00,11:15:00,COM VÍTIMA,CANCELADA,SAO JOSE,PRC SERGIO LORETO,,PROX SEDE DO GALO,SAO JOSE,,TOMBAMENTO,0,1,0,0,0,0,0,1,0
1550,202314616,2023-06-26 0:00:00,12:14:00,COM VÍTIMA,FINALIZADA,ROSARINHO,AV NORTE MIGUEL ARRAES DE ALENCAR,,,ROSARINHO,,COLISÃO LATERAL,0,1,0,0,0,0,0,1,0
1551,202314621,2023-06-26 0:00:00,1:08:00,COM VÍTIMA,FINALIZADA,TORRE,RUA REAL DA TORRE,,E/F A DROGASIL,TORRE,,COLISÃO FRONTAL,1,1,0,0,0,0,0,1,0
1552,202314622,2023-06-26 0:00:00,1:10:00,SEM VÍTIMA,CANCELADA,PINA,AV HERCULANO BANDEIRA,,APOS A IGREJA DO PINA,PINA,,COLISÃO TRASEIRA,2,0,0,0,0,0,0,0,0
1553,202314627,2023-06-26 0:00:00,3:03:00,COM VÍTIMA,CANCELADA,TAMARINEIRA,RUA CONEGO BARATA,,ANTES DA FERREIRA COSTA,TAMARINEIRA,,COLISÃO COM CICLISTA,0,0,1,0,1,0,0,1,0
1554,202314629,2023-06-26 0:00:00,3:14:00,COM VÍTIMA,CANCELADA,AGUA FRIA,AV BEBERIBE,,XXX,AGUA FRIA,,,0,0,0,0,0,0,0,1,0
1555,202314642,2023-06-26 0:00:00,7:24:00,SEM VÍTIMA,FINALIZADA,AREIAS,RUA ERNESTO NAZARETH,,COMPESA,AREIAS,SUBURBIO,,1,0,0,0,0,1,0,0,0
1556,202314662,2023-06-27 0:00:00,6:58:00,COM VÍTIMA,FINALIZADA,BONGI,RUA DR JOAO COSTA,,NA ESQUINA DO GALPÃO DO TRE,BONGI,,COLISÃO LATERAL,1,1,0,0,0,0,0,1,0
1557,202314669,2023-06-27 0:00:00,7:42:00,COM VÍTIMA,FINALIZADA,IPUTINGA,EST DO BARBALHO,AV MAURICIO DE NASSAU,PROX A FUND ALTINO VENTURA,IPUTINGA,,ATROPELAMENTO DE PESSOA,1,0,0,1,0,0,0,1,0
1558,202314688,2023-06-27 0:00:00,12:12:00,COM VÍTIMA,FINALIZADA,AGUA FRIA,RUA DA REGENERACAO,,XX,AGUA FRIA,,QUEDA,0,1,0,0,0,0,0,1,0
1559,202314689,2023-06-27 0:00:00,12:46:00,SEM VÍTIMA,FINALIZADA,PINA,AV ENGENHEIRO DOMINGOS FERREIRA,,LADO ESQUERDO DA VIA,PINA,SUBURBIO,,1,0,0,0,0,1,0,0,0
1560,202314716,2023-06-27 0:00:00,5:24:00,COM VÍTIMA,FINALIZADA,IPSEP,RUA PROFESSOR JOSE VICENTE,RUA ADERBAL DE MELO,PROX A BUDEGA DE MEU LINDO,IPSEP,,COLISÃO FRONTAL,1,0,0,0,1,0,0,1,0
1561,202314731,2023-06-27 0:00:00,9:28:00,COM VÍTIMA,FINALIZADA,AFOGADOS,RUA SAO MIGUEL,RUA COSME VIANA,AO LADO DEPATRI,AFOGADOS,,COLISÃO LATERAL,0,0,0,0,0,0,0,1,0
1562,202314747,2023-06-28 0:00:00,7:51:00,COM VÍTIMA,FINALIZADA,AREIAS,RUA IPOJUCA,,EM FRENTE HOTELZINHO CARINHO DE VÓ,AREIAS,,COLISÃO LATERAL,1,1,0,0,0,0,0,1,0
1563,202314748,2023-06-28 0:00:00,8:05:00,COM VÍTIMA,FINALIZADA,IMBIRIBEIRA,RUA ARQUITETO LUIZ NUNES,,EM FRENTE A BARBEARIA ALBERES,IMBIRIBEIRA,,COLISÃO LATERAL,1,1,0,0,0,0,0,2,0
1564,202314755,2023-06-28 0:00:00,9:45:00,COM VÍTIMA,FINALIZADA,AREIAS,AV TENENTE FELIPE BANDEIRA DE MELO,AV RECIFE,EM FRENTE AO BAR DA ESQUINA DO MALTE,AREIAS,,COLISÃO LATERAL,1,1,0,0,0,0,0,1,0
1565,202314760,2023-06-28 0:00:00,10:16:00,SEM VÍTIMA,FINALIZADA,MADALENA,RUA BENFICA,,COLÉGIO GGE,MADALENA,,COLISÃO TRASEIRA,2,0,0,0,0,0,0,0,0
1566,202314767,2023-06-28 0:00:00,11:24:00,COM VÍTIMA,FINALIZADA,BOA VIAGEM,RUA PROFESSOR JOAO MEDEIROS,RUA RIBEIRO DE BRITO,NO SEMAFORO 332,BOA VIAGEM,,COLISÃO LATERAL,1,1,0,0,0,0,0,1,0
1567,202314797,2023-06-28 0:00:00,5:04:00,COM VÍTIMA,FINALIZADA,SANTO AMARO,AV CRUZ CABUGA,AV NORTE MIGUEL ARRAES DE ALENCAR,,SANTO AMARO,,QUEDA,0,1,0,0,0,0,0,1,0
1568,202314801,2023-06-28 0:00:00,5:19:00,COM VÍTIMA,FINALIZADA,BOA VIAGEM,AV FERNANDO SIMOES BARBOSA,,APOS A DESCIDA DA VIA MANGUE E/F AO ANTIGO BOMPREÇO,BOA VIAGEM,,COLISÃO LATERAL,1,1,0,0,0,0,0,1,0
1569,202314829,2023-06-29 0:00:00,7:36:00,COM VÍTIMA,FINALIZADA,MADALENA,AV BEIRA RIO,RUA PROFESSOR JOSE TORRES PIRES,,MADALENA,,COLISÃO LATERAL,1,1,0,0,0,0,0,1,0
1570,202314831,2023-06-29 0:00:00,8:22:00,COM VÍTIMA,FINALIZADA,ARRUDA,RUA DO MACHADO,,PROX AO BAR ESQUINA 85,ARRUDA,,COLISÃO TRASEIRA,0,2,0,0,0,0,0,2,0
1571,202314876,2023-06-29 0:00:00,3:11:00,COM VÍTIMA,CANCELADA,ESTANCIA,AV RECIFE,,NO POSTO SHELL,ESTANCIA,,COLISÃO FRONTAL,1,1,0,0,0,0,0,1,0
1572,202314878,2023-06-29 0:00:00,3:19:00,COM VÍTIMA,FINALIZADA,CASA AMARELA,EST DO ARRAIAL,,IGREJA DA HARMONIA,CASA AMARELA,,COLISÃO FRONTAL,1,0,1,0,0,0,0,1,0
1573,202314908,2023-06-29 0:00:00,7:35:00,SEM VÍTIMA,FINALIZADA,PINA,AVENIDA CELSO FURTADO (VIA MANGUE),,,PINA,,CHOQUE,1,0,0,0,0,0,0,0,0
1574,202314932,2023-06-30 0:00:00,7:01:00,COM VÍTIMA,FINALIZADA,IPUTINGA,AV CAXANGA,,"EM FRENTE A FACULDADE CATOLICA IMACULADA CONCEIÇÃO, SENT. CIDADE",IPUTINGA,,ATROPELAMENTO DE PESSOA,0,1,0,1,0,0,0,1,0
1575,202314945,2023-06-30 0:00:00,8:13:00,COM VÍTIMA,FINALIZADA,ESPINHEIRO,AV CONS ROSA E SILVA,,EM FRENTE AO EMPRESARIAL CASA GRANDE,ESPINHEIRO,,COLISÃO FRONTAL,1,0,0,0,1,0,0,1,0
1576,202314948,2023-06-30 0:00:00,9:10:00,SEM VÍTIMA,FINALIZADA,PINA,RUA JOSE PAES DE BARROS,,,PINA,CIDADE,CHOQUE,1,0,0,0,0,1,0,0,0
1577,202315005,2023-06-30 0:00:00,4:31:00,COM VÍTIMA,CANCELADA,AREIAS,RUA IPOJUCA,,NA ENTRADA DO  INSS,AREIAS,,COLISÃO LATERAL,1,1,0,0,0,0,0,1,0
1578,202315034,2023-06-30 0:00:00,11:31:00,COM VÍTIMA,FINALIZADA,ESTANCIA,AV DR JOSE RUFINO,,PRÓXIMO AO COLÉGIO VISÃO,ESTANCIA,SUBURBIO,CHOQUE,0,1,0,0,0,0,0,1,0
1579,202315035,2023-06-30 0:00:00,11:37:00,SEM VÍTIMA,FINALIZADA,IBURA,RUA EXP FRANCISCO VITORIANO,,SUPERMERCADO TREVO DA UR5,IBURA,,COLISÃO TRASEIRA,1,1,0,0,0,0,0,0,0
1580,202315048,2023-07-01 0:00:00,5:56:00,COM VÍTIMA,FINALIZADA,IMBIRIBEIRA,AV MARECHAL MASCARENHAS DE MORAES,,"APÓS O AEROPORTO, NA ENTRADA DO JORDÃO",IMBIRIBEIRA,SUBURBIO,COLISÃO FRONTAL,1,0,0,0,1,0,0,1,0
1581,202315131,2023-07-01 0:00:00,11:16:00,SEM VÍTIMA,FINALIZADA,SANCHO,AV LIBERDADE,,EM FRENTE AO IMÓVEL Nº 586,SANCHO,SUBURBIO,COLISÃO FRONTAL,2,0,0,0,0,0,0,0,0
1582,202315139,2023-07-02 0:00:00,3:31:00,COM VÍTIMA,FINALIZADA,VARZEA,AV PROFESSOR ARTUR DE SA,,EDIFICIO LUCILA,VARZEA,SUBURBIO,COLISÃO TRASEIRA,1,1,0,0,0,0,0,1,0
1583,202315168,2023-07-02 0:00:00,10:39:00,COM VÍTIMA,FINALIZADA,PINA,AV HERCULANO BANDEIRA,,NA FRENTE DO ATACADO DA CONSTRUÇÃO,PINA,,ATROPELAMENTO DE PESSOA,1,0,0,1,0,0,0,1,0
1584,202315171,2023-07-02 0:00:00,11:04:00,COM VÍTIMA,FINALIZADA,CABANGA,PTE GOVERNADOR PAULO GUERRA,,"NO INÍCIO DA PONTE GOV PAULO GUERRA , NO SENTIDO  CABANGA  / PINA",CABANGA,SUBURBIO,COLISÃO LATERAL,0,2,0,0,0,0,0,1,0
1585,202315179,2023-07-02 0:00:00,3:07:00,SEM VÍTIMA,CANCELADA,BOA VIAGEM,AV CONSELHEIRO AGUIAR,,,BOA VIAGEM,,,0,0,0,0,0,0,0,0,0
1586,202315180,2023-07-02 0:00:00,3:07:00,SEM VÍTIMA,CANCELADA,AFOGADOS,,,,AFOGADOS,,,0,0,0,0,0,0,0,0,0
1587,202315207,2023-07-02 0:00:00,10:53:00,SEM VÍTIMA,FINALIZADA,BOA VISTA,RUA DO HOSPICIO,,EM FRENTE AO HOSPITAL DO EXERCITO,BOA VISTA,,CHOQUE,1,0,0,0,0,0,0,0,0
1588,202315208,2023-07-03 0:00:00,2:15:00,COM VÍTIMA,FINALIZADA,IPUTINGA,AV CAXANGA,RUA RIBEIRO PESSOA,EM FRENTE À UPA DA CAXANGÁ,IPUTINGA,,COLISÃO TRANSVERSAL,1,0,0,0,0,0,0,1,0
1589,202315221,2023-07-03 0:00:00,6:36:00,COM VÍTIMA,FINALIZADA,IPUTINGA,RUA RODRIGUES FERREIRA,,PROX AO TERMINAL INTEGRADO DA CAXANGÁ,IPUTINGA,,COLISÃO TRASEIRA,1,2,0,0,0,0,0,2,0
1590,202315231,2023-07-03 0:00:00,8:46:00,COM VÍTIMA,FINALIZADA,BAIRRO DO RECIFE,AV MILITAR,,APÓS A PONTE LIMOEIRO,BAIRRO DO RECIFE,,QUEDA,0,0,0,0,0,0,0,1,0
1591,202315238,2023-07-03 0:00:00,9:22:00,COM VÍTIMA,CANCELADA,SANTO AMARO,AV CRUZ CABUGA,RUA ARARIPINA,,SANTO AMARO,,COLISÃO FRONTAL,0,0,0,0,0,0,0,1,0
1592,202315243,2023-07-03 0:00:00,9:33:00,COM VÍTIMA,FINALIZADA,MADALENA,RUA CONDE DE IRAJA,AV BEIRA RIO,PROX AO SEMAFORO 630,MADALENA,,COLISÃO FRONTAL,1,1,0,0,0,0,0,2,0
1593,202315246,2023-07-03 0:00:00,10:27:00,COM VÍTIMA,FINALIZADA,CASA FORTE,AV DEZESSETE DE AGOSTO,,,CASA FORTE,,COLISÃO COM CICLISTA,1,0,1,0,0,0,0,1,0
1594,202315248,2023-07-03 0:00:00,10:52:00,COM VÍTIMA,FINALIZADA,VARZEA,RUA GASTAO VIDIGAL,,AO LADO DO HOTEL COSTA AZUL,VARZEA,,QUEDA,0,1,0,0,0,0,0,1,0
1595,202315259,2023-07-03 0:00:00,12:40:00,SEM VÍTIMA,FINALIZADA,ARRUDA,RUA DO MACHADO,RUA MANOEL SILVA,EMPORIO DA CERVEJA,ARRUDA,SUBURBIO,COLISÃO TRANSVERSAL,2,0,0,0,0,0,0,0,0
1596,202315263,2023-07-03 0:00:00,1:27:00,COM VÍTIMA,FINALIZADA,TORRE,RUA CONDE DE IRAJA,AV BEIRA RIO,PROX AO EDIFICIO DUAS NAÇÕES,TORRE,,COLISÃO COM CICLISTA,1,0,1,0,0,0,0,1,0
1597,202315267,2023-07-03 0:00:00,2:17:00,COM VÍTIMA,FINALIZADA,CAMPO GRANDE,RUA ODORICO MENDES,,IMPERIO FAROIS,CAMPO GRANDE,,COLISÃO LATERAL,1,1,0,0,0,0,0,1,0
1598,202315273,2023-07-03 0:00:00,3:20:00,SEM VÍTIMA,FINALIZADA,IMBIRIBEIRA,AV GENERAL MAC ARTHUR,,ANTES DA ESTAÇAO DO METRO DA ANTONIO FALCAO E/F A LOJA IMPERIO DO LUBRIFICANTE  S/T BOA VIAGEM,IMBIRIBEIRA,,COLISÃO LATERAL,2,1,0,0,0,0,0,0,0
1599,202315276,2023-07-03 0:00:00,3:48:00,COM VÍTIMA,FINALIZADA,BOA VIAGEM,AV BOA VIAGEM,,EM FRENTE AO EDIFICIO ILHA DE THASSOS,BOA VIAGEM,,COLISÃO TRASEIRA,1,1,0,0,0,0,0,1,0
1600,202315280,2023-07-03 0:00:00,4:36:00,COM VÍTIMA,FINALIZADA,ARRUDA,EST VELHA DE AGUA FRIA,,APOS O DNOCS PROXIMO AO SEMÁFO 306,ARRUDA,,COLISÃO FRONTAL,1,1,0,0,0,0,0,1,0
1601,202315284,2023-07-03 0:00:00,5:49:00,COM VÍTIMA,FINALIZADA,ILHA DO RETIRO,AV BEIRA RIO,,EDF. MARIA TERESA COELHO,ILHA DO RETIRO,,COLISÃO LATERAL,1,1,0,0,0,0,0,1,0
1602,202315287,2023-07-03 0:00:00,6:15:00,SEM VÍTIMA,CANCELADA,BOA VIAGEM,RUA BARAO DE SOUZA LEAO,,EDF VILA REAL,BOA VIAGEM,,COLISÃO LATERAL,2,0,0,0,0,0,0,0,0
1603,202315291,2023-07-03 0:00:00,6:25:00,COM VÍTIMA,FINALIZADA,SANTO AMARO,RUA DA AURORA,,EM FRENTE AO INSTITUTO TAVARES BURIL,SANTO AMARO,,COLISÃO LATERAL,1,1,0,0,0,0,0,1,0
1604,202315298,2023-07-03 0:00:00,6:43:00,COM VÍTIMA,CANCELADA,TOTO,RUA ONZE DE AGOSTO,,PROX AO BIDU KRAUSE .,TOTO,,COLISÃO LATERAL,0,2,0,0,0,0,0,2,0
1605,202315319,2023-07-04 0:00:00,6:20:00,COM VÍTIMA,FINALIZADA,MADALENA,RUA JOSE BONIFACIO,RUA PADRE JOSE DE ANCHIETA,EM FRENTE A DROGARIA SÃO PAULO,MADALENA,,COLISÃO FRONTAL,2,0,0,0,0,0,0,1,0
1606,202315326,2023-07-04 0:00:00,7:56:00,SEM VÍTIMA,FINALIZADA,IPUTINGA,AV CAXANGA,AV PROFESSOR JOAQUIM CAVALCANTI,VIADUTO BR 101,IPUTINGA,SUBURBIO,COLISÃO TRANSVERSAL,2,0,0,0,0,0,0,0,0
1607,202315330,2023-07-04 0:00:00,8:00:00,COM VÍTIMA,FINALIZADA,AGUA FRIA,AV BEBERIBE,,PROXIMO AO DISBEC DISTRIBUIDORA DE TINTA,AGUA FRIA,,COLISÃO LATERAL,0,2,0,0,0,0,0,2,0
1608,202315341,2023-07-04 0:00:00,8:31:00,COM VÍTIMA,FINALIZADA,ILHA JOANA BEZERRA,VIADUTO CAPITAO TEMUDO,,PROX  AO FORUM DE JOANA BEZERRA,ILHA JOANA BEZERRA,,COLISÃO LATERAL,0,2,0,0,0,0,0,1,0
1609,202315347,2023-07-04 0:00:00,9:33:00,COM VÍTIMA,FINALIZADA,SANTO ANTONIO,AV DANTAS BARRETO,RUA SAO JOAO,EM FRENTE AO SEMAFORO 154,SANTO ANTONIO,,COLISÃO LATERAL,0,1,0,0,1,0,0,1,0
1610,202315355,2023-07-04 0:00:00,10:34:00,COM VÍTIMA,CANCELADA,MACAXEIRA,AV NORTE MIGUEL ARRAES DE ALENCAR,,"SENT. CIDADE, EM FRENTE AO PARQUE DA MACAXEIRA",MACAXEIRA,,COLISÃO TRASEIRA,0,1,0,0,0,1,0,1,0
1611,202315364,2023-07-04 0:00:00,12:11:00,COM VÍTIMA,FINALIZADA,ENGENHO DO MEIO,RUA MANOEL ESTEVAO DA COSTA,,PROXIMO DA ACADEMIA ACTOS,ENGENHO DO MEIO,,COLISÃO LATERAL,1,1,0,0,0,0,0,1,0
1612,202315367,2023-07-04 0:00:00,12:15:00,COM VÍTIMA,DUPLICIDADE,IPUTINGA,RUA CONEGO LUIZ GONZAGA DO MONTE,,AO LADO DA ACTO ACADEMIA,IPUTINGA,,COLISÃO LATERAL,0,1,0,0,0,0,0,1,0
1613,202315374,2023-07-04 0:00:00,2:31:00,COM VÍTIMA,FINALIZADA,ESPINHEIRO,RUA CONS PORTELA,,AGALERIA CONSELHEIRO PORTELA,ESPINHEIRO,,COLISÃO LATERAL,1,0,0,0,0,0,0,1,0
1614,202315381,2023-07-04 0:00:00,3:20:00,COM VÍTIMA,FINALIZADA,IPSEP,AV RECIFE,,JJK AUTOS,IPSEP,,COLISÃO LATERAL,1,1,0,0,0,0,0,1,0
1615,202315402,2023-07-04 0:00:00,9:50:00,COM VÍTIMA,FINALIZADA,SAO JOSE,AV SUL,RUA OSCAR MELO,CONTINUAÇÃO DA RUA CABO EUTRÓPIO,SAO JOSE,,COLISÃO FRONTAL,0,2,0,0,0,0,0,2,0
1616,202315428,2023-07-05 0:00:00,8:24:00,COM VÍTIMA,FINALIZADA,BOA VISTA,RUA MARQUES AMORIM,,RUA UNIMED 3,BOA VISTA,,COLISÃO LATERAL,1,1,0,0,0,0,0,2,0
1617,202315429,2023-07-05 0:00:00,8:30:00,COM VÍTIMA,FINALIZADA,CORDEIRO,AV CAXANGA,,EM FRENTE AO NUCLEO DE SAUDE DA CAXANGA,CORDEIRO,CIDADE,COLISÃO TRASEIRA,1,1,0,0,0,0,0,1,0
1618,202315456,2023-07-05 0:00:00,2:41:00,COM VÍTIMA,FINALIZADA,CAXANGA,AV CAXANGA,,PROXIMO A FIAT,CAXANGA,,COLISÃO LATERAL,1,1,0,0,0,0,0,1,0
1619,202315468,2023-07-05 0:00:00,2:41:00,SEM VÍTIMA,FINALIZADA,BOA VISTA,AV GOVERNADOR AGAMENON MAGALHAES,,EM FRENT AO CÍRCULO MILITAR DO RECIFE,BOA VISTA,SUBURBIO,COLISÃO TRASEIRA,1,0,0,0,0,0,1,0,0
1620,202315495,2023-07-05 0:00:00,6:54:00,COM VÍTIMA,FINALIZADA,IMBIRIBEIRA,RUA JOSE DA SILVA LUCENA,,EM FRENTE A IGREJA PORTAL,IMBIRIBEIRA,,COLISÃO FRONTAL,1,1,0,0,0,0,0,1,0
1621,202315496,2023-07-05 0:00:00,7:33:00,SEM VÍTIMA,FINALIZADA,PINA,RUA CONSUL JOSEPH NOUJAIM,RUA NOGUEIRA DE SOUZA,SOB O SEMÁFORO Nº658,PINA,SUBURBIO,,2,0,0,0,0,0,0,0,0
1622,202315516,2023-07-06 0:00:00,5:17:00,COM VÍTIMA,FINALIZADA,GRACAS,RUA RICARDO HARDMAN,,COM A RUA RIGUEIRA COSTA,GRACAS,,COLISÃO LATERAL,2,0,0,0,0,0,0,1,0
1623,202315527,2023-07-06 0:00:00,7:54:00,COM VÍTIMA,FINALIZADA,BOA VIAGEM,AV MARECHAL JUAREZ TAVORA,,ESQUINA DO HOTEL FORUM/  PROX AO OLEGIO DOURADO,BOA VIAGEM,,COLISÃO LATERAL,1,1,0,0,0,0,0,1,0
1624,202315565,2023-07-06 0:00:00,4:07:00,COM VÍTIMA,FINALIZADA,PINA,PTE GOVERNADOR PAULO GUERRA,,ENTRADA DA VIA MANGUE / PROX. AO SHOPPING RIOMAR,PINA,,COLISÃO TRASEIRA,1,1,0,0,0,0,0,1,0
1625,202315577,2023-07-06 0:00:00,6:45:00,COM VÍTIMA,FINALIZADA,IBURA,RUA PINTOR AGENOR DE ALBUQUERQUE CESAR,,CLINICA SENA,IBURA,,COLISÃO FRONTAL,1,1,0,0,0,0,0,1,0
1626,202315580,2023-07-06 0:00:00,7:38:00,COM VÍTIMA,FINALIZADA,SANTO AMARO,AV CRUZ CABUGA,,EM FRENTE A CTTU,SANTO AMARO,,COLISÃO LATERAL,0,0,0,0,0,0,0,1,0
1627,202315608,2023-07-07 0:00:00,8:26:00,SEM VÍTIMA,FINALIZADA,TORRE,RUA JOSE BONIFACIO,,PROX AO CARREFUOR,TORRE,,COLISÃO LATERAL,2,0,0,0,0,0,0,0,0
1628,202315634,2023-07-07 0:00:00,1:45:00,COM VÍTIMA,FINALIZADA,TORRE,RUA MARQUES DE MARICA,,PRAÇA DA TORRE,TORRE,,COLISÃO LATERAL,1,1,0,0,0,0,0,1,0
1629,202315636,2023-07-07 0:00:00,1:51:00,COM VÍTIMA,FINALIZADA,COELHOS,RUA DOS COELHOS,,HOSPITAL IMIP,COELHOS,,QUEDA,0,1,0,0,0,0,0,1,0
1630,202315651,2023-07-07 0:00:00,3:43:00,COM VÍTIMA,FINALIZADA,BEBERIBE,AV BEBERIBE,,E/F AO POSTO SIVINI,BEBERIBE,,COLISÃO FRONTAL,1,1,0,0,0,0,0,1,0
1631,202315653,2023-07-07 0:00:00,3:54:00,COM VÍTIMA,FINALIZADA,DERBY,AV GOVERNADOR AGAMENON MAGALHAES,,EM FRENTE AO HR,DERBY,BOA VIAGEM,QUEDA,0,1,0,0,0,0,0,1,0
1632,202315659,2023-07-07 0:00:00,3:58:00,SEM VÍTIMA,FINALIZADA,AFOGADOS,RUA SAO MIGUEL,,DEPARTAMENTO DE REPRESSÃO AOS CRIMES PATRIMONIAIS,AFOGADOS,SUBURBIO,COLISÃO TRANSVERSAL,0,1,0,0,0,0,1,0,0
1633,202315670,2023-07-07 0:00:00,6:36:00,SEM VÍTIMA,CANCELADA,CASA FORTE,RUA LEONARDO BEZERRA CAVALCANTE,,MUNDO PET,CASA FORTE,,COLISÃO FRONTAL,1,1,0,0,0,0,0,0,0
1634,202315674,2023-07-07 0:00:00,7:10:00,SEM VÍTIMA,FINALIZADA,ESTANCIA,RUA CONEGO XAVIER PEDROZA,AV DR JOSE RUFINO,AO LADO DO IMÓVEL Nº 489,ESTANCIA,SUBURBIO,,1,1,0,0,0,0,0,0,0