_id,Protocolo,data,hora,natureza,situacao,bairro,endereco,detalhe_endereco_acidente,complemento,bairro_cruzamento,sentido_via,tipo,auto,moto,ciclista,pedestre,onibus,caminhao,viatura,vitimas,vitimasfatais
1635,202315704,2023-07-08 0:00:00,8:16:00,COM VÍTIMA,CANCELADA,IBURA,LAD DA COHAB,,PROXIMO A POLICLINICA DO IBURA,IBURA,,,0,1,0,0,0,0,0,1,0
1636,202315727,2023-07-08 0:00:00,11:36:00,SEM VÍTIMA,FINALIZADA,SANTO AMARO,AV GOVERNADOR AGAMENON MAGALHAES,,PROXIMO A ACADEMIA DA CIDADE E A IGREJA ASSEMBLEIA DE DEUS,SANTO AMARO,CIDADE,,1,0,0,0,0,0,1,0,0
1637,202315732,2023-07-08 0:00:00,12:43:00,SEM VÍTIMA,FINALIZADA,AGUA FRIA,AV BEBERIBE,,SOB  O SEMAFORO 187,AGUA FRIA,CIDADE,COLISÃO TRASEIRA,0,1,0,0,0,0,1,0,0
1638,202315739,2023-07-08 0:00:00,2:31:00,COM VÍTIMA,FINALIZADA,BOA VIAGEM,RUA BARAO DE SOUZA LEAO,RUA ALMIRANTE TAMANDARE,E/F AO EDF BARAO DE SOUZA LEAO,BOA VIAGEM,,COLISÃO TRASEIRA,1,1,0,0,0,0,0,1,0
1639,202315740,2023-07-08 0:00:00,2:32:00,COM VÍTIMA,FINALIZADA,CAMPO GRANDE,EST DE BELEM,RUA ODORICO MENDES,,CAMPO GRANDE,,CHOQUE,0,0,0,0,0,0,0,1,0
1640,202315746,2023-07-08 0:00:00,3:50:00,COM VÍTIMA,FINALIZADA,ESTANCIA,AV DR JOSE RUFINO,,LADO OPOSTO AO COLÉGIO VISÃO,ESTANCIA,,COLISÃO TRANSVERSAL,1,1,0,0,0,0,0,1,0
1641,202315752,2023-07-08 0:00:00,4:33:00,SEM VÍTIMA,FINALIZADA,TORRE,RUA JORNALISTA LUIZ TEIXEIRA,RUA ZILDA S DE SANTANA,,TORRE,SUBURBIO,COLISÃO TRANSVERSAL,1,0,0,0,0,0,1,0,0
1642,202315782,2023-07-09 0:00:00,1:38:00,SEM VÍTIMA,FINALIZADA,SAN MARTIN,RUA APULCRO DE ASSUNCAO,,PRÓXIMO AO MOTEL POUSADA DELÍRIO,SAN MARTIN,,CHOQUE,0,0,0,0,0,0,0,0,0
1643,202315783,2023-07-09 0:00:00,2:46:00,COM VÍTIMA,FINALIZADA,PARNAMIRIM,RUA SEBASTIAO MALTA ARCOVERDE,AV RUI BARBOSA,PRÓXIMO AO SHOPPING PARNAMIRIM,PARNAMIRIM,,COLISÃO TRANSVERSAL,2,0,0,0,0,0,0,2,0
1644,202315802,2023-07-09 0:00:00,10:39:00,SEM VÍTIMA,FINALIZADA,SANTO AMARO,RUA DA AMIZADE,,,SANTO AMARO,SUBURBIO,CHOQUE,1,0,0,0,0,0,0,0,0
1645,202315811,2023-07-09 0:00:00,12:09:00,COM VÍTIMA,FINALIZADA,BOA VIAGEM,RUA FRANCISCO DA CUNHA,RUA TENENTE JOAO CICERO,EM FRENTE A LANCHONETE PARADA OBRIGATORIA,BOA VIAGEM,,COLISÃO FRONTAL,1,1,0,0,0,0,0,1,0
1646,202315812,2023-07-09 0:00:00,12:15:00,COM VÍTIMA,FINALIZADA,CACOTE,AV RECIFE,,ATACADAO,CACOTE,,COLISÃO TRASEIRA,2,0,0,0,0,0,0,1,0
1647,202315848,2023-07-10 0:00:00,6:51:00,COM VÍTIMA,FINALIZADA,BOA VIAGEM,RUA ERNESTO DE PAULA SANTOS,,PROX. AO POSTO BR E TAPÊ SUSHI,BOA VIAGEM,,COLISÃO LATERAL,1,1,0,0,0,0,0,1,0
1648,202315851,2023-07-10 0:00:00,7:17:00,COM VÍTIMA,FINALIZADA,BAIRRO DO RECIFE,AV RIO BRANCO,CAIS DO APOLO,EM FRENTE AO BANCO DO BRASIL,BAIRRO DO RECIFE,,ATROPELAMENTO DE PESSOA,0,0,0,1,1,0,0,1,0
1649,202315874,2023-07-10 0:00:00,11:28:00,COM VÍTIMA,FINALIZADA,MADALENA,AV BEIRA RIO,,EM FRENTE AO EDF. 4 ESTAÇÕES,MADALENA,,COLISÃO LATERAL,1,1,0,0,0,0,0,1,0
1650,202315881,2023-07-10 0:00:00,1:19:00,SEM VÍTIMA,FINALIZADA,SANTO AMARO,AV GOVERNADOR AGAMENON MAGALHAES,,SOB O SEMÁFORO Nº 049,SANTO AMARO,,,1,0,0,0,1,0,0,0,0
1651,202315885,2023-07-10 0:00:00,2:26:00,COM VÍTIMA,FINALIZADA,AREIAS,AV RECIFE,,LOGO APOS O CARREFOUR,AREIAS,SUBURBIO,COLISÃO TRASEIRA,1,1,0,0,0,0,0,1,0
1652,202315901,2023-07-10 0:00:00,5:11:00,COM VÍTIMA,FINALIZADA,CORDEIRO,AV GENERAL SAN MARTIN,,E/F AO HGV,CORDEIRO,,COLISÃO COM CICLISTA,1,0,1,0,0,0,0,1,0
1653,202315913,2023-07-10 0:00:00,7:01:00,COM VÍTIMA,FINALIZADA,JAQUEIRA,AV RUI BARBOSA,,EM FRENTE AO PARQUE DA JAQUEIRA,JAQUEIRA,,COLISÃO LATERAL,1,1,0,0,0,0,0,1,0
1654,202315916,2023-07-10 0:00:00,10:13:00,COM VÍTIMA,FINALIZADA,MADALENA,RUA REAL DA TORRE,RUA JOSE OSORIO,,MADALENA,,COLISÃO LATERAL,0,2,0,0,0,0,0,2,0
1655,202315937,2023-07-11 0:00:00,7:41:00,COM VÍTIMA,FINALIZADA,BOA VISTA,RUA BARAO DE SAO BORJA,RUA JOSE DE ALENCAR,PROX AO POSTO DE SAUDE GOUVEIA DE BARROS,BOA VISTA,,COLISÃO LATERAL,2,0,0,0,0,0,0,3,0
1656,202315942,2023-07-11 0:00:00,8:10:00,COM VÍTIMA,FINALIZADA,IBURA,AV DOIS RIOS,,,IBURA,,COLISÃO LATERAL,1,1,0,0,0,0,0,1,0
1657,202315945,2023-07-11 0:00:00,8:12:00,COM VÍTIMA,FINALIZADA,VARZEA,AV AFONSO OLINDENSE,,EM FRENTE A LOJA TRES IRMÃS,VARZEA,,COLISÃO COM CICLISTA,1,0,1,0,0,0,0,1,0
1658,202315947,2023-07-11 0:00:00,8:42:00,COM VÍTIMA,FINALIZADA,BEBERIBE,AV BEBERIBE,,EM FRENTE CONSSESIONARIA DE CARROS DISNOVE,BEBERIBE,,COLISÃO LATERAL,1,1,0,0,0,0,0,1,0
1659,202315949,2023-07-11 0:00:00,9:08:00,SEM VÍTIMA,FINALIZADA,AFOGADOS,RUA PADRE TEOFILO TWORZ,,PRÓXIMO A TUPAN,AFOGADOS,CIDADE,COLISÃO TRASEIRA,2,0,0,0,0,0,0,0,0
1660,202315971,2023-07-11 0:00:00,11:05:00,COM VÍTIMA,FINALIZADA,AFOGADOS,RUA DA PAZ,,EM FRENTE A FIGUEIRAS CALÇADOS,AFOGADOS,,ATROPELAMENTO DE PESSOA,0,1,0,2,0,0,0,2,0
1661,202315978,2023-07-11 0:00:00,11:32:00,COM VÍTIMA,FINALIZADA,TAMARINEIRA,AV NORTE MIGUEL ARRAES DE ALENCAR,RUA DA MANGABEIRA,PROXIMO AO ESTACIONAMENTO SESC DE CASA AMARELA,TAMARINEIRA,,COLISÃO LATERAL,0,1,0,0,0,1,0,1,0
1662,202315981,2023-07-11 0:00:00,12:13:00,COM VÍTIMA,FINALIZADA,IMBIRIBEIRA,RUA ARQUITETO LUIZ NUNES,,AO LADO DA GALERIA CENTER ARACA /PROX A PADARIA MAGIA DOS PAES,IMBIRIBEIRA,,COLISÃO FRONTAL,1,1,0,0,0,0,0,1,0
1663,202315982,2023-07-11 0:00:00,12:15:00,COM VÍTIMA,FINALIZADA,ARRUDA,RUA SETE PECADOS,,"ESQUINA COM A LOCAPE ,NA RUA DO CANAL DA CONCTRUÇÃO",ARRUDA,,COLISÃO LATERAL,0,1,0,0,0,0,0,1,0
1664,202315991,2023-07-11 0:00:00,1:34:00,COM VÍTIMA,FINALIZADA,BOA VISTA,AV JOAO DE BARROS,AV VISCONDE DE SUASSUNA,PROX AO QUARTEL DOS BOMBEIROS,BOA VISTA,,COLISÃO FRONTAL,1,1,0,0,0,0,0,2,0
1665,202316003,2023-07-11 0:00:00,5:03:00,COM VÍTIMA,FINALIZADA,ARRUDA,AV BEBERIBE,,LOJA DE VEÍCULOS IPIRANGA,ARRUDA,SUBURBIO,COLISÃO COM CICLISTA,0,1,1,0,0,0,0,1,0
1666,202316014,2023-07-11 0:00:00,5:42:00,COM VÍTIMA,FINALIZADA,MADALENA,AV CAXANGA,,NO SEMAFORO 051 ENTRE A O BOMPREÇO E A  VERDE FRUTI,MADALENA,,COLISÃO LATERAL,0,2,0,0,0,0,0,2,0
1667,202316020,2023-07-11 0:00:00,6:20:00,COM VÍTIMA,FINALIZADA,ENCRUZILHADA,AV NORTE MIGUEL ARRAES DE ALENCAR,RUA DR JOSE MARIA,SEMÁFORO 045,ENCRUZILHADA,,ATROPELAMENTO DE PESSOA,0,0,1,0,1,0,0,1,0
1668,202316027,2023-07-11 0:00:00,7:05:00,SEM VÍTIMA,FINALIZADA,SAO JOSE,PTE GIRATORIA,,,SAO JOSE,SUBURBIO,COLISÃO TRASEIRA,3,0,0,0,0,0,0,0,0
1669,202316064,2023-07-12 0:00:00,8:32:00,COM VÍTIMA,FINALIZADA,MUSTARDINHA,RUA NETO CAMPELO JUNIOR,,PROX A PRAÇA DO ABC,MUSTARDINHA,,QUEDA,0,1,0,0,0,0,0,1,0
1670,202316070,2023-07-12 0:00:00,9:19:00,COM VÍTIMA,FINALIZADA,CABANGA,AV ANTONIO DE GOES,,PROX IATE CLUBE CABANGA,CABANGA,,,0,1,0,0,0,0,0,1,0
1671,202316072,2023-07-12 0:00:00,11:38:00,COM VÍTIMA,FINALIZADA,ARRUDA,RUA DA REGENERACAO,,EM FRENTE AO EDIFICIO EL DOURADO / PROX AO PONTO DE RECICLAGEM,ARRUDA,,COLISÃO LATERAL,0,2,0,0,0,0,0,2,0
1672,202316083,2023-07-12 0:00:00,11:45:00,COM VÍTIMA,FINALIZADA,BOA VIAGEM,AV ENGENHEIRO DOMINGOS FERREIRA,,EMPRESARIAL ALEXANDRE DE CASTRO E SILVA,BOA VIAGEM,,ATROPELAMENTO DE PESSOA,1,0,0,1,0,0,0,1,0
1673,202316084,2023-07-12 0:00:00,11:45:00,SEM VÍTIMA,FINALIZADA,BOA VISTA,RUA BARAO DE SAO BORJA,RUA DA SOLEDADE,EM FRENTE A ESCOLA MUNICIPAL PEDRO AUGUSTO,BOA VISTA,CIDADE,,1,0,0,0,1,0,0,0,0
1674,202316091,2023-07-12 0:00:00,1:06:00,SEM VÍTIMA,FINALIZADA,ESPINHEIRO,RUA VENEZUELA,,AO LADO DO CREA,ESPINHEIRO,CIDADE,CHOQUE,2,0,0,0,0,0,0,0,0
1675,202316103,2023-07-12 0:00:00,3:08:00,COM VÍTIMA,FINALIZADA,CASA FORTE,AV DEZESSETE DE AGOSTO,,E/F A CONCESSIONARIA ALBUQUERQUE MOTO PROX AO AÇUDE,CASA FORTE,,COLISÃO TRASEIRA,1,1,0,0,0,0,0,1,0
1676,202316118,2023-07-12 0:00:00,6:05:00,SEM VÍTIMA,FINALIZADA,SANTO AMARO,AV GOVERNADOR AGAMENON MAGALHAES,,SOB O SEMÁFORO 684,SANTO AMARO,SUBURBIO,COLISÃO TRASEIRA,1,0,0,0,0,0,1,0,0
1677,202316125,2023-07-12 0:00:00,7:47:00,COM VÍTIMA,FINALIZADA,MACAXEIRA,AV NORTE MIGUEL ARRAES DE ALENCAR,,PROXIMO AO TERMINAL INTEGRADO DA MACAXEIRA,MACAXEIRA,,COLISÃO LATERAL,0,0,0,0,0,0,0,1,0
1678,202316130,2023-07-12 0:00:00,9:47:00,COM VÍTIMA,FINALIZADA,ROSARINHO,AV SANTOS DUMONT,RUA DR JOSE MARIA,PRÓXIMO A CASA ROSADA,ROSARINHO,,COLISÃO LATERAL,1,1,0,0,0,0,0,1,0
1679,202316132,2023-07-13 0:00:00,12:45:00,COM VÍTIMA,FINALIZADA,SAO JOSE,AV DANTAS BARRETO,RUA SIQUEIRA CAMPOS,PRÓXIMO AO ANTIGO INSS,SAO JOSE,,COLISÃO LATERAL,0,0,0,0,2,0,0,3,0
1680,202316153,2023-07-13 0:00:00,7:42:00,COM VÍTIMA,FINALIZADA,ILHA JOANA BEZERRA,RUA AGUA DOCE,,EM FRENTE A ACADEMIA DA CIDADE SENT. TERMINAL JOANA BEZERRA,ILHA JOANA BEZERRA,,COLISÃO LATERAL,1,1,0,0,0,0,0,2,0
1681,202316158,2023-07-13 0:00:00,8:41:00,COM VÍTIMA,FINALIZADA,SAN MARTIN,AV ENGENHEIRO ABDIAS DE CARVALHO,,AO LADO DO COMPAZ / E PROX AO ATACAREJO SUPERMRCADO,SAN MARTIN,,QUEDA,0,1,0,0,0,0,0,1,0
1682,202316164,2023-07-13 0:00:00,9:50:00,COM VÍTIMA,FINALIZADA,IPUTINGA,AV CAXANGA,,EM FRENTE A CAXANGA VEÍCULOS / AO LADO DA LOJA DA L2 AUTOMOVEIS,IPUTINGA,,COLISÃO LATERAL,0,1,0,0,0,1,0,1,0
1683,202316168,2023-07-13 0:00:00,10:23:00,COM VÍTIMA,FINALIZADA,BOA VIAGEM,AV BOA VIAGEM,,PROX. AO HY BEACH FLATS,BOA VIAGEM,,COLISÃO LATERAL,1,1,0,0,0,0,0,1,0
1684,202316172,2023-07-13 0:00:00,11:07:00,SEM VÍTIMA,CANCELADA,CABANGA,RUA CAMUTANGA,,PROX AO SETIMO DSUP ( DEPOSITO DE SUPRIMENTO DO EXERCITO),CABANGA,,CHOQUE,0,0,0,0,0,0,1,0,0
1685,202316185,2023-07-13 0:00:00,2:11:00,COM VÍTIMA,CANCELADA,IBURA,AV RECIFE,,,IBURA,,COLISÃO LATERAL,0,0,0,0,0,0,0,1,0
1686,202316189,2023-07-13 0:00:00,2:57:00,COM VÍTIMA,FINALIZADA,ARRUDA,AV PROFESSOR JOSE DOS ANJOS,,NO SEMAFORO 642,ARRUDA,,COLISÃO FRONTAL,1,0,0,0,0,0,1,2,0
1687,202316201,2023-07-13 0:00:00,5:58:00,COM VÍTIMA,FINALIZADA,BOA VIAGEM,AV ENGENHEIRO DOMINGOS FERREIRA,RUA TOME GIBSON,EM FRENTE AO CALDINHO DO DEBE,BOA VIAGEM,,COLISÃO COM CICLISTA,0,1,1,0,0,0,0,2,0
1688,202316202,2023-07-13 0:00:00,8:31:00,COM VÍTIMA,FINALIZADA,AGUA FRIA,EST VELHA DE AGUA FRIA,,PRÓXIMO A ESQUINA DA BATATA,AGUA FRIA,,COLISÃO FRONTAL,1,2,0,0,0,0,0,2,0
1689,202316214,2023-07-13 0:00:00,10:32:00,COM VÍTIMA,FINALIZADA,VARZEA,RUA MARIO CAMPELO,RUA JOAO FRANCISCO LISBOA,CRUZAMENTO,VARZEA,,COLISÃO TRANSVERSAL,1,1,0,0,0,0,0,1,0
1690,202316216,2023-07-14 0:00:00,6:21:00,COM VÍTIMA,CANCELADA,VASCO DA GAMA,AV NORTE MIGUEL ARRAES DE ALENCAR,,COM A RUA VASCO DA GAMA,VASCO DA GAMA,,COLISÃO TRANSVERSAL,1,1,0,0,0,0,0,1,0
1691,202316232,2023-07-14 0:00:00,8:55:00,SEM VÍTIMA,FINALIZADA,SAO JOSE,TRV DO FORTE,,LADO OPOSTO AO FORTE DAS CINCO PORTAS,SAO JOSE,SUBURBIO,COLISÃO TRASEIRA,1,1,0,0,0,0,0,0,0
1692,202316259,2023-07-14 0:00:00,1:04:00,COM VÍTIMA,FINALIZADA,BOA VISTA,RUA HENRIQUE DIAS,,E/F A FARMACIA PAGUE MENOS,BOA VISTA,,COLISÃO LATERAL,1,0,0,0,0,0,0,1,0
1693,202316270,2023-07-14 0:00:00,3:50:00,COM VÍTIMA,FINALIZADA,IBURA,AV DOIS RIOS,RUA RIO XINGU,AO LADO DO POSTO DE GASOLINA,IBURA,,ATROPELAMENTO DE PESSOA,0,1,0,1,0,0,0,1,0
1694,202316273,2023-07-14 0:00:00,5:03:00,SEM VÍTIMA,FINALIZADA,BOA VIAGEM,AV RECIFE,RUA FRANCA PEREIRA,EM FRENTE AO EDIFICIO VENDOME,BOA VIAGEM,,COLISÃO TRASEIRA,2,0,0,0,0,0,0,0,0
1695,202316281,2023-07-14 0:00:00,7:05:00,COM VÍTIMA,FINALIZADA,CAMPO GRANDE,RUA JERONIMO VILELA,,PRÓXIMO A PADARIA SANTO ANTÔNIO,CAMPO GRANDE,,COLISÃO LATERAL,1,1,0,0,0,0,0,1,0
1696,202316286,2023-07-14 0:00:00,8:12:00,COM VÍTIMA,FINALIZADA,CAXANGA,AV CAXANGA,,EM FRENTE AL CAXANGA GOLF CLUBE,CAXANGA,,COLISÃO LATERAL,0,1,1,0,0,0,0,2,0
1697,202316288,2023-07-14 0:00:00,8:41:00,COM VÍTIMA,FINALIZADA,PARNAMIRIM,AV DEZESSETE DE AGOSTO,,EDIFICIO  CASA GRANDE DE SANT´ANNA,PARNAMIRIM,,COLISÃO FRONTAL,2,1,0,0,0,0,0,1,0
1698,202316298,2023-07-15 0:00:00,12:51:00,COM VÍTIMA,FINALIZADA,TAMARINEIRA,EST DO ARRAIAL,RUA CONEGO BARATA,,TAMARINEIRA,,COLISÃO TRANSVERSAL,1,1,0,0,0,0,0,2,0
1699,202316299,2023-07-15 0:00:00,2:10:00,SEM VÍTIMA,FINALIZADA,SANTO AMARO,AV GOVERNADOR AGAMENON MAGALHAES,AV DR JAYME DA FONTE,,SANTO AMARO,SUBURBIO,,2,0,0,0,0,0,0,0,0
1700,202316316,2023-07-15 0:00:00,7:03:00,COM VÍTIMA,FINALIZADA,AFOGADOS,RUA SAO MIGUEL,,PROX A IGREJA BATISTA DE AFOGADOS PROX AO QUARTEL EXERCITO 14,AFOGADOS,,COLISÃO LATERAL,1,2,0,0,0,0,0,1,0
1701,202316323,2023-07-15 0:00:00,8:53:00,COM VÍTIMA,CANCELADA,SANTO AMARO,AV GOVERNADOR AGAMENON MAGALHAES,,EM FRENTE AO 13 EM FRENTE AO 13 BATALHAO // SENTIDO BOA VIAGEM //,SANTO AMARO,,,0,1,0,0,0,0,0,1,0
1702,202316341,2023-07-15 0:00:00,12:19:00,COM VÍTIMA,FINALIZADA,AFOGADOS,RUA SAO MIGUEL,,EM FRENTE A CESAR MOTOS E PARAISO DOS PETS,AFOGADOS,,COLISÃO LATERAL,1,1,0,0,0,0,0,1,0
1703,202316344,2023-07-15 0:00:00,4:43:00,SEM VÍTIMA,FINALIZADA,IMBIRIBEIRA,RUA PRESIDENTE NILO PECANHA,,(RESIDENCIAL BOA VIAGEM),IMBIRIBEIRA,,,0,0,0,0,0,0,0,0,0
1704,202316363,2023-07-15 0:00:00,7:59:00,COM VÍTIMA,FINALIZADA,IPSEP,AV RECIFE,,"POSTO BR , SENTIDO  AEROPORTO",IPSEP,,COLISÃO TRANSVERSAL,1,1,0,0,0,0,0,1,0
1705,202316364,2023-07-15 0:00:00,8:07:00,COM VÍTIMA,FINALIZADA,LINHA DO TIRO,RUA URIEL DE HOLANDA,,CHURASCARIA   CACHOEIRA,LINHA DO TIRO,,COLISÃO LATERAL,1,1,0,0,0,0,0,1,0
1706,202316368,2023-07-15 0:00:00,8:42:00,COM VÍTIMA,CANCELADA,BOA VIAGEM,AV ENGENHEIRO DOMINGOS FERREIRA,,COM A RUA  JOSÉ BRANDÃO FARMACIA INDEPENDENTE,BOA VIAGEM,,COLISÃO TRASEIRA,1,1,0,0,0,0,0,1,0
1707,202316371,2023-07-16 0:00:00,3:58:00,SEM VÍTIMA,FINALIZADA,SANTO AMARO,RUA ODORICO MENDES,,INSTITUTO DE CRIMINALISTA,SANTO AMARO,CIDADE,CHOQUE,1,0,0,0,0,0,0,0,0
1708,202316376,2023-07-16 0:00:00,6:02:00,COM VÍTIMA,CANCELADA,AFOGADOS,AV SUL,,AVENIDA SUL SENTIDO PRAÇA DE AFOGADOS,AFOGADOS,SUBURBIO,COLISÃO LATERAL,0,1,0,0,1,0,0,1,0
1709,202316377,2023-07-16 0:00:00,6:17:00,SEM VÍTIMA,FINALIZADA,BOA VIAGEM,AV ENGENHEIRO DOMINGOS FERREIRA,,EDF RESIDENCIAL JK,BOA VIAGEM,SUBURBIO,CHOQUE,1,0,0,0,0,0,0,0,0
1710,202316396,2023-07-16 0:00:00,11:09:00,COM VÍTIMA,FINALIZADA,CAMPO GRANDE,RUA FARIAS NEVES,,PROX A PRAÇA DO CAMPO DE ELITE,CAMPO GRANDE,,COLISÃO TRANSVERSAL,1,1,0,0,0,0,0,2,0
1711,202316409,2023-07-16 0:00:00,3:16:00,SEM VÍTIMA,FINALIZADA,ALTO JOSE BONIFACIO,AV NORTE MIGUEL ARRAES DE ALENCAR,,APÓS O  ARMAZEM CORAL,ALTO JOSE BONIFACIO,CIDADE,COLISÃO TRASEIRA,1,0,0,0,0,0,1,0,0
1712,202316421,2023-07-16 0:00:00,6:32:00,COM VÍTIMA,FINALIZADA,ARRUDA,RUA DAS MOCAS,RUA PETRONILA BOTELHO,POR TRÁS DO CAMPO DO ARRUDA,ARRUDA,,COLISÃO LATERAL,1,1,0,0,0,0,0,2,0
1713,202316424,2023-07-16 0:00:00,7:39:00,COM VÍTIMA,FINALIZADA,CAMPINA DO BARRETO,RUA DAS MOCAS,RUA ESPIRITO SANTO,,CAMPINA DO BARRETO,,COLISÃO LATERAL,1,1,0,0,0,0,0,1,0
1714,202316426,2023-07-16 0:00:00,9:31:00,COM VÍTIMA,FINALIZADA,MUSTARDINHA,AV MANOEL GONCALVES DA LUZ,,EM FRENTE AO CENTRO SOCIAL URBANO,MUSTARDINHA,,COLISÃO FRONTAL,1,1,0,0,0,0,0,1,0
1715,202316428,2023-05-17 0:00:00,2:39:00,COM VÍTIMA,FINALIZADA,IMBIRIBEIRA,AV MARECHAL MASCARENHAS DE MORAES,,EM FRENTE CONCESSIONÁRIA HONDA,IMBIRIBEIRA,,ATROPELAMENTO DE PESSOA,0,1,0,1,0,0,0,3,0
1716,202316433,2023-07-17 0:00:00,7:33:00,COM VÍTIMA,FINALIZADA,IMBIRIBEIRA,AV MARECHAL MASCARENHAS DE MORAES,,APOS O VIADUTO TANCREDO NEVES SENTIDO AEROPORTO,IMBIRIBEIRA,,COLISÃO LATERAL,1,1,0,0,0,0,0,1,0
1717,202316435,2023-07-17 0:00:00,8:32:00,COM VÍTIMA,FINALIZADA,AFOGADOS,AV SUL,,EM FRENTE AO HOTEL LUA DE MEL,AFOGADOS,CIDADE,COLISÃO TRASEIRA,1,1,0,0,0,0,0,2,0
1718,202316438,2023-07-17 0:00:00,8:38:00,COM VÍTIMA,FINALIZADA,BOA VIAGEM,RUA ERNESTO DE PAULA SANTOS,,PROX AO SHOPPING RECIFE / EM FRENTE AO POSTO D EGASOLINA BR,BOA VIAGEM,,COLISÃO FRONTAL,1,1,0,0,0,0,0,1,0
1719,202316439,2023-07-17 0:00:00,8:39:00,COM VÍTIMA,CANCELADA,BAIRRO DO RECIFE,CAIS DO APOLO,,EM FRENTE AO TRIBUNAL FEDERAL,BAIRRO DO RECIFE,,COLISÃO LATERAL,0,1,0,0,0,1,0,1,0
1720,202316441,2023-07-17 0:00:00,8:46:00,COM VÍTIMA,FINALIZADA,CASA FORTE,EST DAS UBAIAS,,NO ESTASCIONAMENTO DO SUPERMERCADO BOM DEMAIS,CASA FORTE,,COLISÃO FRONTAL,1,1,0,0,0,0,0,1,0
1721,202316442,2023-07-17 0:00:00,8:48:00,COM VÍTIMA,FINALIZADA,ALTO JOSE DO PINHO,COR DO BARTOLOMEU,,NA RODINHA PROX A ALEX CAR,ALTO JOSE DO PINHO,,COLISÃO FRONTAL,1,1,0,0,0,0,0,1,0
1722,202316446,2023-07-17 0:00:00,9:10:00,COM VÍTIMA,FINALIZADA,IPSEP,AV RECIFE,,"PROXIMO SAL E BRASA, NO CRUZAMENTO DO POSTO BR",IPSEP,,COLISÃO LATERAL,0,2,0,0,0,0,0,2,0
1723,202316450,2023-07-17 0:00:00,9:38:00,COM VÍTIMA,FINALIZADA,CAXANGA,AV CAXANGA,,EM FRENTE AO POSTO DE GASOLINA PETROBRAS /  CONCERCIONARIA IPUTINGA AUTOMOVEL,CAXANGA,CIDADE,COLISÃO TRASEIRA,0,1,0,0,0,0,0,1,0
1724,202316455,2023-07-17 0:00:00,10:53:00,COM VÍTIMA,FINALIZADA,ARRUDA,AV BEBERIBE,,EM FRENTRE AO MERCADÃO DO OLEO,ARRUDA,,COLISÃO LATERAL,1,1,0,0,0,0,0,1,0
1725,202316478,2023-07-17 0:00:00,12:56:00,COM VÍTIMA,FINALIZADA,PINA,AV HERCULANO BANDEIRA,,PROX A OFICINA GUERRA / PROX A IGREJA CATOLICA,PINA,,COLISÃO FRONTAL,0,1,0,0,0,0,0,1,0
1726,202316481,2023-07-17 0:00:00,1:51:00,COM VÍTIMA,FINALIZADA,CAXANGA,AV CAXANGA,,ESTAÇÃO GETULIO VARGAS,CAXANGA,,ATROPELAMENTO DE PESSOA,0,1,0,1,0,0,0,1,0
1727,202316483,2023-07-17 0:00:00,2:47:00,COM VÍTIMA,CANCELADA,NOVA DESCOBERTA,AV VEREADOR OTACILIO AZEVEDO,,APOS A UPA  ANTES DO TERMINAL DO BREJO,NOVA DESCOBERTA,,COLISÃO LATERAL,1,1,0,0,0,0,0,2,0
1728,202316486,2023-07-17 0:00:00,3:20:00,COM VÍTIMA,FINALIZADA,CORDEIRO,AV CAXANGA,,AGRO UTIL,CORDEIRO,,COLISÃO TRASEIRA,1,1,0,0,0,0,0,1,0
1729,202316491,2023-07-17 0:00:00,6:26:00,COM VÍTIMA,CANCELADA,VARZEA,RUA DELMIRO GOUVEIA,,EM FRENTE A ESTAÇAO DO BRT AREINHA E AO LADO DA CONCESSIONARIA YAMAHA,VARZEA,,COLISÃO TRASEIRA,1,1,0,0,0,0,0,2,0
1730,202316492,2023-07-17 0:00:00,6:39:00,COM VÍTIMA,FINALIZADA,BARRO,RUA ANDRE DE ALBUQUERQUE,RUA RATICLIFE,IGREJA DO BARRO,BARRO,,COLISÃO FRONTAL,1,1,0,0,0,0,0,1,0
1731,202316501,2023-07-17 0:00:00,7:31:00,SEM VÍTIMA,CANCELADA,SANTO AMARO,RUA FREI CASSIMIRO,,EM FRENTE AO COMITE DE OSMAR RICARDO,SANTO AMARO,,COLISÃO LATERAL,3,0,0,0,0,0,0,0,0
1732,202316504,2023-07-17 0:00:00,7:58:00,COM VÍTIMA,FINALIZADA,DOIS IRMAOS,RUA MANUEL DE MEDEIROS,,AO LADO DA UFRPE,DOIS IRMAOS,,COLISÃO LATERAL,0,0,0,0,0,0,0,2,0
1733,202316517,2023-07-18 0:00:00,7:36:00,COM VÍTIMA,FINALIZADA,BOA VIAGEM,RUA DOS NAVEGANTES,,POR TRAZ DO CASTELINHO,BOA VIAGEM,,COLISÃO LATERAL,1,1,0,0,0,0,0,1,0
1734,202316533,2023-07-18 0:00:00,9:23:00,COM VÍTIMA,FINALIZADA,IPUTINGA,EST DO BARBALHO,AV MAURICIO DE NASSAU,PROXIMO AO DETRAN DA IPUTINGA,IPUTINGA,,COLISÃO LATERAL,1,1,0,0,0,0,0,1,0