_id,Protocolo,data,hora,natureza,situacao,bairro,endereco,detalhe_endereco_acidente,complemento,bairro_cruzamento,sentido_via,tipo,auto,moto,ciclista,pedestre,onibus,caminhao,viatura,vitimas,vitimasfatais
1735,202316534,2023-07-18 0:00:00,9:42:00,COM VÍTIMA,FINALIZADA,BOA VIAGEM,AV ENGENHEIRO DOMINGOS FERREIRA,,APOS O CLINICAL CENTER,BOA VIAGEM,,COLISÃO LATERAL,1,1,0,0,0,0,0,2,0
1736,202316544,2023-07-18 0:00:00,11:10:00,COM VÍTIMA,FINALIZADA,PINA,AVENIDA CELSO FURTADO (VIA MANGUE),,PROX AO PRIMEIRO RADAR SENTIDO BOA VIAGEM,PINA,,COLISÃO TRASEIRA,1,1,0,0,0,0,0,1,0
1737,202316550,2023-07-18 0:00:00,11:53:00,COM VÍTIMA,FINALIZADA,ILHA DO RETIRO,AV ENGENHEIRO ABDIAS DE CARVALHO,,EM FRENTE AO SPORT CLUBE DE RECIFE,ILHA DO RETIRO,,COLISÃO LATERAL,1,1,0,0,0,0,0,1,0
1738,202316552,2023-07-18 0:00:00,12:45:00,COM VÍTIMA,FINALIZADA,CAXANGA,AV CAXANGA,,E/F A CASA DE PRODUTO AGROPECUARIO RANCHO ALEGRE  S/T SUB,CAXANGA,,COLISÃO LATERAL,0,2,0,0,0,0,0,3,0
1739,202316555,2023-07-18 0:00:00,1:19:00,SEM VÍTIMA,FINALIZADA,VARZEA,AV AFONSO OLINDENSE,,EM FRENTE AO COLEGIO SALEZIANO MAZARELLO,VARZEA,SUBURBIO,,1,1,0,0,0,0,0,0,0
1740,202316559,2023-07-18 0:00:00,1:48:00,COM VÍTIMA,FINALIZADA,AGUA FRIA,AV ANIBAL BENEVOLO,,E/F A ESCOLA ROSA MAGALHAES,AGUA FRIA,,COLISÃO LATERAL,0,0,0,0,0,0,0,1,0
1741,202316561,2023-07-18 0:00:00,2:18:00,COM VÍTIMA,FINALIZADA,TORRE,RUA JOSE BONIFACIO,,E/F AO CARREFOUR,TORRE,,COLISÃO LATERAL,0,0,0,0,0,0,0,1,0
1742,202316562,2023-07-18 0:00:00,2:25:00,COM VÍTIMA,FINALIZADA,MADALENA,AV VISCONDE DE ALBUQUERQUE,,PROX A PRAÇA  EÇA DE QUEIROZ  EO HOSPITAL D´AVIL A,MADALENA,,COLISÃO LATERAL,1,1,0,0,0,0,0,1,0
1743,202316569,2023-07-18 0:00:00,3:44:00,COM VÍTIMA,FINALIZADA,BONGI,AV ENGENHEIRO ABDIAS DE CARVALHO,,E/F AO POSTO BR,BONGI,,COLISÃO LATERAL,0,0,0,0,0,0,0,1,0
1744,202316570,2023-07-18 0:00:00,3:48:00,SEM VÍTIMA,FINALIZADA,SANTO ANTONIO,RUA IMPERADOR PEDRO SEGUNDO,,OPOSTO,SANTO ANTONIO,,COLISÃO TRASEIRA,1,0,0,0,0,0,1,0,0
1745,202316571,2023-07-18 0:00:00,3:51:00,COM VÍTIMA,FINALIZADA,IMBIRIBEIRA,AV MARECHAL MASCARENHAS DE MORAES,,PROX AO LOCALIZA E O AEROPORTO,IMBIRIBEIRA,,COLISÃO LATERAL,0,0,0,0,0,0,0,1,0
1746,202316573,2023-07-18 0:00:00,4:12:00,COM VÍTIMA,DUPLICIDADE,PRADO,AV ENGENHEIRO ABDIAS DE CARVALHO,,OFICINA AUTO CENTER,PRADO,,CHOQUE,0,1,0,0,0,0,0,1,0
1747,202316581,2023-07-18 0:00:00,2:59:00,COM VÍTIMA,FINALIZADA,ESTANCIA,RUA SAO MIGUEL,RUA OLEGARIO MARIANO,,ESTANCIA,,COLISÃO LATERAL,1,2,0,0,0,0,0,3,0
1748,202316583,2023-07-18 0:00:00,5:48:00,COM VÍTIMA,CANCELADA,JORDAO,AV JULIO CESAR,,JORDAO BAIXO  POR TRAS DA CAPELA JOAO BATISTA  E PROX A CEMOTEC,JORDAO,,COLISÃO LATERAL,0,0,0,0,0,0,0,1,0
1749,202316586,2023-07-18 0:00:00,6:12:00,COM VÍTIMA,FINALIZADA,ARRUDA,RUA DAS MOCAS,,AO LADO DO ARMAZEM CORAL,ARRUDA,,COLISÃO LATERAL,1,2,0,0,0,0,0,1,0
1750,202316604,2023-07-18 0:00:00,8:51:00,COM VÍTIMA,FINALIZADA,DOIS UNIDOS,AV HILDEBRANDO DE VASCONCELOS,,EM FRENTE A CELPE / NA ENTRADA DE DOIS UNIDOS,DOIS UNIDOS,,COLISÃO LATERAL,1,1,0,0,0,0,0,2,0
1751,202316605,2023-07-18 0:00:00,10:46:00,COM VÍTIMA,FINALIZADA,ESTANCIA,AV DR JOSE RUFINO,,PRÓXIMO A GALERIA MARGARIDA,ESTANCIA,,COLISÃO TRANSVERSAL,1,1,0,0,0,0,0,1,0
1752,202316621,2023-07-19 0:00:00,7:00:00,COM VÍTIMA,FINALIZADA,BOA VIAGEM,RUA DEZ DE JULHO,,MAIZOM CRISTAL,BOA VIAGEM,,COLISÃO LATERAL,2,0,0,0,0,0,0,1,0
1753,202316625,2023-07-19 0:00:00,7:50:00,COM VÍTIMA,FINALIZADA,GRACAS,AV RUI BARBOSA,,EM FRENTE A CASA DOS FRIOS,GRACAS,,COLISÃO FRONTAL,0,1,0,0,0,0,0,1,0
1754,202316638,2023-07-19 0:00:00,9:09:00,SEM VÍTIMA,FINALIZADA,NOVA DESCOBERTA,AV CHAGAS FERREIRA,,AO LADO DA  FABRICA DE AGUA MINERAL CEU AZUL,NOVA DESCOBERTA,,COLISÃO FRONTAL,0,1,0,0,0,0,0,0,0
1755,202316645,2023-07-19 0:00:00,10:15:00,COM VÍTIMA,CANCELADA,BOA VISTA,RUA DO PRINCIPE,,NA ESQUINA DA FACULDADE CATOLICA,BOA VISTA,,COLISÃO FRONTAL,0,1,0,0,0,0,0,1,0
1756,202316652,2023-07-19 0:00:00,11:35:00,COM VÍTIMA,FINALIZADA,AFOGADOS,RUA SAO MIGUEL,,EM FRENTE MANU AUTO ELETRICA / PROX AO DELAGACIA DO DEPRATI,AFOGADOS,,COLISÃO LATERAL,1,1,0,0,0,0,0,1,0
1757,202316654,2023-07-19 0:00:00,11:42:00,COM VÍTIMA,DUPLICIDADE,AFOGADOS,RUA SAO MIGUEL,,APOIS O DEPATRI,AFOGADOS,,COLISÃO LATERAL,1,1,0,0,0,0,0,1,0
1758,202316657,2023-07-19 0:00:00,11:56:00,COM VÍTIMA,FINALIZADA,VASCO DA GAMA,RUA ALTO DO EUCALIPTO,,PROX AO SUPERMECADO RENDE MAIS  / NA ENTRADA DA LADEIRA DO ALTO DO EUCALIPTO,VASCO DA GAMA,,COLISÃO LATERAL,0,1,0,0,0,0,0,1,0
1759,202316664,2023-07-19 0:00:00,1:53:00,SEM VÍTIMA,FINALIZADA,AFOGADOS,RUA QUITERIO INACIO DE MELLO,,EM FRENTE AO Nº 234,AFOGADOS,SUBURBIO,COLISÃO TRASEIRA,2,1,0,0,0,0,0,0,0
1760,202316676,2023-07-19 0:00:00,4:49:00,COM VÍTIMA,FINALIZADA,VASCO DA GAMA,RUA ALTO TREZE DE MAIO,,E/F A O MERCADINHO POLINARIO E PROX ASSOCIAÇAO MARCILIO DIAS,VASCO DA GAMA,,COLISÃO LATERAL,0,0,0,0,0,0,0,1,0
1761,202316677,2023-07-19 0:00:00,6:05:00,COM VÍTIMA,FINALIZADA,SAO JOSE,AV DANTAS BARRETO,,EM FRENTE AO BRADESCO,SAO JOSE,,ATROPELAMENTO DE PESSOA,0,0,0,1,1,0,0,1,0
1762,202316684,2023-07-19 0:00:00,8:39:00,COM VÍTIMA,FINALIZADA,BOA VIAGEM,AV ENGENHEIRO DOMINGOS FERREIRA,,PRÓXIMO AO CARREFOUR,BOA VIAGEM,,COLISÃO TRANSVERSAL,1,1,0,0,0,0,0,1,0
1763,202316685,2023-07-20 0:00:00,1:15:00,COM VÍTIMA,FINALIZADA,LINHA DO TIRO,RUA SODRELANDIA,,"NA SUBIDA DO CAMPO DO CAFÉ(DESCIDA DO CO,MPAZ",LINHA DO TIRO,,COLISÃO LATERAL,1,1,0,0,0,0,0,1,0
1764,202316686,2023-07-20 0:00:00,1:50:00,SEM VÍTIMA,CANCELADA,ENCRUZILHADA,AV NORTE MIGUEL ARRAES DE ALENCAR,RUA ALFREDO DE CASTRO,E/F À CONCESSIONÁRIA REGENCE SENTIDO,ENCRUZILHADA,,CHOQUE,1,0,0,0,0,0,0,0,0
1765,202316721,2023-07-20 0:00:00,11:32:00,COM VÍTIMA,FINALIZADA,BOA VIAGEM,RUA DEZ DE JULHO,,,BOA VIAGEM,,CHOQUE,1,0,0,0,0,0,0,1,0
1766,202316729,2023-07-20 0:00:00,3:23:00,COM VÍTIMA,FINALIZADA,SANCHO,RUA APRIGIO GUIMARAES,,APOIS AO COLEGIO ANIBAL FALCAO  PROX A IGREJA TESTEMUNHA DE GEOVÁ,SANCHO,,COLISÃO FRONTAL,1,1,0,0,0,0,0,1,0
1767,202316731,2023-07-20 0:00:00,6:33:00,COM VÍTIMA,FINALIZADA,IPUTINGA,RUA LEAL DE BARROS,,EM FRENTE AO COND. BAIRRO DOS ARTISTAS,IPUTINGA,,COLISÃO FRONTAL,0,1,0,0,0,0,0,1,0
1768,202316737,2023-07-20 0:00:00,7:35:00,COM VÍTIMA,FINALIZADA,IMBIRIBEIRA,AV MARECHAL MASCARENHAS DE MORAES,,NA ENTRADA DA ILHA DE DEUS,IMBIRIBEIRA,,COLISÃO FRONTAL,2,1,0,0,0,0,0,1,0
1769,202316747,2023-07-21 0:00:00,6:39:00,SEM VÍTIMA,FINALIZADA,IBURA,RUA CASSIANO LEITE,,,IBURA,SUBURBIO,CHOQUE,0,0,0,0,0,1,0,0,0
1770,202316753,2023-07-21 0:00:00,7:18:00,COM VÍTIMA,FINALIZADA,IBURA,AV DOIS RIOS,,EM FRENTE A IGREJA DOS MORMONS  / PROX A CLINICA ODONTO MEDICA,IBURA,,COLISÃO FRONTAL,0,1,0,0,0,0,0,1,0
1771,202316786,2023-07-21 0:00:00,1:47:00,COM VÍTIMA,FINALIZADA,ILHA DO RETIRO,RUA BENFICA,,AUTO ESCOLA  DO UNIÃO,ILHA DO RETIRO,SUBURBIO,COLISÃO TRASEIRA,1,0,0,0,0,1,0,1,0
1772,202316795,2023-07-21 0:00:00,3:36:00,COM VÍTIMA,FINALIZADA,TAMARINEIRA,EST VELHA DE AGUA FRIA,,APÓS O DENOCS E EM FRENTE A MERCEARIA DEUS É FIEL,TAMARINEIRA,,COLISÃO LATERAL,1,1,0,0,0,0,0,1,0
1773,202316799,2023-07-21 0:00:00,4:16:00,COM VÍTIMA,FINALIZADA,IPUTINGA,AV MAURICIO DE NASSAU,,ALTINO VENTURA,IPUTINGA,,ATROPELAMENTO DE PESSOA,1,0,0,1,0,0,0,0,0
1774,202316803,2023-07-21 0:00:00,5:14:00,COM VÍTIMA,FINALIZADA,IMBIRIBEIRA,RUA JOAQUIM BANDEIRA,,E/F A MITSUBISH  EA TARGENT BLIDAGEM,IMBIRIBEIRA,,COLISÃO LATERAL,0,0,0,0,0,0,0,1,0
1775,202316814,2023-07-21 0:00:00,7:11:00,COM VÍTIMA,FINALIZADA,PINA,AV ANTONIO DE GOES,,PISTA DA DIREITA - APÓS O TRADE CENTER JCPM,PINA,,COLISÃO COM CICLISTA,1,0,1,0,0,0,0,1,0
1776,202316815,2023-07-21 0:00:00,7:24:00,COM VÍTIMA,FINALIZADA,VARZEA,RUA DONA INES CORREA DE ARAUJO,,PRÓXIMO AO EDFº TORRE DO MIRANTE,VARZEA,,COLISÃO TRASEIRA,1,1,0,0,0,0,0,2,0
1777,202316816,2023-07-21 0:00:00,7:29:00,COM VÍTIMA,FINALIZADA,VARZEA,RUA DEPUTADO JOSE FRANCISCO DE MELO CAVALCANTI,,NA  PRAÇA DE NOVA  MORADA,VARZEA,,COLISÃO FRONTAL,1,1,0,0,0,0,0,1,0
1778,202316826,2023-07-21 0:00:00,11:02:00,COM VÍTIMA,CANCELADA,MUSTARDINHA,AV MANOEL GONCALVES DA LUZ,,PRÓXIMO À PANIFICADORA FRATELLI,MUSTARDINHA,,COLISÃO LATERAL,1,1,0,0,0,0,0,1,0
1779,202316840,2023-07-22 0:00:00,8:33:00,SEM VÍTIMA,FINALIZADA,TORRE,RUA DIANOPOLIS,AV PROFESSOR ESTEVAO FRANCISCO DA COSTA,,TORRE,,,1,0,0,0,0,0,0,0,0
1780,202316844,2023-07-22 0:00:00,8:48:00,COM VÍTIMA,CANCELADA,BOMBA DO HEMETERIO,RUA CHA DE ALEGRIA,,EM FRENTE AO COLEGIO MARDONIO COELHO,BOMBA DO HEMETERIO,,COLISÃO LATERAL,0,0,0,0,0,0,0,1,0
1781,202316846,2023-07-22 0:00:00,8:54:00,COM VÍTIMA,FINALIZADA,CORDEIRO,AV INACIO MONTEIRO,,O LADO DA LOJA DE CARRO BOXCAR E AO  ASSEMBLEIA DE DEUS,CORDEIRO,,COLISÃO LATERAL,0,1,0,0,0,0,0,1,0
1782,202316850,2023-07-22 0:00:00,9:00:00,COM VÍTIMA,FINALIZADA,BOA VIAGEM,AVENIDA CELSO FURTADO (VIA MANGUE),,FINAL DA VIA MANGUE,BOA VIAGEM,CIDADE,ATROPELAMENTO DE PESSOA,1,0,0,1,0,0,0,1,0
1783,202316855,2023-07-22 0:00:00,9:58:00,COM VÍTIMA,CANCELADA,AREIAS,AV RECIFE,RUA CAPITAO ESTEVAO FERNANDES,,AREIAS,,CHOQUE,1,0,0,0,0,0,0,1,0
1784,202316862,2023-07-22 0:00:00,11:51:00,COM VÍTIMA,FINALIZADA,JAQUEIRA,AV RUI BARBOSA,,EM FRENTE AO PARQUE DA JAQUEIRA,JAQUEIRA,CIDADE,COLISÃO LATERAL,0,2,0,0,0,0,0,2,0
1785,202316863,2023-07-22 0:00:00,12:12:00,COM VÍTIMA,FINALIZADA,SAO JOSE,C SANTA RITA,,NA SUBIDA DA PONTE GIRATORIA SENTIDO MARCO ZERO APOS AS TORRES DAS GEMEAS,SAO JOSE,,COLISÃO LATERAL,0,1,0,0,0,0,0,1,0
1786,202316864,2023-07-22 0:00:00,12:21:00,COM VÍTIMA,FINALIZADA,VASCO DA GAMA,AV NORTE MIGUEL ARRAES DE ALENCAR,,PROX AO BRADESCO  E A FARMACIA PAGUE MENOS  VT 07 JA ESTA NO LOCAL,VASCO DA GAMA,,COLISÃO LATERAL,1,1,0,0,0,0,0,1,0
1787,202316865,2023-07-22 0:00:00,12:34:00,SEM VÍTIMA,FINALIZADA,SAN MARTIN,AV ENGENHEIRO ABDIAS DE CARVALHO,,LADO OPOSTO A FUNASE CENIP,SAN MARTIN,CIDADE,COLISÃO TRASEIRA,1,1,0,0,0,0,0,0,0
1788,202316871,2023-07-22 0:00:00,2:36:00,COM VÍTIMA,FINALIZADA,ROSARINHO,RUA DR JOSE MARIA,,E/F AO PORTAL DA PICANHA E A PADARIA E LANCHONETE PAO RECIFE,ROSARINHO,,COLISÃO LATERAL,0,0,0,0,0,0,0,1,0
1789,202316876,2023-07-22 0:00:00,6:17:00,COM VÍTIMA,FINALIZADA,BOA VISTA,AV GOVERNADOR AGAMENON MAGALHAES,,PROX AO BOM PREÇO DO PARQUE AMORIM E AO MC DONALDS  SENTIDO OLINDA,BOA VISTA,SUBURBIO,COLISÃO LATERAL,0,1,0,0,0,0,0,1,0
1790,202316880,2023-07-22 0:00:00,7:10:00,SEM VÍTIMA,FINALIZADA,NOVA DESCOBERTA,RUA NOVA DESCOBERTA,,LADO OPOSTO AO ULTRAGAZ,NOVA DESCOBERTA,SUBURBIO,,0,0,0,0,0,1,1,0,0
1791,202316881,2023-07-22 0:00:00,7:54:00,COM VÍTIMA,FINALIZADA,MUSTARDINHA,RUA JOSE MOREIRA REIS,,RUA DO SESI DA MUSTARDINHA,MUSTARDINHA,,COLISÃO LATERAL,0,1,0,0,0,0,0,1,0
1792,202316885,2023-07-22 0:00:00,9:37:00,COM VÍTIMA,FINALIZADA,IMBIRIBEIRA,AV MARECHAL MASCARENHAS DE MORAES,,POSTO IPIRANGA E LOCALIZA,IMBIRIBEIRA,,COLISÃO COM CICLISTA,1,0,1,0,0,0,0,1,0
1793,202316886,2023-07-22 0:00:00,9:37:00,COM VÍTIMA,FINALIZADA,IMBIRIBEIRA,AV MARECHAL MASCARENHAS DE MORAES,,PRÓXIMO A GRILLO,IMBIRIBEIRA,,COLISÃO LATERAL,2,0,0,0,0,0,0,1,0
1794,202316887,2023-07-22 0:00:00,10:02:00,COM VÍTIMA,FINALIZADA,AREIAS,AV DR JOSE RUFINO,,PRÓXIMO AO SENAI E HONDA DE AREIAS,AREIAS,,COLISÃO LATERAL,0,1,0,0,0,0,0,1,0
1795,202316888,2023-07-22 0:00:00,10:27:00,COM VÍTIMA,FINALIZADA,DERBY,RUA HENRIQUE DIAS,,PRÓXIMO AO CINEMA DA FUNDAJ / COLÉGIO DA POLÍCIA,DERBY,,COLISÃO LATERAL,0,1,0,0,0,0,0,1,0
1796,202316892,2023-07-23 0:00:00,12:56:00,COM VÍTIMA,FINALIZADA,CORDEIRO,RUA GOMES TABORDA,,PRÓXIMO AO VAPOR 82,CORDEIRO,,COLISÃO LATERAL,0,0,0,0,0,0,0,1,0
1797,202316916,2023-07-23 0:00:00,12:13:00,COM VÍTIMA,FINALIZADA,IBURA,RUA RIO XINGU,,PROXIMO A OFICINA CENTRAL DE MOTOS E EM FRENTE AO ARMAZEM ANTÃO COMERCIO,IBURA,,COLISÃO LATERAL,0,0,0,0,0,0,0,1,0
1798,202316926,2023-07-23 0:00:00,3:26:00,COM VÍTIMA,FINALIZADA,IPSEP,RUA BLUMENAU,,PROXIMO AO BAR DE LUCIANO,IPSEP,,COLISÃO LATERAL,1,1,0,0,0,0,0,1,0
1799,202316939,2023-07-23 0:00:00,6:43:00,COM VÍTIMA,FINALIZADA,SANTO AMARO,RUA DA AURORA,,COM  A AV MARIO MELO (SEMAFORO Nº 090),SANTO AMARO,,TOMBAMENTO,0,1,0,0,0,0,0,1,0
1800,202316941,2023-07-23 0:00:00,7:02:00,COM VÍTIMA,FINALIZADA,PAISSANDU,AV GOVERNADOR AGAMENON MAGALHAES,,PONTE JOSE DE BARROS LIMA,PAISSANDU,,COLISÃO TRANSVERSAL,1,1,0,0,0,0,0,1,0
1801,202316943,2023-07-23 0:00:00,7:10:00,COM VÍTIMA,CANCELADA,BARRO,AV DR JOSE RUFINO,,E  IGREJA  EVANGELICA DE AREIAS,BARRO,,COLISÃO LATERAL,1,1,0,0,0,0,0,1,0
1802,202316947,2023-07-23 0:00:00,8:49:00,SEM VÍTIMA,FINALIZADA,ALTO JOSE DO PINHO,COR DO BARTOLOMEU,,ESO CENTRO EDUCACIONAL,ALTO JOSE DO PINHO,SUBURBIO,COLISÃO FRONTAL,1,0,0,0,1,0,0,0,0
1803,202316948,2023-07-23 0:00:00,9:45:00,COM VÍTIMA,FINALIZADA,GRACAS,RUA ALBERTO PAIVA,,PROXIMO A AVENIDA BEIRA RIO E AO MUSEU DO  ESTADO DE PERNAMBUCO,GRACAS,,COLISÃO FRONTAL,1,1,0,0,0,0,0,1,0
1804,202316949,2023-07-24 0:00:00,1:21:00,COM VÍTIMA,CANCELADA,SAO JOSE,RUA BRACO DO NORTE,,,SAO JOSE,,COLISÃO LATERAL,1,1,0,0,0,0,0,1,0
1805,202316950,2023-07-24 0:00:00,5:37:00,COM VÍTIMA,FINALIZADA,TOTO,RUA ONZE DE AGOSTO,,EM FRENTE AO BIDÚ KRAUSE,TOTO,,COLISÃO COM CICLISTA,0,0,1,0,1,0,0,1,0
1806,202316951,2023-07-24 0:00:00,6:37:00,COM VÍTIMA,FINALIZADA,SAO JOSE,RUA DO FORTE,,PROX AO FORTE DAS CINCO PONTAS,SAO JOSE,,CHOQUE,1,0,0,0,0,0,0,1,0
1807,202316953,2023-07-24 0:00:00,7:06:00,COM VÍTIMA,FINALIZADA,IMBIRIBEIRA,AV MARECHAL MASCARENHAS DE MORAES,,EM FRENTE A ANAC,IMBIRIBEIRA,,COLISÃO TRASEIRA,0,1,0,0,1,0,0,1,0
1808,202316958,2023-07-24 0:00:00,7:54:00,COM VÍTIMA,FINALIZADA,JOANA BEZERRA,AV ADVOGADO JOSE PAULO CAVALCANTI,RUA DES OTILIO NEIVA,PROX AO CENTRO DA ACD / NA RUA DO CANAL,JOANA BEZERRA,,COLISÃO LATERAL,1,1,0,0,0,0,0,2,0
1809,202316967,2023-07-24 0:00:00,9:04:00,COM VÍTIMA,FINALIZADA,IMBIRIBEIRA,AV MARECHAL MASCARENHAS DE MORAES,,EM FRENTE A LOJA MARAVILHA MOTOS,IMBIRIBEIRA,,COLISÃO LATERAL,0,2,0,0,0,0,0,2,0
1810,202316973,2023-07-24 0:00:00,11:25:00,COM VÍTIMA,FINALIZADA,CASA FORTE,RUA IRMA LUCIA,,REF: EM FRENTE AO  EDIFÍCIO ENGENHO DA PRATA,CASA FORTE,,ATROPELAMENTO DE PESSOA,1,0,0,1,0,0,0,1,0
1811,202316983,2023-07-24 0:00:00,2:00:00,COM VÍTIMA,FINALIZADA,NOVA DESCOBERTA,AV VEREADOR OTACILIO AZEVEDO,,NA ENTRADA DA MUBECA  PROX A CRECHE MARCIA BEZERRA DA COSTA,NOVA DESCOBERTA,,COLISÃO LATERAL,0,0,0,0,0,0,0,1,0
1812,202316984,2023-07-24 0:00:00,2:07:00,COM VÍTIMA,FINALIZADA,AFOGADOS,RUA SAO MIGUEL,,PROXIMO A IGREJA DA FÉ DO BRASIL E APOS O SÃO MIGUEL CENTER,AFOGADOS,,COLISÃO TRASEIRA,1,1,0,0,0,0,0,1,0
1813,202316986,2023-07-24 0:00:00,2:13:00,COM VÍTIMA,FINALIZADA,BOA VIAGEM,RUA GENERAL EDSON AMANCIO RAMALHO,,PROXIMO A ENTRADA DO SHOPPING RECIFE,BOA VIAGEM,,COLISÃO LATERAL,0,0,0,0,0,0,0,1,0
1814,202316990,2023-07-24 0:00:00,3:02:00,COM VÍTIMA,FINALIZADA,BREJO DE BEBERIBE,AV VEREADOR OTACILIO AZEVEDO,,PRX A UPA DE NOVA DESCOBERTA,BREJO DE BEBERIBE,,ATROPELAMENTO DE PESSOA,0,1,0,1,0,0,0,1,0
1815,202316992,2023-07-24 0:00:00,3:57:00,COM VÍTIMA,FINALIZADA,BAIRRO DO RECIFE,CAIS DO APOLO,,EM FRENTE A PREFEITURA DO RECIFE / SENTIDO PORTO DO RECIFE,BAIRRO DO RECIFE,,COLISÃO LATERAL,0,0,0,0,0,0,0,1,0
1816,202316995,2023-07-24 0:00:00,4:31:00,COM VÍTIMA,FINALIZADA,ESPINHEIRO,AV JOAO DE BARROS,,PROXIMO A QUITANDARIA,ESPINHEIRO,,COLISÃO LATERAL,0,0,0,0,0,0,0,1,0
1817,202316996,2023-07-24 0:00:00,5:19:00,SEM VÍTIMA,FINALIZADA,AFOGADOS,PTE DO MOTOCOLOMBO,,EM CIMA DA PONTE / SENTIDO IMBIRIBEIRA,AFOGADOS,,COLISÃO LATERAL,2,0,0,0,0,0,0,0,0
1818,202316999,2023-07-24 0:00:00,6:27:00,SEM VÍTIMA,FINALIZADA,AFOGADOS,RUA DA PAZ,,"APÓS A RECIFE GÁS, SOBRE A PONTE QUE DA ACESSO AO LARGO DA PAZ",AFOGADOS,SUBURBIO,COLISÃO TRASEIRA,1,0,0,0,0,0,1,0,0
1819,202317003,2023-07-24 0:00:00,6:55:00,COM VÍTIMA,FINALIZADA,BOA VIAGEM,AV ENGENHEIRO DOMINGOS FERREIRA,,LOJA AMARELO MEL,BOA VIAGEM,,COLISÃO COM CICLISTA,1,0,1,0,0,0,0,1,0
1820,202317007,2023-07-24 0:00:00,7:45:00,COM VÍTIMA,FINALIZADA,AGUA FRIA,RUA DA REGENERACAO,,PROXIMO A POLICLINICA CAMPINA DO BARRETO,AGUA FRIA,,COLISÃO FRONTAL,0,0,0,0,0,0,0,1,0
1821,202317013,2023-07-24 0:00:00,10:17:00,COM VÍTIMA,FINALIZADA,IMBIRIBEIRA,RUA JOAQUIM BANDEIRA,,ABAIXO DO PONTILHÃO DO METRÔ NA ESTAÇÃO ANTÔNIO FALCÃO,IMBIRIBEIRA,,COLISÃO FRONTAL,1,1,0,0,0,0,0,1,0
1822,202317014,2023-07-24 0:00:00,10:22:00,COM VÍTIMA,FINALIZADA,IBURA,AV DOM HELDER CAMARA,,NA ENTRADA DO IBURA EM FRENTE AO NÚCLEO POLICIAL,IBURA,,COLISÃO FRONTAL,1,1,0,0,0,0,0,1,0
1823,202317015,2023-07-24 0:00:00,11:19:00,COM VÍTIMA,FINALIZADA,DOIS UNIDOS,RUA EPAMINONDAS MENDONCA,,PRÓXIMO AO TERMINAL DE DOIS UNIDOS,DOIS UNIDOS,,COLISÃO LATERAL,0,0,0,0,1,0,0,1,0
1824,202317022,2023-07-25 0:00:00,7:28:00,COM VÍTIMA,FINALIZADA,CIDADE UNIVERSITARIA,AV DOS ECONOMISTAS,,DENTRO DA UFPE/ PROX A BIBLIOTECA,CIDADE UNIVERSITARIA,,COLISÃO FRONTAL,0,1,0,0,0,0,0,1,0
1825,202317023,2023-07-25 0:00:00,7:42:00,COM VÍTIMA,FINALIZADA,JARDIM SAO PAULO,RUA LEANDRO BARRETO,,CRUZAMENTO DA RUA DA CAPELA / PROX A PADARIA LA ROQUE,JARDIM SAO PAULO,,COLISÃO FRONTAL,0,1,0,0,0,0,0,1,0
1826,202317031,2023-07-25 0:00:00,9:56:00,SEM VÍTIMA,FINALIZADA,LINHA DO TIRO,RUA URIEL DE HOLANDA,,DEPOIS DO CAMPO DO CAFE / PROX A ANTIGO CAFE DE BEBERIBE,LINHA DO TIRO,,COLISÃO TRASEIRA,2,0,0,0,1,0,0,0,0
1827,202317036,2023-07-25 0:00:00,10:46:00,COM VÍTIMA,FINALIZADA,AREIAS,RUA CAPITAO ESTEVAO FERNANDES,AV RECIFE,CRUZAMENTO DA AV RECIFE / AO LADO DO LAVA JATO CARRACA JATO,AREIAS,,COLISÃO LATERAL,1,1,0,0,0,0,0,2,0
1828,202317040,2023-07-25 0:00:00,11:26:00,COM VÍTIMA,FINALIZADA,AFLITOS,AV CONS ROSA E SILVA,,EM FRENTE A PADARIA PARLA DELY / AO COUNTRY CLUBE,AFLITOS,,COLISÃO LATERAL,0,1,0,0,0,0,0,1,0
1829,202317041,2023-07-25 0:00:00,11:37:00,COM VÍTIMA,FINALIZADA,BOA VIAGEM,AV ANTONIO TORRES GALVAO,,PROX AO COLEGIO CODINITIVO / EM FRENTE A AUDI,BOA VIAGEM,,COLISÃO TRASEIRA,2,0,0,0,0,0,0,1,0
1830,202317044,2023-07-25 0:00:00,12:04:00,COM VÍTIMA,FINALIZADA,CAMPO GRANDE,RUA ODORICO MENDES,,PROX A COHAB / PROX A CENTRAL DE FLAGRANTES,CAMPO GRANDE,,COLISÃO LATERAL,0,1,0,0,0,0,0,1,0
1831,202317046,2023-07-25 0:00:00,12:14:00,COM VÍTIMA,FINALIZADA,TORRE,RUA CONDE DE IRAJA,,PROXIMO AO COLEGIO CRIATIVA E AO LADO DA FARMACIA PAGUE MENOS,TORRE,,COLISÃO LATERAL,0,0,0,0,0,0,0,1,0
1832,202317052,2023-07-25 0:00:00,1:14:00,COM VÍTIMA,FINALIZADA,IBURA,AV RIO SAO FRANCISCO,,PROXIMO A MERCEARIA DO JUCA E ASSEMBLEIA DE DEUS,IBURA,,COLISÃO LATERAL,0,0,0,0,0,0,0,1,0