_id,Protocolo,data,hora,natureza,situacao,bairro,endereco,detalhe_endereco_acidente,complemento,bairro_cruzamento,sentido_via,tipo,auto,moto,ciclista,pedestre,onibus,caminhao,viatura,vitimas,vitimasfatais
1833,202317054,2023-07-25 0:00:00,1:21:00,COM VÍTIMA,FINALIZADA,MADALENA,RUA JOAO IVO DA SILVA,,SAIDA DO TUNEL DA ABOLIÇÃO E PROXIMO AO POSTO PETROVIA,MADALENA,,QUEDA,0,0,0,0,0,0,0,1,0
1834,202317057,2023-07-25 0:00:00,2:15:00,COM VÍTIMA,FINALIZADA,ARRUDA,AV BEBERIBE,,PROXIMO AO BOMPREÇO,ARRUDA,,COLISÃO LATERAL,0,0,0,0,0,0,0,1,0
1835,202317061,2023-07-25 0:00:00,3:27:00,COM VÍTIMA,FINALIZADA,ARRUDA,AV BEBERIBE,,EM FRENTE AO ARMAZÉM CORAL,ARRUDA,,COLISÃO TRANSVERSAL,1,1,0,0,0,0,0,2,0
1836,202317068,2023-07-25 0:00:00,4:22:00,COM VÍTIMA,FINALIZADA,MACAXEIRA,RUA ANITA,,PROX AO CAMPO DO UNIAO  E O MERCADINHO SAO SEBASTIÃO,MACAXEIRA,,ATROPELAMENTO DE PESSOA,1,0,0,1,0,0,0,1,0
1837,202317069,2023-07-25 0:00:00,4:51:00,SEM VÍTIMA,FINALIZADA,SAN MARTIN,AV GENERAL SAN MARTIN,,NA FRENTE DOS CORREIOS,SAN MARTIN,,COLISÃO LATERAL,2,0,0,0,0,0,0,0,0
1838,202317073,2023-07-25 0:00:00,5:25:00,COM VÍTIMA,CANCELADA,SANTO AMARO,RUA ARNOBIO MARQUES,,EM FRENTE A PORTARIA DO HOSPITAL OSVALDO CRUZ,SANTO AMARO,,COLISÃO LATERAL,0,0,0,0,0,0,0,1,0
1839,202317075,2023-07-25 0:00:00,5:56:00,COM VÍTIMA,FINALIZADA,TORRE,RUA MARCOS ANDRE,,EM FRENTE AO CARREFOUR,TORRE,,COLISÃO LATERAL,0,0,0,0,0,0,0,1,0
1840,202317076,2023-07-25 0:00:00,6:34:00,SEM VÍTIMA,CANCELADA,TORRE,RUA ANTONIO MACHADO,,PROX AO  POSTO PETROCAL NA RUA DO CANAL,TORRE,,COLISÃO TRASEIRA,2,0,0,0,0,0,0,0,0
1841,202317077,2023-07-25 0:00:00,7:04:00,COM VÍTIMA,FINALIZADA,SANTO AMARO,AV GOVERNADOR AGAMENON MAGALHAES,AV JOAO DE BARROS,APÓS A CEF AGAMENOM MAGALHÃES - SOBRE O VIADUTO - SENTIDO OLINDA,SANTO AMARO,SUBURBIO,QUEDA,0,1,0,0,0,0,0,1,0
1842,202317086,2023-07-25 0:00:00,9:38:00,COM VÍTIMA,CANCELADA,COHAB,AV SANTOS,AV RIO LARGO,PROXIMO A ESCOLA MUNICIPAL CRISTIANO CORDEIRO,COHAB,,COLISÃO LATERAL,1,1,0,0,0,0,0,1,0
1843,202317087,2023-07-26 0:00:00,12:51:00,SEM VÍTIMA,FINALIZADA,COHAB,AV SANTA FE,,PROXIMO A IGREJA EL SHADAY,COHAB,,TOMBAMENTO,0,0,0,0,0,1,0,0,0
1844,202317088,2023-07-26 0:00:00,5:32:00,COM VÍTIMA,CANCELADA,SANTO AMARO,AV CRUZ CABUGA,,PRÓXIMO AO HOSPITAL NAVAL,SANTO AMARO,,COLISÃO TRANSVERSAL,1,1,0,0,0,0,0,1,0
1845,202317090,2023-07-26 0:00:00,6:15:00,COM VÍTIMA,FINALIZADA,IMBIRIBEIRA,AV PINHEIROS,RUA DAVID KAUFFMAN,PROX A ACADEMIA DE MARQUINHOS,IMBIRIBEIRA,,QUEDA,0,1,0,0,0,0,0,1,0
1846,202317100,2023-07-26 0:00:00,8:27:00,COM VÍTIMA,FINALIZADA,SANTO AMARO,AV CRUZ CABUGA,AV NORTE MIGUEL ARRAES DE ALENCAR,,SANTO AMARO,,COLISÃO FRONTAL,1,1,0,0,0,0,0,1,0
1847,202317101,2023-07-26 0:00:00,8:27:00,COM VÍTIMA,FINALIZADA,BAIRRO DO RECIFE,C SANTA RITA,,AO LADO DO NOVO HOTEL,BAIRRO DO RECIFE,,COLISÃO FRONTAL,2,0,0,0,0,0,0,1,0
1848,202317109,2023-07-26 0:00:00,9:47:00,COM VÍTIMA,FINALIZADA,AGUA FRIA,AV BEBERIBE,RUA ABDON LIMA,EM FRENTE AO MERCADÃO DO  ÓLEO,AGUA FRIA,,CHOQUE,1,0,0,0,1,0,0,1,0
1849,202317110,2023-07-26 0:00:00,9:58:00,COM VÍTIMA,FINALIZADA,SITIO DOS PINTOS,RUA MANUEL DE MEDEIROS,,PROX A UFRPE,SITIO DOS PINTOS,,COLISÃO TRASEIRA,1,1,0,0,0,0,0,1,0
1850,202317112,2023-07-26 0:00:00,10:13:00,COM VÍTIMA,FINALIZADA,LINHA DO TIRO,RUA URIEL DE HOLANDA,,PROX AO TERMINAL DE ONIBUS DA LINHA DO TIRO / EM FRENTE A LOJA MAZINHOS MOTOS,LINHA DO TIRO,,COLISÃO LATERAL,0,0,0,0,0,0,0,1,0
1851,202317116,2023-07-26 0:00:00,10:37:00,SEM VÍTIMA,FINALIZADA,BOA VISTA,RUA DO SOL,,CORREIOS,BOA VISTA,,COLISÃO LATERAL,1,0,0,0,0,0,1,0,0
1852,202317117,2023-07-26 0:00:00,10:42:00,COM VÍTIMA,FINALIZADA,SANTO AMARO,AV GOVERNADOR AGAMENON MAGALHAES,,APOS A CHEVROLET / SENTIDO BOA VIAGEM,SANTO AMARO,,COLISÃO LATERAL,0,1,0,0,0,0,0,1,0
1853,202317118,2023-07-26 0:00:00,10:45:00,COM VÍTIMA,FINALIZADA,ENCRUZILHADA,RUA FERNANDO CESAR,,PROX AO MERCADO PUBLICO / AO LADO DA PRAÇA,ENCRUZILHADA,,COLISÃO FRONTAL,0,1,0,0,0,0,0,1,0
1854,202317122,2023-07-26 0:00:00,11:29:00,COM VÍTIMA,FINALIZADA,AREIAS,AV RECIFE,AV CAPITAO GREGORIO DE CALDAS,"PROX AO HM VEÍCULOS / SENTIDO BOA VIAGEM , ANTES DO CARREFOUR / ANTIGO BOMPREÇO",AREIAS,,COLISÃO TRANSVERSAL,0,1,0,0,0,0,0,1,0
1855,202317124,2023-07-26 0:00:00,11:34:00,VÍTIMA FATAL,FINALIZADA,SANTO AMARO,RUA DO POMBAL,RUA FREI CASSIMIRO,PROX. A ANTIGA CTTU,SANTO AMARO,,COLISÃO FRONTAL,1,1,0,0,0,0,0,0,1
1856,202317128,2023-07-26 0:00:00,12:02:00,COM VÍTIMA,FINALIZADA,SANTO AMARO,AV GOVERNADOR AGAMENON MAGALHAES,,DE FRENTE AO TACARUNA,SANTO AMARO,,COLISÃO FRONTAL,1,1,0,0,0,0,0,1,0
1857,202317130,2023-07-26 0:00:00,12:22:00,COM VÍTIMA,DUPLICIDADE,SANTO AMARO,AV GOVERNADOR AGAMENON MAGALHAES,,EM FRENTE AO SHOPPING TACARUNA / SENTIDO OLINDA,SANTO AMARO,,COLISÃO TRASEIRA,0,1,0,0,0,0,0,1,0
1858,202317142,2023-07-26 0:00:00,3:01:00,COM VÍTIMA,FINALIZADA,SOLEDADE,AV JOAO DE BARROS,,EM FRNTE AOS BOMBEIROS,SOLEDADE,,COLISÃO TRASEIRA,3,0,0,0,0,0,0,1,0
1859,202317151,2023-07-26 0:00:00,4:25:00,COM VÍTIMA,FINALIZADA,SANTO ANTONIO,PRC DA REPUBLICA,,TRIBUNAL DA JUSTIÇA DE PE,SANTO ANTONIO,,ATROPELAMENTO DE PESSOA,0,1,1,0,0,0,0,1,0
1860,202317158,2023-07-26 0:00:00,7:11:00,COM VÍTIMA,FINALIZADA,CORDEIRO,RUA PAES CABRAL,,PRÓXIMO AO BAR DO VAPOR,CORDEIRO,,COLISÃO TRANSVERSAL,1,1,0,0,0,0,0,1,0
1861,202317161,2023-07-26 0:00:00,8:31:00,COM VÍTIMA,FINALIZADA,JARDIM SAO PAULO,RUA LEANDRO BARRETO,,EM CIMA DO VIADUTO,JARDIM SAO PAULO,,COLISÃO LATERAL,0,1,0,0,0,0,0,1,0
1862,202317162,2023-07-26 0:00:00,9:05:00,SEM VÍTIMA,FINALIZADA,JOANA BEZERRA,RUA CABO EUTROPIO,RUA CAIBI,DEPÓSITO MANGABA,JOANA BEZERRA,,CHOQUE,0,0,0,0,0,0,1,0,0
1863,202317163,2023-07-26 0:00:00,9:09:00,COM VÍTIMA,FINALIZADA,SAN MARTIN,RUA BONIFACIO DE ANDRADE,,PRÓXIMO AO POSTO DE SAÚDE,SAN MARTIN,,COLISÃO TRANSVERSAL,0,1,0,0,0,0,0,1,0
1864,202317164,2023-07-26 0:00:00,9:10:00,COM VÍTIMA,CANCELADA,MADALENA,RUA JOAO IVO DA SILVA,,APÓS O TÚNEL DA ABOLIÇÃO,MADALENA,,COLISÃO LATERAL,0,1,0,0,0,0,0,1,0
1865,202317165,2023-07-26 0:00:00,9:26:00,SEM VÍTIMA,CANCELADA,GRACAS,RUA JOAQUIM NABUCO,,APÓS O HEMOPE,GRACAS,,COLISÃO LATERAL,1,1,0,0,0,0,0,0,0
1866,202317167,2023-07-26 0:00:00,10:09:00,SEM VÍTIMA,FINALIZADA,ENGENHO DO MEIO,RUA DR MIGUEL VIEIRA FERREIRA,,EM FRENTE A ESCOLA FONTAINHA DE ABREU,ENGENHO DO MEIO,,COLISÃO TRANSVERSAL,2,0,0,0,0,0,0,0,0
1867,202317170,2023-07-27 0:00:00,3:05:00,COM VÍTIMA,FINALIZADA,IBURA,AV DOIS RIOS,,ENTRADA DO IBURA / SUPERMERCADO MR,IBURA,,CAPOTAMENTO,1,0,0,0,0,0,0,3,0
1868,202317178,2023-07-27 0:00:00,6:07:00,COM VÍTIMA,FINALIZADA,PINA,PTE VICE PRESIDENTE JOSE ALENCAR,,"PONTE ESTAIADA, ACESSO AO RIO MAR",PINA,,,0,1,0,0,0,0,1,1,0
1869,202317180,2023-07-27 0:00:00,7:03:00,COM VÍTIMA,FINALIZADA,TAMARINEIRA,EST DO ARRAIAL,,PROX A CASAS JOSE ARAUJO,TAMARINEIRA,,COLISÃO LATERAL,0,2,0,0,0,0,0,1,0
1870,202317181,2023-07-27 0:00:00,7:04:00,COM VÍTIMA,FINALIZADA,ARRUDA,RUA DAS MOCAS,,EM FRENTE AO BIBOX / POR TRÁS DO CAMPO DO SANTA CRUZ,ARRUDA,,COLISÃO LATERAL,0,1,0,0,0,0,0,1,0
1871,202317185,2023-07-27 0:00:00,7:20:00,COM VÍTIMA,FINALIZADA,BOA VIAGEM,AV BOA VIAGEM,,ANTES DO PARQUE DONA LINDU / PROX AO QUIOSQUE BEIRA MAR 51,BOA VIAGEM,,COLISÃO FRONTAL,0,1,0,0,0,0,0,1,0
1872,202317188,2023-07-27 0:00:00,8:27:00,COM VÍTIMA,FINALIZADA,ESTANCIA,AV DR JOSE RUFINO,RUA BARAO DE BUIQUE,PRÓXIMO AO COLEGIO VISÃO,ESTANCIA,,COLISÃO LATERAL,1,1,0,0,0,0,0,1,0
1873,202317192,2023-07-27 0:00:00,8:59:00,COM VÍTIMA,FINALIZADA,SANTO AMARO,AV GOVERNADOR AGAMENON MAGALHAES,,EM FRENTE AO ANTIGA FABRICA DO TACARUNA / DEPOIS DA CHEVROLET / SENTIDO BOA VIAGEM,SANTO AMARO,,COLISÃO LATERAL,0,2,0,0,0,0,0,2,0
1874,202317197,2023-07-27 0:00:00,10:32:00,COM VÍTIMA,FINALIZADA,BOA VIAGEM,AVENIDA CELSO FURTADO (VIA MANGUE),,PROX AO BIG BOMPREÇO / APOS A DESCIDA DO VIADUTO,BOA VIAGEM,,QUEDA,0,1,0,0,0,0,0,1,0
1875,202317201,2023-07-27 0:00:00,10:47:00,COM VÍTIMA,FINALIZADA,VARZEA,RUA BRASUELA,,PROX AO BAR DO CARECA / E AO CANO DA COMPESA,VARZEA,,COLISÃO LATERAL,1,0,0,0,0,0,0,1,0
1876,202317202,2023-07-27 0:00:00,10:55:00,COM VÍTIMA,FINALIZADA,TORRE,RUA PROFESSOR TRAJANO DE MENDONCA,,APOS O POSTO DE GASOLINA SHELL / PROX AO ATACADO DOS PRESENTES,TORRE,,COLISÃO FRONTAL,0,1,0,0,0,0,0,1,0
1877,202317203,2023-07-27 0:00:00,11:12:00,COM VÍTIMA,FINALIZADA,MORRO DA CONCEICAO,COR DO BARTOLOMEU,,PROX A RODINHA  /E PIZZARIA SORVETÃO,MORRO DA CONCEICAO,,COLISÃO LATERAL,0,1,0,0,0,0,0,1,0
1878,202317205,2023-07-27 0:00:00,11:23:00,COM VÍTIMA,FINALIZADA,AREIAS,AV DR JOSE RUFINO,,APOS A HONDA,AREIAS,,ATROPELAMENTO DE PESSOA,0,1,0,1,0,0,0,1,0
1879,202317206,2023-07-27 0:00:00,11:23:00,COM VÍTIMA,FINALIZADA,MACAXEIRA,AV NORTE MIGUEL ARRAES DE ALENCAR,,E/F PARQUE DA MACAXEIRA,MACAXEIRA,,COLISÃO TRASEIRA,0,0,0,0,1,1,0,1,0
1880,202317225,2023-07-27 0:00:00,3:39:00,COM VÍTIMA,FINALIZADA,BONGI,EST DO BONGI,,EM FRENTE AO MOTEL COSTA AZUL/ E PROXIMO A IGREJA BATISTA,BONGI,,COLISÃO LATERAL,0,0,0,0,0,0,0,1,0
1881,202317227,2023-07-27 0:00:00,4:23:00,COM VÍTIMA,FINALIZADA,ARRUDA,RUA BOLIVAR,,PROXIMO AO CAMPO DO SANTA CRUZ E PROXIMO AO ARMAZEM CORAL,ARRUDA,,COLISÃO LATERAL,0,0,0,0,0,0,0,1,0
1882,202317228,2023-07-27 0:00:00,6:13:00,COM VÍTIMA,FINALIZADA,PINA,AV HERCULANO BANDEIRA,,IGREJA DO PINA,PINA,,COLISÃO TRASEIRA,1,1,0,0,0,0,0,1,0
1883,202317231,2023-07-27 0:00:00,6:26:00,COM VÍTIMA,FINALIZADA,IMBIRIBEIRA,AV ENGENHEIRO ALVES DE SOUZA,,AO LADO DO MERCADINHO QUALIMAX,IMBIRIBEIRA,,COLISÃO LATERAL,1,1,0,0,0,0,0,1,0
1884,202317238,2023-07-27 0:00:00,6:50:00,COM VÍTIMA,CANCELADA,CORDEIRO,AV INACIO MONTEIRO,,APOS EXPOSIÇÃO DOS ANIMAIS PROXIMO A FEIRA,CORDEIRO,,COLISÃO LATERAL,1,1,0,0,0,0,0,1,0
1885,202317240,2023-07-27 0:00:00,8:48:00,COM VÍTIMA,FINALIZADA,IPSEP,AV RECIFE,,AV DOM HELDER CAMARA,IPSEP,,COLISÃO LATERAL,1,1,0,0,0,0,0,1,0
1886,202317247,2023-07-28 0:00:00,7:48:00,COM VÍTIMA,FINALIZADA,IMBIRIBEIRA,AV MARECHAL MASCARENHAS DE MORAES,,EM FRENTE A JUSTIÇA FEDERAL / PROX AO AEROPORTO,IMBIRIBEIRA,,COLISÃO FRONTAL,0,1,0,0,0,0,0,1,0
1887,202317255,2023-07-28 0:00:00,9:02:00,COM VÍTIMA,CANCELADA,BAIRRO DO RECIFE,CAIS DO APOLO,,EM FRENTE A  PREFEITURA DO RECIFE!,BAIRRO DO RECIFE,CIDADE,TOMBAMENTO,0,1,0,0,0,0,0,1,0
1888,202317280,2023-07-28 0:00:00,12:51:00,SEM VÍTIMA,FINALIZADA,BOA VIAGEM,AV BOA VIAGEM,,EM FRENTE  CONDOMINIO RESIDENCIAL NUAMGULO,BOA VIAGEM,,COLISÃO TRASEIRA,2,2,0,0,0,0,0,0,0
1889,202317289,2023-07-28 0:00:00,2:11:00,COM VÍTIMA,FINALIZADA,BRASILIA TEIMOSA,AV BRASILIA FORMOSA,,PROX  AO IATE CLUBE   E/F AO QUIOSQUE DO CABO,BRASILIA TEIMOSA,,ATROPELAMENTO DE PESSOA,0,1,0,1,0,0,0,1,0
1890,202317290,2023-07-28 0:00:00,2:21:00,COM VÍTIMA,FINALIZADA,SAO JOSE,AV DANTAS BARRETO,RUA SAO JOAO,EM FRENTE AO EDIFICIO SAN RAFAEL,SAO JOSE,,ATROPELAMENTO DE PESSOA,1,0,0,1,0,0,0,1,0
1891,202317291,2023-07-28 0:00:00,2:35:00,SEM VÍTIMA,FINALIZADA,AREIAS,AV RECIFE,,APOS A FARMACIA  PAGUE MENOS  E A CHURRASCARIA   PAJUÇARA S/T BOA VIAGEM,AREIAS,,COLISÃO TRASEIRA,1,0,0,0,0,1,0,0,0
1892,202317303,2023-07-28 0:00:00,4:07:00,VÍTIMA FATAL,FINALIZADA,CAXANGA,AV CAXANGA,,MERCADO EXTRA,CAXANGA,,COLISÃO LATERAL,0,1,0,0,1,0,0,0,1
1893,202317304,2023-07-28 0:00:00,4:15:00,COM VÍTIMA,FINALIZADA,IBURA,RUA SANTA LEOPOLDINA,,PROX AO ESCRITORIO BAR DO IBURA DE BAIXO  PROX AV DOIS RIOS,IBURA,,COLISÃO LATERAL,0,1,0,0,0,0,0,1,0
1894,202317316,2023-07-28 0:00:00,8:16:00,COM VÍTIMA,CANCELADA,VARZEA,RUA GENERAL POLIDORO,,EM FRENTE A ACADEMIA UNIT,VARZEA,,COLISÃO FRONTAL,0,0,0,0,0,0,0,1,0
1895,202317323,2023-07-28 0:00:00,10:19:00,COM VÍTIMA,FINALIZADA,HIPODROMO,RUA MARQUES DE BAIPENDI,,PRÓXIMO A PRAÇA MENDES SÁ,HIPODROMO,,COLISÃO LATERAL,0,1,0,0,0,0,0,1,0
1896,202317330,2023-07-29 0:00:00,5:11:00,SEM VÍTIMA,FINALIZADA,IMBIRIBEIRA,AV MARECHAL MASCARENHAS DE MORAES,,COM A ARUA JAMAIACA,IMBIRIBEIRA,,COLISÃO TRASEIRA,1,1,0,0,0,0,0,0,0
1897,202317355,2023-07-29 0:00:00,10:57:00,COM VÍTIMA,FINALIZADA,SANTO AMARO,AV GOVERNADOR AGAMENON MAGALHAES,,AO LADO SHOPPING TACARUNA / SENTIDO RECIFE,SANTO AMARO,,COLISÃO FRONTAL,0,1,0,0,0,0,0,1,0
1898,202317366,2023-07-29 0:00:00,2:25:00,COM VÍTIMA,FINALIZADA,BOA VIAGEM,RUA SIDERAL,,PROXIMO AO RESTAURANTE DONA GULA,BOA VIAGEM,,COLISÃO LATERAL,0,0,0,0,0,0,0,1,0
1899,202317388,2023-07-29 0:00:00,7:07:00,COM VÍTIMA,FINALIZADA,TAMARINEIRA,RUA CONEGO BARATA,,PRÓXIMO AO DNOCS,TAMARINEIRA,,COLISÃO TRANSVERSAL,0,2,0,0,0,0,0,1,0
1900,202317389,2023-07-29 0:00:00,7:16:00,COM VÍTIMA,FINALIZADA,MADALENA,RUA JOAO IVO DA SILVA,,"APOS O TUNEL DA ABOLIÇÃO,  PROX AO POSTO DE GASOLINA",MADALENA,,COLISÃO TRANSVERSAL,1,1,0,0,0,0,0,2,0
1901,202317392,2023-07-29 0:00:00,8:05:00,COM VÍTIMA,FINALIZADA,ARRUDA,RUA DAS MOCAS,RUA ZEFERINO AGRA,EM FRENTE A COMEDORIA CACULÉ,ARRUDA,,COLISÃO LATERAL,1,1,0,0,0,0,0,1,0
1902,202317396,2023-07-29 0:00:00,9:12:00,SEM VÍTIMA,CANCELADA,IBURA,AV DOIS RIOS,,EM FRENTE A AUTO ESCOLA PILOTO,IBURA,,COLISÃO TRASEIRA,2,0,0,0,0,0,0,0,0
1903,202317432,2023-07-30 0:00:00,12:16:00,COM VÍTIMA,FINALIZADA,MANGABEIRA,AV NORTE MIGUEL ARRAES DE ALENCAR,,RUA TENENTE GONÇALVES E/F AO SESC DA AV NORTE,MANGABEIRA,SUBURBIO,COLISÃO LATERAL,0,1,0,0,0,0,0,1,0
1904,202317433,2023-07-30 0:00:00,12:18:00,COM VÍTIMA,FINALIZADA,ALTO SANTA TERESINHA,AV ANIBAL BENEVOLO,,APOS O COMPAZ DO ALTO SANTA TEREZINHA PROX AO ANTIGO MERDINHIO PASSIRA PROX A RUA DA FEIRA,ALTO SANTA TERESINHA,,COLISÃO LATERAL,0,1,0,0,0,0,0,1,0
1905,202317435,2023-07-30 0:00:00,12:52:00,COM VÍTIMA,FINALIZADA,JORDAO,RUA NOVA CANAA,,PX AO TERMINAL DO JORDAO BAIXO E AO SUPEMRERCADO ECONOMICO,JORDAO,,COLISÃO FRONTAL,1,1,0,0,0,0,0,2,0
1906,202317451,2023-07-30 0:00:00,5:49:00,COM VÍTIMA,FINALIZADA,BOA VIAGEM,RUA CAMBOIM,RUA DEZ DE JULHO,"EM FRENTE A MEISO CRISTAL ,PROX A ESTAÇÃO DO METRO DO AEROPORTO",BOA VIAGEM,SUBURBIO,COLISÃO FRONTAL,1,1,0,0,0,0,0,1,0
1907,202317454,2023-07-30 0:00:00,7:33:00,COM VÍTIMA,FINALIZADA,BOA VIAGEM,RUA CAMBOIM,,PROX. AO RESTAURANTE MANIA CASEIRA,BOA VIAGEM,,COLISÃO LATERAL,0,1,0,0,0,0,0,1,0
1908,202317455,2023-07-30 0:00:00,8:09:00,COM VÍTIMA,FINALIZADA,VARZEA,AV AFONSO OLINDENSE,,PRÓXIMO A LOMBADA ELETRÔNICA,VARZEA,,COLISÃO LATERAL,1,1,0,0,0,0,0,1,0
1909,202317456,2023-07-30 0:00:00,8:16:00,COM VÍTIMA,FINALIZADA,VASCO DA GAMA,RUA VASCO DA GAMA,,PROXIMO AO SESI DO VASCO,VASCO DA GAMA,,COLISÃO LATERAL,0,1,0,0,0,0,0,1,0
1910,202317457,2023-07-30 0:00:00,10:24:00,COM VÍTIMA,FINALIZADA,BOA VIAGEM,RUA ATLANTICO,,CONDOMINIO ESTUDIO EVERESTI,BOA VIAGEM,,COLISÃO FRONTAL,3,0,0,0,0,0,0,1,0
1911,202317458,2023-07-30 0:00:00,11:32:00,COM VÍTIMA,FINALIZADA,IPUTINGA,1TR SANTA LUCIA,,PROXIMO AO FITEIRO DO DOUGLAS,IPUTINGA,,COLISÃO LATERAL,0,1,0,0,0,0,0,1,0
1912,202317470,2023-07-31 0:00:00,8:08:00,COM VÍTIMA,FINALIZADA,SANTO ANTONIO,RUA IMPERADOR PEDRO SEGUNDO,,EM FRENTE A SECRETÁRIA DA FAZENDA,SANTO ANTONIO,,COLISÃO LATERAL,1,1,0,0,0,0,0,1,0
1913,202317475,2023-07-31 0:00:00,9:10:00,COM VÍTIMA,FINALIZADA,AREIAS,RUA CARUARU,,PRAÇA DA LAVADEIRAS,AREIAS,,COLISÃO LATERAL,1,1,0,0,0,0,0,1,0
1914,202317477,2023-07-31 0:00:00,9:51:00,COM VÍTIMA,FINALIZADA,SANTO AMARO,RUA TREZE DE MAIO,,PX A BORRACHARIA MODESTO RUA DO SESC SENTIDO AVENIDA NORTE,SANTO AMARO,,COLISÃO LATERAL,1,1,0,0,0,0,0,1,0
1915,202317480,2023-07-31 0:00:00,10:08:00,COM VÍTIMA,FINALIZADA,ILHA DO LEITE,AV GOVERNADOR AGAMENON MAGALHAES,,EM FRENTE AO HOSPITAL PORTUGUES,ILHA DO LEITE,,COLISÃO LATERAL,0,1,0,0,0,0,0,1,0
1916,202317504,2023-07-31 0:00:00,2:48:00,COM VÍTIMA,FINALIZADA,SANTO AMARO,RUA TREZE DE MAIO,,BORRACHARIA MODESTO,SANTO AMARO,,COLISÃO LATERAL,0,0,0,0,0,0,0,1,0
1917,202317505,2023-07-31 0:00:00,3:01:00,COM VÍTIMA,FINALIZADA,SANTO AMARO,AV CRUZ CABUGA,,ASSEMBLEIA DE DEUS/ESTAÇÃO BRT,SANTO AMARO,,COLISÃO LATERAL,0,0,0,0,0,0,0,1,0
1918,202317515,2023-07-31 0:00:00,5:59:00,COM VÍTIMA,FINALIZADA,IBURA,RUA RIO UNA,,AUTO ESCOLA ARCO IRIS,IBURA,,COLISÃO LATERAL,0,0,0,0,0,0,0,1,0
1919,202317516,2023-07-31 0:00:00,6:16:00,COM VÍTIMA,FINALIZADA,IMBIRIBEIRA,AV MARECHAL MASCARENHAS DE MORAES,,EM FRENTE A UNIVERSO / SENTIDO AEROPORTO,IMBIRIBEIRA,,ATROPELAMENTO DE PESSOA,0,1,0,1,0,0,0,1,0
1920,202317517,2023-07-31 0:00:00,6:23:00,COM VÍTIMA,FINALIZADA,IBURA,AV JORNALISTA COSTA PORTO,,COMPESA,IBURA,,COLISÃO LATERAL,0,0,0,0,0,0,0,1,0
1921,202317525,2023-07-31 0:00:00,7:22:00,COM VÍTIMA,CANCELADA,BAIRRO DO RECIFE,AV ALFREDO LISBOA,,PROXIMO A RECEITA FEDERAL,BAIRRO DO RECIFE,,COLISÃO LATERAL,3,1,0,0,0,0,0,1,0
1922,202317527,2023-07-31 0:00:00,7:48:00,COM VÍTIMA,FINALIZADA,AREIAS,AV TAPAJOS,,APOS O MERCADINHO FIGUEROA,AREIAS,,COLISÃO LATERAL,1,1,0,0,0,0,0,1,0
1923,202317528,2023-07-31 0:00:00,8:49:00,COM VÍTIMA,CANCELADA,TAMARINEIRA,RUA CONEGO BARATA,,EM FRENTE AO HOSPITAL ULISSES,TAMARINEIRA,,COLISÃO LATERAL,1,1,0,0,0,0,0,1,0
1924,202317530,2023-07-31 0:00:00,9:22:00,COM VÍTIMA,FINALIZADA,ARRUDA,AV PROFESSOR JOSE DOS ANJOS,,PROXIMO AO ANTIGO DNOCS,ARRUDA,,COLISÃO TRASEIRA,0,2,0,0,0,0,0,1,0
1925,202317531,2023-07-31 0:00:00,9:23:00,COM VÍTIMA,CANCELADA,VARZEA,RUA CASSILANDIA,,PROXIMO A UNIVERSIDADE FEDERAL,VARZEA,,COLISÃO LATERAL,1,1,0,0,0,0,0,1,0
1926,202317533,2023-07-31 0:00:00,10:32:00,COM VÍTIMA,FINALIZADA,SANTO AMARO,AV GOVERNADOR AGAMENON MAGALHAES,,COM   A RUA  ODORICO MENDES,SANTO AMARO,,ATROPELAMENTO DE PESSOA,1,0,0,1,0,0,0,1,0
1927,202317534,2023-07-31 0:00:00,10:49:00,COM VÍTIMA,FINALIZADA,CASA AMARELA,EST DO ARRAIAL,,PRÓXIMO AO SITIO DA TRINDADE,CASA AMARELA,,COLISÃO LATERAL,1,1,0,0,0,0,0,1,0
1928,202317535,2023-08-01 0:00:00,12:40:00,COM VÍTIMA,CANCELADA,CASA AMARELA,EST DO ARRAIAL,,EM  FRENTE A UTI PNEUS,CASA AMARELA,,COLISÃO LATERAL,1,1,0,0,0,0,0,1,0
1929,202317548,2023-08-01 0:00:00,7:42:00,COM VÍTIMA,FINALIZADA,JARDIM SAO PAULO,AV RECIFE,,POSTO IPIRANGA,JARDIM SAO PAULO,BOA VIAGEM,COLISÃO FRONTAL,0,1,0,0,1,0,0,1,0
1930,202317559,2023-08-01 0:00:00,8:44:00,COM VÍTIMA,FINALIZADA,BOA VIAGEM,AV FERNANDO SIMOES BARBOSA,,PROX AO BAR DO CUSCUZ E PROX EDF SOBRADO IMPERIAL,BOA VIAGEM,,QUEDA,0,1,0,0,0,0,0,1,0
1931,202317563,2023-08-01 0:00:00,9:11:00,SEM VÍTIMA,FINALIZADA,ARRUDA,RUA SAO BENTO,,PROX AO CHINA CABELEREIRO,ARRUDA,,COLISÃO LATERAL,0,0,0,0,1,1,0,0,0