_id,Protocolo,data,hora,natureza,situacao,bairro,endereco,detalhe_endereco_acidente,complemento,bairro_cruzamento,sentido_via,tipo,auto,moto,ciclista,pedestre,onibus,caminhao,viatura,vitimas,vitimasfatais
1932,202317572,2023-08-01 0:00:00,11:50:00,SEM VÍTIMA,FINALIZADA,IPSEP,AV RECIFE,,EM FRENTE A PERNAMBUCO PISCINAS,IPSEP,,ENGAVETAMENTO,4,0,0,0,0,0,0,0,0
1933,202317577,2023-08-01 0:00:00,1:18:00,COM VÍTIMA,FINALIZADA,BARRO,AV DR JOSE RUFINO,,COLÉGIO CASTELO BRANCO,BARRO,,COLISÃO LATERAL,0,0,0,0,0,0,0,1,0
1934,202317582,2023-08-01 0:00:00,2:19:00,COM VÍTIMA,FINALIZADA,ILHA DO LEITE,RUA FRANCISCO ALVES,,ESTAC. SAN PARK,ILHA DO LEITE,,COLISÃO LATERAL,1,1,0,0,0,0,0,1,0
1935,202317583,2023-08-01 0:00:00,2:19:00,COM VÍTIMA,FINALIZADA,ESPINHEIRO,AV GOVERNADOR AGAMENON MAGALHAES,,UPE / MINISTÉRIO DO TRABALHO,ESPINHEIRO,,COLISÃO LATERAL,1,1,0,0,0,0,0,1,0
1936,202317584,2023-08-01 0:00:00,2:30:00,SEM VÍTIMA,FINALIZADA,AGUA FRIA,EST VELHA DE AGUA FRIA,,IGREJA PENTECOSTAL DO BRASIL,AGUA FRIA,,COLISÃO LATERAL,1,0,0,0,0,0,1,0,0
1937,202317597,2023-08-01 0:00:00,4:30:00,COM VÍTIMA,FINALIZADA,BOA VISTA,AV JOAO DE BARROS,,EM FRENTE A NEO ENERGIA,BOA VISTA,,COLISÃO LATERAL,0,0,0,0,0,0,0,1,0
1938,202317602,2023-08-01 0:00:00,5:14:00,SEM VÍTIMA,FINALIZADA,ALTO SANTA TERESINHA,RUA ALTO JOSE BONIFACIO,,NO TERMINAL  DE ONIBUS,ALTO SANTA TERESINHA,,COLISÃO TRASEIRA,2,0,0,0,0,0,0,0,0
1939,202317603,2023-08-01 0:00:00,5:15:00,COM VÍTIMA,FINALIZADA,IBURA,AV RECIFE,,ARMAZEM CORAL,IBURA,,COLISÃO LATERAL,0,0,0,0,0,0,0,1,0
1940,202317612,2023-08-01 0:00:00,6:53:00,COM VÍTIMA,FINALIZADA,CAXANGA,AV CAXANGA,,UPA CAXANGÁ,CAXANGA,,COLISÃO LATERAL,0,0,0,0,0,0,0,1,0
1941,202317615,2023-08-01 0:00:00,7:28:00,COM VÍTIMA,FINALIZADA,CAMPO GRANDE,RUA JERONIMO VILELA,,PRÓXIMO AO MERCADINHO BOM JESUS,CAMPO GRANDE,,ATROPELAMENTO DE PESSOA,0,1,0,0,0,0,0,1,0
1942,202317623,2023-08-02 0:00:00,7:00:00,COM VÍTIMA,FINALIZADA,TORROES,AV ENGENHEIRO ABDIAS DE CARVALHO,,"EM FRENTE A DLT APOS O POSTO DA ABDIAS, E PROX AO POSTO SHELL",TORROES,,COLISÃO FRONTAL,0,1,0,0,0,0,0,1,0
1943,202317632,2023-08-02 0:00:00,8:43:00,COM VÍTIMA,FINALIZADA,ILHA DO RETIRO,RUA TABAIARES,,ED. RITA DE CASIA,ILHA DO RETIRO,,ATROPELAMENTO DE PESSOA,1,0,0,1,0,0,0,1,0
1944,202317638,2023-08-02 0:00:00,9:33:00,COM VÍTIMA,FINALIZADA,SOLEDADE,RUA DO PRINCIPE,,PROX A UNIVERSIDADE A CATOLICA,SOLEDADE,,COLISÃO FRONTAL,0,1,0,0,0,0,0,1,0
1945,202317645,2023-08-02 0:00:00,10:23:00,COM VÍTIMA,FINALIZADA,IPSEP,AV SALDANHA MARINHO,,VINDO PELA AV RECIFE  SENTIDO CIDADE UNIVERSITARIA,IPSEP,,COLISÃO LATERAL,1,1,0,0,0,0,0,1,0
1946,202317655,2023-08-02 0:00:00,12:25:00,COM VÍTIMA,FINALIZADA,NOVA DESCOBERTA,RUA CORREGO DA AREIA,,PROXIMO A PADARIA ADRIANA E TERMINAL DO CORREGO DA AREIA,NOVA DESCOBERTA,,QUEDA,0,1,0,0,0,0,0,1,0
1947,202317660,2023-08-02 0:00:00,12:47:00,COM VÍTIMA,CANCELADA,CURADO,BR 101 (DENTRO DA CEASA),,DENTRO DA CEASA/ EM FRENTE A LOJA LIBE10,CURADO,,COLISÃO LATERAL,1,2,0,1,0,0,0,2,0
1948,202317666,2023-08-02 0:00:00,2:03:00,SEM VÍTIMA,FINALIZADA,SANTO ANTONIO,AV MARTINS DE BARROS,,EM FRENTE AO FORUM THOMAZ DE AQUINO,SANTO ANTONIO,,COLISÃO LATERAL,1,0,0,0,0,1,0,0,0
1949,202317672,2023-08-02 0:00:00,2:47:00,SEM VÍTIMA,FINALIZADA,BOA VISTA,RUA JOAO FERNANDES VIEIRA,,EM FRENTE AO HAPVIDA,BOA VISTA,,COLISÃO LATERAL,1,0,0,0,0,0,1,0,0
1950,202317674,2023-08-02 0:00:00,3:15:00,COM VÍTIMA,FINALIZADA,SAO JOSE,AV SUL,,APOS O PONTILHAO DO METYRO E/F A PORTELA  MATERIAL DE CONSTRUÇOES,SAO JOSE,,COLISÃO TRASEIRA,0,2,0,0,0,0,0,1,0
1951,202317676,2023-08-02 0:00:00,3:21:00,SEM VÍTIMA,DUPLICIDADE,BOA VISTA,AV GOVERNADOR AGAMENON MAGALHAES,,HAPVIDA DO PARQUE AMORIM,BOA VISTA,,COLISÃO LATERAL,1,0,0,0,0,0,1,0,0
1952,202317677,2023-08-02 0:00:00,3:27:00,COM VÍTIMA,FINALIZADA,CASA AMARELA,AV NORTE MIGUEL ARRAES DE ALENCAR,,ANTES DA IGREJA DO AMOR,CASA AMARELA,,COLISÃO LATERAL,0,0,0,0,0,0,0,1,0
1953,202317678,2023-08-02 0:00:00,3:31:00,COM VÍTIMA,CANCELADA,ESPINHEIRO,RUA SAO SALVADOR,,AO LADO DO HOSPITAL DOS SERVIDORES,ESPINHEIRO,,ATROPELAMENTO DE PESSOA,1,0,0,1,0,0,0,1,0
1954,202317680,2023-08-02 0:00:00,3:35:00,COM VÍTIMA,FINALIZADA,CASA FORTE,AV DEZESSETE DE AGOSTO,,MCDONALDS,CASA FORTE,,COLISÃO LATERAL,0,0,0,0,0,0,0,1,0
1955,202317687,2023-08-02 0:00:00,4:35:00,COM VÍTIMA,FINALIZADA,DOIS UNIDOS,AV HILDEBRANDO DE VASCONCELOS,,COLÉGIO F. PESSOA DE QUEIROZ,DOIS UNIDOS,,QUEDA,0,0,0,0,0,0,0,1,0
1956,202317706,2023-08-02 0:00:00,6:52:00,COM VÍTIMA,CANCELADA,IPSEP,AV RECIFE,,SAL E BRASA,IPSEP,,COLISÃO LATERAL,0,1,0,0,0,0,0,1,0
1957,202317707,2023-08-02 0:00:00,7:52:00,COM VÍTIMA,FINALIZADA,CAXANGA,RUA RIBEIRO PESSOA,,A MAIS OU MENOS A 100 METROS DA UPA DA CAXANGA,CAXANGA,,COLISÃO FRONTAL,0,1,0,0,1,0,0,1,0
1958,202317708,2023-08-02 0:00:00,8:02:00,COM VÍTIMA,FINALIZADA,CORDEIRO,RUA DR JOAO LACERDA,,PRÓXIMO À DHPP,CORDEIRO,,COLISÃO TRANSVERSAL,0,1,0,0,0,0,0,1,0
1959,202317709,2023-08-02 0:00:00,8:04:00,COM VÍTIMA,CANCELADA,MADALENA,RUA JOSE OSORIO,,APÓS O MERC DA MADALENA - E/F À CONCESSIONÁRIA TEIXEIRA,MADALENA,,COLISÃO TRANSVERSAL,0,1,0,0,0,0,0,1,0
1960,202317711,2023-08-03 0:00:00,1:33:00,COM VÍTIMA,FINALIZADA,PARNAMIRIM,AV PARNAMIRIM,RUA SAO SEBASTIAO,PROXIMO À PONTE DA TORRE/CARREFOUR,PARNAMIRIM,,COLISÃO TRANSVERSAL,2,0,0,0,0,0,0,1,0
1961,202317724,2023-08-03 0:00:00,7:47:00,COM VÍTIMA,FINALIZADA,SAO JOSE,AV SUL,,SEMÁFARO 260,SAO JOSE,,COLISÃO LATERAL,1,1,0,0,0,0,0,1,0
1962,202317725,2023-08-03 0:00:00,7:54:00,COM VÍTIMA,FINALIZADA,ESPINHEIRO,AV GOVERNADOR AGAMENON MAGALHAES,,NA DECIDA DO VIATUDO AGAMENON MAGALHAES / PROX AO EMPRESARIAL AGAMENON MAGALHAES E PROX AO SEMAFORO 711,ESPINHEIRO,,COLISÃO TRASEIRA,1,1,0,0,0,0,0,1,0
1963,202317727,2023-08-03 0:00:00,8:03:00,COM VÍTIMA,FINALIZADA,ENCRUZILHADA,RUA DONA ELVIRA,,PROX A MARTENIDADE CISAM / PROX AO SUPERMERCADO QUINTADARIA,ENCRUZILHADA,,COLISÃO FRONTAL,1,1,0,0,0,0,0,1,0
1964,202317728,2023-08-03 0:00:00,8:27:00,COM VÍTIMA,FINALIZADA,JOANA BEZERRA,VIADUTO CAPITAO TEMUDO,,COMEÇO DO VIADUTO SENTIDO BOA VIAGEM / PROX AO FORUM DE JOANA BEZERRA,JOANA BEZERRA,,COLISÃO LATERAL,1,1,0,0,0,0,0,1,0
1965,202317730,2023-08-03 0:00:00,8:37:00,COM VÍTIMA,CANCELADA,SAO JOSE,PTE SEIS DE MARCO,,EM CIMA DA PONTE VELHA / PROX A CASA DA CULTURA,SAO JOSE,,COLISÃO FRONTAL,0,1,0,0,0,0,0,1,0
1966,202317738,2023-08-03 0:00:00,9:23:00,COM VÍTIMA,FINALIZADA,IMBIRIBEIRA,AV SUL,,ATRÁS DA LOJA CAOA CHERY / PROX A ESTAÇÃO DE METRO DA IMBIRIBEIRA,IMBIRIBEIRA,,COLISÃO COM CICLISTA,1,0,1,0,0,0,0,1,0
1967,202317739,2023-08-03 0:00:00,9:50:00,COM VÍTIMA,FINALIZADA,BOA VISTA,AV GOVERNADOR AGAMENON MAGALHAES,AV RUI BARBOSA,TRIBUNAL ELEITORAL,BOA VISTA,,COLISÃO TRASEIRA,1,1,0,0,0,0,0,1,0
1968,202317744,2023-08-03 0:00:00,10:21:00,COM VÍTIMA,FINALIZADA,SANTO AMARO,RUA DA AURORA,,REF: APOIO AO SUB SÓSTENES: REF: TRIBUNAL DE CONTAS,SANTO AMARO,,COLISÃO TRASEIRA,1,1,0,0,0,0,0,1,0
1969,202317758,2023-08-03 0:00:00,12:11:00,COM VÍTIMA,FINALIZADA,VASCO DA GAMA,AV VEREADOR OTACILIO AZEVEDO,,ESCOLA IRMÃ MAGNA,VASCO DA GAMA,,COLISÃO LATERAL,1,1,0,0,0,0,0,1,0
1970,202317766,2023-08-03 0:00:00,12:55:00,COM VÍTIMA,FINALIZADA,SANTO AMARO,AV MARIO MELO,,AO LADO DO COLEGIO IEP,SANTO AMARO,,COLISÃO LATERAL,2,1,0,0,0,0,0,1,0
1971,202317769,2023-08-03 0:00:00,1:57:00,COM VÍTIMA,FINALIZADA,BOA VIAGEM,RUA DEZ DE JULHO,,METRÔ AEROPORTO,BOA VIAGEM,,COLISÃO LATERAL,1,1,0,0,0,0,0,1,0
1972,202317779,2023-08-03 0:00:00,2:47:00,COM VÍTIMA,FINALIZADA,DOIS IRMAOS,RUA DOIS IRMAOS,,E/F AO SOBRADO CARLOS PENA FILHO  E A FUNDAÇAO GILBERTO FREIRE,DOIS IRMAOS,,COLISÃO LATERAL,1,1,0,0,0,0,0,1,0
1973,202317781,2023-08-03 0:00:00,3:15:00,COM VÍTIMA,FINALIZADA,IMBIRIBEIRA,AV GENERAL MAC ARTHUR,,EM FRENTE A DO FRIO,IMBIRIBEIRA,,COLISÃO TRASEIRA,1,1,0,0,0,0,0,1,0
1974,202317782,2023-08-03 0:00:00,3:36:00,SEM VÍTIMA,FINALIZADA,MADALENA,AV ENGENHEIRO ABDIAS DE CARVALHO,,MCDONALDS,MADALENA,,COLISÃO LATERAL,1,0,0,0,0,0,1,0,0
1975,202317786,2023-08-03 0:00:00,5:06:00,COM VÍTIMA,FINALIZADA,IMBIRIBEIRA,AV MARECHAL MASCARENHAS DE MORAES,,"ALÇA DE RETORNO DO VIADUTO, PROXIMO A UNIDAS ALUGUEL DE CARROS",IMBIRIBEIRA,,TOMBAMENTO,0,1,0,0,0,0,0,1,0
1976,202317790,2023-08-03 0:00:00,6:42:00,COM VÍTIMA,FINALIZADA,MADALENA,RUA BENFICA,,BATALHÃO DE CHOQUE,MADALENA,,COLISÃO LATERAL,0,1,0,0,0,0,1,1,0
1977,202317801,2023-08-03 0:00:00,9:58:00,COM VÍTIMA,FINALIZADA,SANTO AMARO,AV CRUZ CABUGA,,PROXIMO AO SHOPPING TACARUNA,SANTO AMARO,,COLISÃO LATERAL,0,1,0,0,0,0,0,1,0
1978,202317802,2023-08-03 0:00:00,9:58:00,COM VÍTIMA,FINALIZADA,ENCRUZILHADA,AV BEBERIBE,,PROX. À ACADEMIA MATCH FIT. EM FRENTE À CLÍNICA OK DOUTOR,ENCRUZILHADA,,COLISÃO LATERAL,0,1,0,0,0,0,0,1,0
1979,202317817,2023-08-04 0:00:00,6:33:00,COM VÍTIMA,FINALIZADA,IPUTINGA,AV MAURICIO DE NASSAU,,EM FRENTE AO ALTINO VENTURA,IPUTINGA,,QUEDA,0,1,0,0,0,0,0,1,0
1980,202317830,2023-08-04 0:00:00,8:33:00,COM VÍTIMA,FINALIZADA,SANTO AMARO,RUA DOS PALMARES,RUA TREZE DE MAIO,PROX AO SINDICATO DOS ADVOGADOS,SANTO AMARO,,COLISÃO FRONTAL,0,2,0,0,0,0,0,1,0
1981,202317835,2023-08-04 0:00:00,9:18:00,COM VÍTIMA,FINALIZADA,ARRUDA,AV PROFESSOR JOSE DOS ANJOS,,PROX AO ARMAZEM CASA E CONSTRUÇÃO E NA BEIRA DO CANAL,ARRUDA,,ATROPELAMENTO DE PESSOA,0,1,0,1,0,0,0,1,0
1982,202317837,2023-08-04 0:00:00,9:32:00,COM VÍTIMA,FINALIZADA,SANTO AMARO,AV NORTE MIGUEL ARRAES DE ALENCAR,,SOBRE PONTE LIMOEIRO,SANTO AMARO,,COLISÃO TRANSVERSAL,0,1,0,0,0,0,0,1,0
1983,202317838,2023-08-04 0:00:00,9:37:00,COM VÍTIMA,FINALIZADA,NOVA DESCOBERTA,RUA NOVA DESCOBERTA,,APOS O LARGO DONA REGINA / PROX A MILA MULTIMARCAS,NOVA DESCOBERTA,,COLISÃO FRONTAL,0,1,0,0,0,0,0,1,0
1984,202317840,2023-08-04 0:00:00,9:41:00,COM VÍTIMA,DUPLICIDADE,BAIRRO DO RECIFE,CAIS DO APOLO,,APOS A PREFEITURA SENTIDO AV. NORTE,BAIRRO DO RECIFE,,COLISÃO TRASEIRA,1,1,0,0,0,0,0,1,0
1985,202317858,2023-08-04 0:00:00,11:34:00,COM VÍTIMA,FINALIZADA,ROSARINHO,AV SANTOS DUMONT,,EM FRENTE A CASA ROSADA / EM FRENTE AO COND CASA ROSADA,ROSARINHO,,COLISÃO FRONTAL,0,1,0,0,0,0,0,1,0
1986,202317873,2023-08-04 0:00:00,2:41:00,COM VÍTIMA,FINALIZADA,BOA VISTA,AV CONDE DA BOA VISTA,,POSTO BR,BOA VISTA,,COLISÃO LATERAL,0,0,0,0,0,0,0,1,0
1987,202317878,2023-08-04 0:00:00,4:24:00,COM VÍTIMA,FINALIZADA,CASA AMARELA,RUA PADRE LEMOS,,CENTRO COMERCIAL CASA AMARELA,CASA AMARELA,,ATROPELAMENTO DE PESSOA,0,1,0,1,0,0,0,1,0
1988,202317884,2023-08-04 0:00:00,6:10:00,COM VÍTIMA,FINALIZADA,IMBIRIBEIRA,RUA GENERAL GOES MONTEIRO,,PADARIA PAN PINHEIROS,IMBIRIBEIRA,,COLISÃO LATERAL,0,0,0,0,0,0,0,1,0
1989,202317885,2023-08-04 0:00:00,6:15:00,COM VÍTIMA,FINALIZADA,SOLEDADE,AV JOAO DE BARROS,,,SOLEDADE,CIDADE,ATROPELAMENTO DE PESSOA,0,0,0,1,0,0,0,1,0
1990,202317886,2023-08-04 0:00:00,6:42:00,COM VÍTIMA,CANCELADA,BOA VIAGEM,AV ARMINDO MOURA,,EM FRENTE AO POSTO BR  E A CHURRASCARIA CAIPIRA DRILL,BOA VIAGEM,,COLISÃO LATERAL,1,1,0,0,0,0,0,1,0
1991,202317896,2023-08-04 0:00:00,9:32:00,COM VÍTIMA,FINALIZADA,IPUTINGA,AV CAXANGA,,E/F À LANCHONETE SUBWAY - SENTIDO SUBURBIO,IPUTINGA,,COLISÃO TRANSVERSAL,1,1,0,0,0,0,0,1,0
1992,202317897,2023-08-04 0:00:00,11:08:00,COM VÍTIMA,FINALIZADA,VARZEA,RUA GENERAL POLIDORO,,CLINICA VETERINARIA POLIVETI,VARZEA,,COLISÃO FRONTAL,1,1,0,0,0,0,0,1,0
1993,202317898,2023-08-05 0:00:00,1:45:00,COM VÍTIMA,CANCELADA,VASCO DA GAMA,RUA VASCO DA GAMA,,E/F À ARENA BOLA DE OURO,VASCO DA GAMA,,COLISÃO LATERAL,0,1,0,0,0,0,0,1,0
1994,202317926,2023-08-05 0:00:00,10:24:00,COM VÍTIMA,CANCELADA,IMBIRIBEIRA,RUA DEZ DE JULHO,,PX AO AEROPORTO // PX A LOJA ALUGUE BRASIL // APOS O TI AEROPORTO,IMBIRIBEIRA,,COLISÃO LATERAL,0,1,0,0,0,0,0,1,0
1995,202317929,2023-08-05 0:00:00,10:58:00,COM VÍTIMA,CANCELADA,TEJIPIO,AV DR JOSE RUFINO,,EM FRENTRE A ESTAÇÃO DE METRO TEJIPIO,TEJIPIO,,COLISÃO LATERAL,0,1,0,0,0,0,0,1,0
1996,202317938,2023-08-05 0:00:00,11:59:00,COM VÍTIMA,CANCELADA,MADALENA,RUA COMENDADOR BENTO AGUIAR,,AO LADO DO ANTIGO EXTRA DA BENFICA NA FRENTE DA MICROOFICE,MADALENA,,COLISÃO LATERAL,0,1,0,0,0,0,0,1,0
1997,202317939,2023-08-05 0:00:00,11:59:00,COM VÍTIMA,FINALIZADA,CORDEIRO,AV CAXANGA,,PX A REPUBLICA DO PAO PADARIA E RESTORUARANTE EXPOSIÇAO DE ANIMAIS,CORDEIRO,,COLISÃO LATERAL,0,1,0,0,0,0,0,1,0
1998,202317946,2023-08-05 0:00:00,12:53:00,COM VÍTIMA,FINALIZADA,BEBERIBE,AV BEBERIBE,,E/F A ELETRO  EO POSTO DE GASOILINA,BEBERIBE,,COLISÃO LATERAL,0,0,0,0,0,0,0,1,0
1999,202317957,2023-08-05 0:00:00,3:43:00,COM VÍTIMA,FINALIZADA,CAMPO GRANDE,RUA FRANKLIN TAVORA,,APOS A PADARIA SANTO ANTONIO E O MERCADO SITIO NOVO,CAMPO GRANDE,,COLISÃO LATERAL,0,0,0,0,0,0,0,1,0
2000,202317972,2023-08-05 0:00:00,6:16:00,COM VÍTIMA,FINALIZADA,TORRE,RUA JOSE BONIFACIO,,EM CIMA DO VIADUTO AO LADO DO CARREFUR DA TORRE,TORRE,,COLISÃO LATERAL,0,0,0,0,0,0,0,1,0
2001,202317974,2023-08-05 0:00:00,6:39:00,COM VÍTIMA,FINALIZADA,BOA VIAGEM,RUA DES JOAO PAES,RUA CORONEL ANIZIO RODRIGUES COELHO,,BOA VIAGEM,,COLISÃO FRONTAL,0,0,0,0,0,0,0,1,0
2002,202317997,2023-08-06 0:00:00,7:53:00,COM VÍTIMA,FINALIZADA,BOA VIAGEM,RUA RIBEIRO DE BRITO,,EM CIMA DO VIADUTO TANCREDO NEVES,BOA VIAGEM,,COLISÃO FRONTAL,0,1,0,0,0,0,0,1,0
2003,202317998,2023-08-06 0:00:00,8:22:00,COM VÍTIMA,FINALIZADA,TORRE,RUA CONDE DE IRAJA,AV BEIRA RIO,DESCIDA DA PONTE DA TORRE,TORRE,,COLISÃO LATERAL,2,0,0,0,0,0,0,1,0
2004,202318003,2023-08-06 0:00:00,9:34:00,COM VÍTIMA,FINALIZADA,VARZEA,RUA FRANCISCO TORRES,,EM FRENTE A PRAÇA NOVA MORADA,VARZEA,,COLISÃO FRONTAL,0,1,0,0,0,0,0,1,0
2005,202318022,2023-08-06 0:00:00,12:54:00,SEM VÍTIMA,FINALIZADA,JARDIM SAO PAULO,AV RECIFE,,AO LADO DO ASSAI / SENTIDO BOA VIAGEM,JARDIM SAO PAULO,,COLISÃO TRASEIRA,2,0,0,0,0,0,1,0,0
2006,202318027,2023-08-06 0:00:00,3:03:00,COM VÍTIMA,FINALIZADA,COHAB,AV SAO PAULO,,TERMINAL DE ÔNIBUS DE TRÊS CARNEIROS,COHAB,,TOMBAMENTO,0,0,0,0,0,0,0,1,0
2007,202318042,2023-08-06 0:00:00,6:06:00,SEM VÍTIMA,CANCELADA,ESTANCIA,AV DR JOSE RUFINO,,IGREJA SANTA LUZIA / MAXIMUS SUPLEMENTOS,ESTANCIA,,COLISÃO FRONTAL,2,0,0,0,0,0,0,0,0
2008,202318051,2023-08-06 0:00:00,7:10:00,COM VÍTIMA,CANCELADA,COQUEIRAL,RUA LINHA NOVA,,PROXIMO A ESTAÇÃO CONQUEIRAL,COQUEIRAL,,COLISÃO FRONTAL,1,1,0,0,0,0,0,1,0
2009,202318054,2023-08-06 0:00:00,9:50:00,COM VÍTIMA,CANCELADA,PINA,AV ENGENHEIRO DOMINGOS FERREIRA,,PRÓXIMO À MEDICAL CENTER,PINA,,COLISÃO LATERAL,1,1,0,0,0,0,0,1,0
2010,202318057,2023-08-06 0:00:00,10:29:00,COM VÍTIMA,CANCELADA,BOMBA DO HEMETERIO,RUA BOMBA DO HEMETERIO,,PRÍXIMO À SEDE DO CLUBE ABANADORES DO ARRUDA,BOMBA DO HEMETERIO,,COLISÃO LATERAL,1,1,0,0,0,0,0,1,0
2011,202318058,2023-08-06 0:00:00,11:38:00,COM VÍTIMA,CANCELADA,IBURA,,,"RUA BARÃO DE TIMBAÚBA (NÃO CADASTRADA NA PLANILHA) ENTRANDO NA TERCEIRA RUA, APÓS O POSTO POLICIAL DA AV DOM HELDER CÂMARA",IBURA,,COLISÃO LATERAL,1,1,0,0,0,0,0,1,0
2012,202318063,2023-08-07 0:00:00,7:03:00,COM VÍTIMA,FINALIZADA,CASA AMARELA,AV NORTE MIGUEL ARRAES DE ALENCAR,,NA ENTRADA DA MANGABEIRA SENTIDO CIDADE,CASA AMARELA,,COLISÃO LATERAL,0,1,0,0,0,0,0,1,0
2013,202318068,2023-08-07 0:00:00,7:45:00,COM VÍTIMA,FINALIZADA,JARDIM SAO PAULO,AV LIBERDADE,,EM FRENTE AO COND VILA JARDIM E A VIDRAÇARIA,JARDIM SAO PAULO,,COLISÃO TRANSVERSAL,0,1,0,0,0,0,0,1,0
2014,202318082,2023-08-07 0:00:00,8:47:00,COM VÍTIMA,FINALIZADA,BOA VIAGEM,AV BOA VIAGEM,,HA 500 METROS DO HOSPITAL DA AERONAUTICA,BOA VIAGEM,,COLISÃO TRASEIRA,1,1,0,0,0,0,0,1,0
2015,202318097,2023-08-07 0:00:00,10:37:00,COM VÍTIMA,FINALIZADA,IMBIRIBEIRA,AV MARECHAL MASCARENHAS DE MORAES,,EM FRENTE A FACULDADE,IMBIRIBEIRA,,ATROPELAMENTO DE PESSOA,1,0,0,1,0,0,0,1,0
2016,202318107,2023-08-07 0:00:00,11:54:00,COM VÍTIMA,FINALIZADA,IBURA,AV DOIS RIOS,,LABORATORIO GILSOM CIDRIM,IBURA,,COLISÃO LATERAL,1,1,0,0,0,0,0,1,0
2017,202318127,2023-08-07 0:00:00,6:27:00,COM VÍTIMA,FINALIZADA,LINHA DO TIRO,RUA SANTA MERCEDES,,"NA SUBIDA DA GONZAGA RECEPÇÕES, PX AO N144",LINHA DO TIRO,,COLISÃO FRONTAL,0,1,0,0,0,0,0,1,0
2018,202318128,2023-08-07 0:00:00,6:42:00,COM VÍTIMA,FINALIZADA,IPSEP,RUA PROFESSOR JOSE VICENTE,,NA RUA DO CANAL PROX AO MERCADINHO CONVENÇÃO,IPSEP,,COLISÃO FRONTAL,0,1,0,0,0,0,0,1,0
2019,202318135,2023-08-07 0:00:00,8:33:00,COM VÍTIMA,FINALIZADA,IPUTINGA,AV MAURICIO DE NASSAU,EST DO BARBALHO,,IPUTINGA,,COLISÃO LATERAL,0,1,1,0,0,0,0,1,0
2020,202318149,2023-08-08 0:00:00,7:21:00,COM VÍTIMA,FINALIZADA,SAN MARTIN,AV GENERAL SAN MARTIN,,PROX A CAVALARIA // NA LOMBADA ELETRONICA,SAN MARTIN,,COLISÃO LATERAL,0,1,0,0,0,0,0,1,0
2021,202318155,2023-08-08 0:00:00,7:37:00,COM VÍTIMA,FINALIZADA,BOA VIAGEM,AVENIDA CELSO FURTADO (VIA MANGUE),,,BOA VIAGEM,,COLISÃO TRASEIRA,0,0,0,0,0,0,0,1,0
2022,202318156,2023-08-08 0:00:00,7:43:00,COM VÍTIMA,FINALIZADA,CASA FORTE,RUA LEONARDO BEZERRA CAVALCANTE,,HOSPITAL MARIA LUCINDA // PET SHOOP,CASA FORTE,,COLISÃO LATERAL,1,1,0,0,0,0,0,1,0
2023,202318157,2023-08-08 0:00:00,7:55:00,COM VÍTIMA,FINALIZADA,SAN MARTIN,AV GENERAL SAN MARTIN,,PROXIMO A CAVALARIA,SAN MARTIN,,COLISÃO LATERAL,0,1,0,0,0,0,0,1,0
2024,202318160,2023-08-08 0:00:00,8:00:00,COM VÍTIMA,FINALIZADA,IBURA,AV DOIS RIOS,,PROXIMO A FARMACIA DIARIAMENTE E PROX A FARMACIA IDEPENDENTE,IBURA,,COLISÃO LATERAL,0,1,0,0,0,0,0,1,0
2025,202318163,2023-08-08 0:00:00,8:15:00,COM VÍTIMA,FINALIZADA,PINA,AV ENGENHEIRO DOMINGOS FERREIRA,,PROX AO MULTI POSTO / E AO HOTEL IBIS,PINA,,COLISÃO LATERAL,1,1,0,0,0,0,0,1,0
2026,202318170,2023-08-08 0:00:00,10:07:00,COM VÍTIMA,FINALIZADA,BAIRRO DO RECIFE,AV BARBOSA LIMA,,PROX AO SOF PET,BAIRRO DO RECIFE,,COLISÃO LATERAL,0,1,0,0,0,0,0,1,0
2027,202318174,2023-08-08 0:00:00,10:06:00,COM VÍTIMA,FINALIZADA,SAN MARTIN,AV JOAO CABRAL DE MELO NETO,RUA TENENTE MINDELO,,SAN MARTIN,,COLISÃO LATERAL,0,2,0,0,0,0,0,1,0
2028,202318206,2023-08-08 0:00:00,3:01:00,COM VÍTIMA,FINALIZADA,BEBERIBE,AV BEBERIBE,,EM FRENTE A FERREIRA PINTO,BEBERIBE,,COLISÃO LATERAL,0,1,0,0,0,0,0,1,0
2029,202318209,2023-08-08 0:00:00,4:20:00,COM VÍTIMA,FINALIZADA,BOA VISTA,RUA DA AURORA,RUA PRINCESA IZABEL,,BOA VISTA,,COLISÃO TRASEIRA,0,2,0,0,0,0,0,1,0
2030,202318210,2023-08-08 0:00:00,4:32:00,COM VÍTIMA,FINALIZADA,IBURA,AV DOIS RIOS,,PROX AO SESI E A CLINICA ODONTO MEDIC,IBURA,,COLISÃO LATERAL,0,1,0,0,0,0,0,1,0
2031,202318211,2023-08-08 0:00:00,4:33:00,COM VÍTIMA,FINALIZADA,SAO JOSE,RUA IMPERADOR PEDRO SEGUNDO,,PROX A LOJA FERRO E AÇO,SAO JOSE,,COLISÃO LATERAL,0,1,0,0,0,0,0,1,0