_id,Protocolo,data,hora,natureza,situacao,bairro,endereco,detalhe_endereco_acidente,complemento,bairro_cruzamento,sentido_via,tipo,auto,moto,ciclista,pedestre,onibus,caminhao,viatura,vitimas,vitimasfatais
2129,202318901,2023-08-16 0:00:00,1:20:00,COM VÍTIMA,FINALIZADA,CAXANGA,AV JOAQUIM RIBEIRO,,EM FRENTE AO POSTO DISLUB,CAXANGA,,COLISÃO LATERAL,0,0,0,0,0,0,0,1,0
2130,202318912,2023-08-16 0:00:00,6:54:00,COM VÍTIMA,FINALIZADA,SANTO AMARO,AV GOVERNADOR AGAMENON MAGALHAES,,EM FRENTE A FABRICA TACARUNA,SANTO AMARO,,COLISÃO LATERAL,0,1,0,0,0,0,0,1,0
2131,202318918,2023-08-16 0:00:00,8:05:00,COM VÍTIMA,FINALIZADA,TAMARINEIRA,RUA CONEGO BARATA,AV CONS ROSA E SILVA,ANTES DO SINAL 061 COMENDORIA DA PIZZA,TAMARINEIRA,,COLISÃO FRONTAL,1,1,0,0,0,0,0,1,0
2132,202318939,2023-08-16 0:00:00,10:45:00,COM VÍTIMA,FINALIZADA,BOA VISTA,RUA DA SOLEDADE,,EM FRENTE AO ALTINO VENTURA,BOA VISTA,,COLISÃO FRONTAL,2,0,0,0,0,0,0,1,0
2133,202318954,2023-08-16 0:00:00,12:45:00,COM VÍTIMA,FINALIZADA,MUSTARDINHA,AV MANOEL GONCALVES DA LUZ,,PROX A FARMACIA INDEPENDENTE / PROX A PRAÇA DO ABC,MUSTARDINHA,,COLISÃO FRONTAL,1,1,0,0,0,0,0,1,0
2134,202318955,2023-08-16 0:00:00,12:55:00,COM VÍTIMA,FINALIZADA,CAMPO GRANDE,RUA FARIAS NEVES,,PROX A PRAÇA DE CAMPO GRANDE,CAMPO GRANDE,,COLISÃO LATERAL,1,1,0,0,0,0,0,2,0
2135,202318970,2023-08-16 0:00:00,3:50:00,COM VÍTIMA,FINALIZADA,IMBIRIBEIRA,AV MARECHAL MASCARENHAS DE MORAES,,LADO OPOSTO À FERREIRA COSTA,IMBIRIBEIRA,,COLISÃO LATERAL,0,1,0,0,0,0,0,1,0
2136,202318972,2023-08-16 0:00:00,4:09:00,COM VÍTIMA,DUPLICIDADE,IMBIRIBEIRA,AV MARECHAL MASCARENHAS DE MORAES,,E/F A FERREIRA COSTA,IMBIRIBEIRA,,COLISÃO LATERAL,0,0,0,0,0,0,0,1,0
2137,202318974,2023-08-16 0:00:00,4:18:00,COM VÍTIMA,FINALIZADA,ARRUDA,AV BEBERIBE,,SEMÁFORO 492,ARRUDA,,COLISÃO LATERAL,1,1,0,0,0,0,0,1,0
2138,202318976,2023-08-16 0:00:00,4:47:00,COM VÍTIMA,FINALIZADA,IMBIRIBEIRA,AV PINHEIROS,,E/F AO CONDOMINIO  ILHA  CIRIUS   PROX A LAGOA DO ARAÇA,IMBIRIBEIRA,,COLISÃO LATERAL,0,1,0,0,0,0,0,1,0
2139,202318978,2023-08-16 0:00:00,5:05:00,COM VÍTIMA,FINALIZADA,DOIS IRMAOS,RUA MANUEL DE MEDEIROS,,BIBLIOTECA CENTRAL DA RURAL,DOIS IRMAOS,,COLISÃO LATERAL,0,0,0,0,0,0,0,1,0
2140,202318994,2023-08-16 0:00:00,7:17:00,COM VÍTIMA,CANCELADA,NOVA DESCOBERTA,AV VEREADOR OTACILIO AZEVEDO,,EM FRENTE AO ESPETINHO DO JUCA,NOVA DESCOBERTA,,COLISÃO FRONTAL,1,1,0,0,0,0,0,1,0
2141,202318995,2023-08-16 0:00:00,7:21:00,COM VÍTIMA,CANCELADA,ESPINHEIRO,AV GOVERNADOR AGAMENON MAGALHAES,,PROXIMO AO VIADUTO DA AV. JOÃO DE BARROS,ESPINHEIRO,,COLISÃO FRONTAL,1,1,0,0,0,0,0,1,0
2142,202318999,2023-08-16 0:00:00,11:39:00,COM VÍTIMA,CANCELADA,JARDIM SAO PAULO,,,"- RUA TAVARES DE HOLANDA, . - SOBRE O VIADUTO DA AV RECIFE, QUE DAR ACESSO A CEASA.",JARDIM SAO PAULO,,COLISÃO FRONTAL,0,1,0,0,0,0,0,1,0
2143,202319000,2023-08-17 0:00:00,1:41:00,COM VÍTIMA,FINALIZADA,CASA AMARELA,EST DO ARRAIAL,,DEPOIS DA LOJA FERREIRA COSTA,CASA AMARELA,,COLISÃO LATERAL,0,1,0,0,0,1,0,1,0
2144,202319001,2023-08-17 0:00:00,2:01:00,COM VÍTIMA,FINALIZADA,CURADO,,,"PROX. DA JUSTIÇA FEDERAL, NO SENTIDO CEASA",CURADO,,COLISÃO FRONTAL,1,1,0,0,0,0,0,1,0
2145,202319002,2023-08-17 0:00:00,2:13:00,COM VÍTIMA,FINALIZADA,SANTO AMARO,AV NORTE MIGUEL ARRAES DE ALENCAR,RUA TREZE DE MAIO,,SANTO AMARO,,COLISÃO LATERAL,1,1,0,0,0,0,0,1,0
2146,202319003,2023-08-17 0:00:00,2:45:00,COM VÍTIMA,FINALIZADA,SANTO AMARO,RUA DA AURORA,,EM FRENTE A ESCULTURA (TORTURA NUNCA MAIS),SANTO AMARO,,CHOQUE,1,0,0,0,0,0,0,1,0
2147,202319010,2023-08-17 0:00:00,6:45:00,COM VÍTIMA,FINALIZADA,VARZEA,RUA PROFESSOR ANTONIO COELHO,RUA JOAO SALES MENEZES,NO SEMAFORO 651,VARZEA,,COLISÃO LATERAL,2,0,0,0,0,0,0,1,0
2148,202319015,2023-08-17 0:00:00,7:21:00,COM VÍTIMA,FINALIZADA,SANTO AMARO,AV CRUZ CABUGA,,EM FRENTE AO HOSPITAL DE SANTO AMARO,SANTO AMARO,,ATROPELAMENTO DE PESSOA,0,1,0,1,0,0,0,1,0
2149,202319016,2023-08-17 0:00:00,7:43:00,COM VÍTIMA,FINALIZADA,ARRUDA,AV BEBERIBE,,EM FRENTE AO CANAL DA CONSTRUÇÃO,ARRUDA,,COLISÃO FRONTAL,1,1,0,0,0,0,0,1,0
2150,202319041,2023-08-17 0:00:00,10:25:00,COM VÍTIMA,FINALIZADA,SANTO AMARO,AV CRUZ CABUGA,,EM FRENTE AO HOSPITAL NAVAL,SANTO AMARO,,COLISÃO LATERAL,0,1,0,0,1,0,0,1,0
2151,202319049,2023-08-17 0:00:00,11:03:00,SEM VÍTIMA,FINALIZADA,CASA AMARELA,EST DO ARRAIAL,,EM FRENTE AO GOPSITAL AGAMENON MAGALHAES,CASA AMARELA,,COLISÃO LATERAL,2,0,0,0,0,0,0,0,0
2152,202319050,2023-08-17 0:00:00,11:16:00,COM VÍTIMA,FINALIZADA,AGUA FRIA,EST VELHA DE AGUA FRIA,,EM FRENTE AO DENOX,AGUA FRIA,,COLISÃO LATERAL,0,1,0,0,0,0,0,1,0
2153,202319069,2023-08-17 0:00:00,1:11:00,COM VÍTIMA,FINALIZADA,BOA VISTA,AV CONDE DA BOA VISTA,RUA DOM BOSCO,E/F A EMLURB,BOA VISTA,,COLISÃO LATERAL,0,1,0,0,0,0,0,1,0
2154,202319077,2023-08-17 0:00:00,2:33:00,COM VÍTIMA,FINALIZADA,TORRE,RUA MARQUES DE MARICA,,PROX A PRAÇA BARRETO DE CAMPELO,TORRE,,COLISÃO LATERAL,0,1,0,0,0,0,0,1,0
2155,202319092,2023-08-17 0:00:00,5:09:00,COM VÍTIMA,FINALIZADA,CORREGO DO JENIPAPO,AV DA RECUPERACAO,,PROX A UPA,CORREGO DO JENIPAPO,,COLISÃO TRASEIRA,1,1,0,0,0,0,0,1,0
2156,202319110,2023-08-17 0:00:00,9:17:00,COM VÍTIMA,CANCELADA,IMBIRIBEIRA,RUA ITACARI,,PRÓXIMO AO BANCO ITAÚ,IMBIRIBEIRA,,COLISÃO TRANSVERSAL,0,1,0,0,0,0,0,1,0
2157,202319112,2023-08-17 0:00:00,9:19:00,COM VÍTIMA,FINALIZADA,BOA VIAGEM,AV BOA VIAGEM,,EM FRENTE AO QUIOSQUE 53 E EDF. EL GRECO,BOA VIAGEM,,COLISÃO LATERAL,1,1,0,0,0,0,0,1,0
2158,202319114,2023-08-17 0:00:00,10:41:00,COM VÍTIMA,CANCELADA,BOA VIAGEM,RUA CRUZEIRO DO FORTE,,PROXIMO AO SINDICATO DOS AEROVIÁRIOS,BOA VIAGEM,,COLISÃO LATERAL,1,1,0,0,0,0,0,1,0
2159,202319132,2023-08-18 0:00:00,7:23:00,COM VÍTIMA,FINALIZADA,ENCRUZILHADA,AV BEBERIBE,,EM FRENTE AO POSTO DE GASOLINA SHELL / PROX A FARMACIA DROGASIL,ENCRUZILHADA,,COLISÃO FRONTAL,0,1,0,0,0,0,0,1,0
2160,202319135,2023-08-18 0:00:00,7:38:00,COM VÍTIMA,FINALIZADA,CAMPO GRANDE,RUA ODORICO MENDES,,EM FRENTE AO STTYLLO SUPERMERCADO / PROX A CENTRAL DE F,CAMPO GRANDE,,COLISÃO FRONTAL,0,0,0,0,0,0,0,1,0
2161,202319138,2023-08-18 0:00:00,7:59:00,COM VÍTIMA,FINALIZADA,JARDIM SAO PAULO,AV LIBERDADE,,PROX A ANTIGA DELEGACIA ROUBOS E FURTOS,JARDIM SAO PAULO,,COLISÃO LATERAL,0,1,0,0,0,0,0,1,0
2162,202319139,2023-08-18 0:00:00,8:00:00,COM VÍTIMA,FINALIZADA,ESTANCIA,AV RECIFE,,EM FRENTE AO RESTAURANTE PICANHA REAL / PROX AO POSTO SHELL. SENTIDO  SAN MARTINS,ESTANCIA,,COLISÃO LATERAL,0,1,0,0,0,0,0,1,0
2163,202319143,2023-08-18 0:00:00,8:37:00,COM VÍTIMA,FINALIZADA,TEJIPIO,AV LIBERDADE,,PROX AO CEMITERIO PARQUE DAS FLORES,TEJIPIO,,COLISÃO TRANSVERSAL,1,1,0,0,0,0,0,1,0
2164,202319149,2023-08-18 0:00:00,9:21:00,COM VÍTIMA,FINALIZADA,IPSEP,AV RECIFE,,EM FRENTE A LOJA PNUS DAIVE SERNTIDO HOSPITAL GERAL DE AREIAS,IPSEP,,COLISÃO TRASEIRA,0,1,0,0,0,0,0,1,0
2165,202319168,2023-08-18 0:00:00,11:05:00,COM VÍTIMA,FINALIZADA,BARRO,AV DR JOSE RUFINO,,PROX A IGREJA CATOLICA / E PROX A ESCOLA IMACULADA CONCEIÇÃO,BARRO,,COLISÃO LATERAL,0,1,0,0,0,0,0,1,0
2166,202319174,2023-08-18 0:00:00,11:44:00,COM VÍTIMA,FINALIZADA,VASCO DA GAMA,RUA PIRIZAL,,"PROX A OFICINA MARCELO MOTOS , SEGUINDO PELA AV NORTE , SUBINDO O ALTO DO EUCALPTO PRIMEIRA RUA A DIREITA",VASCO DA GAMA,,QUEDA,0,1,0,0,0,0,0,1,0
2167,202319181,2023-08-18 0:00:00,12:24:00,COM VÍTIMA,FINALIZADA,MADALENA,RUA JOSE OSORIO,,EM FRENTE A AUTO CAR / PROX A CONCERSIONARIASR KALANGO,MADALENA,,COLISÃO LATERAL,1,1,0,0,0,0,0,1,0
2168,202319183,2023-08-18 0:00:00,12:27:00,COM VÍTIMA,FINALIZADA,CORDEIRO,AV MAURICIO DE NASSAU,,PROX AO POSTO DE SAUDE JOSE DUSTAN / EMFRENTE AO RESTAURANTE AZINHA MASTER,CORDEIRO,,COLISÃO FRONTAL,1,1,0,0,0,0,0,1,0
2169,202319188,2023-08-18 0:00:00,12:54:00,COM VÍTIMA,FINALIZADA,AFOGADOS,EST DOS REMEDIOS,,PROX AO ARMAZEM CORAL /  POSTO PRETONEC,AFOGADOS,,COLISÃO LATERAL,0,1,0,0,0,0,0,1,0
2170,202319189,2023-08-18 0:00:00,1:00:00,COM VÍTIMA,FINALIZADA,BOA VISTA,RUA DO RIACHUELO,,POR TRÁS DO HOSPITAL DO EXERCITO,BOA VISTA,,COLISÃO LATERAL,0,2,0,0,0,0,0,2,0
2171,202319191,2023-08-18 0:00:00,1:17:00,COM VÍTIMA,FINALIZADA,BOA VIAGEM,RUA PADRE CABRAL,,POR TRÁS DO RESTAURANTE TIO PEPI,BOA VIAGEM,,COLISÃO LATERAL,0,1,0,0,0,0,0,1,0
2172,202319192,2023-08-18 0:00:00,1:29:00,SEM VÍTIMA,FINALIZADA,JARDIM SAO PAULO,AV RECIFE,,EM FRENTE A LOJA FUMÊ E PROXIMO AO RESTAURANTE SOMBRA DA MANGUEIRA/ SENTIDO BOA VIAGEM,JARDIM SAO PAULO,,COLISÃO LATERAL,0,2,0,0,0,0,0,0,0
2173,202319199,2023-08-18 0:00:00,1:59:00,COM VÍTIMA,FINALIZADA,PINA,AV REPUBLICA DO LIBANO,,ENTRADA DO RIOMAR,PINA,,COLISÃO FRONTAL,1,1,0,0,0,0,0,1,0
2174,202319200,2023-08-18 0:00:00,2:20:00,COM VÍTIMA,FINALIZADA,PINA,RUA NOGUEIRA DE SOUZA,,PROX A ENTRADA DO SHOPPING RIOMAR,PINA,,COLISÃO LATERAL,0,0,0,0,0,0,0,1,0
2175,202319212,2023-08-18 0:00:00,4:22:00,COM VÍTIMA,FINALIZADA,BOA VIAGEM,AV DES JOSE NEVES,RUA RIBEIRO DE BRITO,PROX AO COLEGIO 2001  E  A OFICINA MARTELINHO DE OURO,BOA VIAGEM,,COLISÃO LATERAL,1,0,0,0,0,0,0,1,0
2176,202319213,2023-08-18 0:00:00,4:23:00,COM VÍTIMA,FINALIZADA,BOA VIAGEM,AV DES JOSE NEVES,,NA SAIDA DO TUNEL,BOA VIAGEM,,COLISÃO TRASEIRA,2,0,0,0,0,0,0,1,0
2177,202319215,2023-08-18 0:00:00,5:07:00,COM VÍTIMA,FINALIZADA,ARRUDA,RUA ANA MAURICIA WANDERLEY,,PROX AO MR CROCK FRANGO FRITO  E A ESCOLA ANA NERY,ARRUDA,,COLISÃO LATERAL,0,0,0,0,0,0,0,1,0
2178,202319218,2023-08-18 0:00:00,5:12:00,COM VÍTIMA,CANCELADA,BOA VISTA,RUA DO RIACHUELO,,E/F AO  COLEGIO PINTO JUNIOR,BOA VISTA,,COLISÃO LATERAL,0,0,0,0,0,0,0,1,0
2179,202319232,2023-08-18 0:00:00,7:45:00,COM VÍTIMA,FINALIZADA,SANTO AMARO,AV GOVERNADOR AGAMENON MAGALHAES,,PRÓXIMO AO POSTO BR - SENTIDO OLINDA,SANTO AMARO,,COLISÃO LATERAL,0,1,0,0,0,0,0,1,0
2180,202319233,2023-08-18 0:00:00,8:19:00,COM VÍTIMA,FINALIZADA,VARZEA,RUA GENERAL POLIDORO,RUA BATINGA,EM A FARMACIA ESPERANÇA,VARZEA,,COLISÃO LATERAL,1,1,0,0,0,0,0,1,0
2181,202319237,2023-08-18 0:00:00,9:04:00,SEM VÍTIMA,FINALIZADA,AREIAS,AV DR JOSE RUFINO,,FARMÁCIA DROGASIL / IGREJA PRESBITERIANA,AREIAS,CIDADE,COLISÃO LATERAL,0,1,0,0,0,0,1,0,0
2182,202319242,2023-08-18 0:00:00,10:20:00,COM VÍTIMA,FINALIZADA,IPUTINGA,AV HISTORIAD JORDAO EMERENCIANO,,PRÓXIMO AO ATACADÃO DA BR 101,IPUTINGA,,COLISÃO LATERAL,0,1,0,0,0,0,0,1,0
2183,202319244,2023-08-19 0:00:00,12:09:00,SEM VÍTIMA,FINALIZADA,TORROES,AV ENGENHEIRO ABDIAS DE CARVALHO,,CIA DA PEÇA,TORROES,SUBURBIO,CHOQUE,2,0,0,0,0,0,1,0,0
2184,202319268,2023-08-19 0:00:00,9:19:00,SEM VÍTIMA,FINALIZADA,IMBIRIBEIRA,AV MARECHAL MASCARENHAS DE MORAES,RUA DR TAVARES CORREIA,PRÓXIMO A LOJA CENTER AÇO,IMBIRIBEIRA,SUBURBIO,COLISÃO,1,0,0,0,0,1,0,0,0
2185,202319274,2023-08-19 0:00:00,12:03:00,COM VÍTIMA,FINALIZADA,TORREAO,AV GOVERNADOR AGAMENON MAGALHAES,,EM FRENTE AO HOSPITAL MANDACARU O POSTO BR NO RETORNO,TORREAO,,COLISÃO LATERAL,1,1,0,0,0,0,0,2,0
2186,202319277,2023-08-19 0:00:00,12:28:00,COM VÍTIMA,FINALIZADA,ARRUDA,AV BEBERIBE,,E/F A LOJA CANAL DA CONSTRUÇAO  E A EMPRESA DE ONIBUS SAO PAULO,ARRUDA,,COLISÃO LATERAL,0,1,0,0,0,0,0,1,0
2187,202319284,2023-08-19 0:00:00,2:21:00,COM VÍTIMA,FINALIZADA,IMBIRIBEIRA,AV MARECHAL MASCARENHAS DE MORAES,,ANTES DO VIADUTO TANCREDO NEVES  S/T CID  NA ENTRADA DA FABRICA SOLOS SANTINI,IMBIRIBEIRA,,CAPOTAMENTO,1,0,0,0,0,0,0,1,0
2188,202319291,2023-08-19 0:00:00,2:58:00,COM VÍTIMA,FINALIZADA,AFOGADOS,RUA SAO MIGUEL,,PROX AO POSTO DE GASOLINA DISLUB  E OS CORREIOS,AFOGADOS,,COLISÃO LATERAL,0,0,0,0,0,0,0,1,0
2189,202319294,2023-08-19 0:00:00,3:27:00,COM VÍTIMA,FINALIZADA,BOA VIAGEM,RUA VISCONDE DE JEQUITINHONHA,,EM FRENTE AO BRITANIC INGLES,BOA VIAGEM,,COLISÃO LATERAL,1,1,0,0,0,0,0,1,0
2190,202319310,2023-08-19 0:00:00,6:20:00,COM VÍTIMA,FINALIZADA,BARRO,AV DR JOSE RUFINO,,EM CIMA DO VIADUTO QUE LIGA A BR 101 E PROX A ESCOLA ALBERTO TORRES,BARRO,,COLISÃO LATERAL,0,1,0,0,0,0,0,1,0
2191,202319311,2023-08-19 0:00:00,6:21:00,COM VÍTIMA,FINALIZADA,SANTO AMARO,RUA DA AURORA,,PROX A PONTO DO LIMOEIRO E PROX A CHEVROLET E  A TV UNIVERSITARIA,SANTO AMARO,,COLISÃO LATERAL,0,1,0,0,0,0,0,1,0
2192,202319312,2023-08-19 0:00:00,6:30:00,COM VÍTIMA,FINALIZADA,CAXANGA,AV CAXANGA,AV GENERAL SAN MARTIN,PROX A ESTÇÃO DO TERMINAL DE GETULIO VARGAS,CAXANGA,,COLISÃO COM CICLISTA,1,0,1,0,0,0,0,1,0
2193,202319314,2023-08-19 0:00:00,6:56:00,COM VÍTIMA,FINALIZADA,PAISSANDU,RUA PAISSANDU,AV GOVERNADOR AGAMENON MAGALHAES,,PAISSANDU,,COLISÃO TRANSVERSAL,1,1,0,0,0,0,0,1,0
2194,202319317,2023-08-19 0:00:00,7:28:00,COM VÍTIMA,FINALIZADA,BOA VIAGEM,RUA COSMORAMA,,EM FRENTE AO CLUBE DAS AGUIAS,BOA VIAGEM,,COLISÃO FRONTAL,1,1,0,0,0,0,0,1,0
2195,202319318,2023-08-19 0:00:00,7:36:00,COM VÍTIMA,FINALIZADA,SAN MARTIN,AV GENERAL SAN MARTIN,,EM FRENTE A CAVALARIA,SAN MARTIN,,COLISÃO TRANSVERSAL,0,1,0,0,0,0,0,1,0
2196,202319321,2023-08-19 0:00:00,9:25:00,COM VÍTIMA,FINALIZADA,TORRE,RUA MELQUISEDEQUE DE LIMA,,EM FRENTE DO FRUTE VERDE,TORRE,,COLISÃO LATERAL,0,1,0,0,0,0,0,1,0
2197,202319326,2023-08-20 0:00:00,1:38:00,COM VÍTIMA,FINALIZADA,BOA VIAGEM,RUA VISCONDE DE JEQUITINHONHA,,EM FRENTE AO BAR VILA SETÚBAL,BOA VIAGEM,,COLISÃO FRONTAL,0,0,0,0,0,0,0,1,0
2198,202319364,2023-08-20 0:00:00,12:00:00,COM VÍTIMA,FINALIZADA,IMBIRIBEIRA,RUA MARIA VICENTINA DA SILVA,,APOS A FACULDADE BOA VIAGEM SEGUNDA RUA A DIREITA,IMBIRIBEIRA,,COLISÃO TRASEIRA,1,0,0,0,1,0,0,1,0
2199,202319368,2023-08-20 0:00:00,1:41:00,COM VÍTIMA,FINALIZADA,BOA VISTA,AV GOVERNADOR AGAMENON MAGALHAES,,EM FRENTE AO HOSPITAL MEMORIAL SÃO JOSE,BOA VISTA,,COLISÃO LATERAL,0,1,0,0,0,0,0,1,0
2200,202319378,2023-08-20 0:00:00,4:03:00,COM VÍTIMA,FINALIZADA,BOA VIAGEM,RUA JOAO CARDOSO AIRES,,PROXIMO AO RECIBOM,BOA VIAGEM,,COLISÃO LATERAL,1,1,0,0,0,0,0,1,0
2201,202319384,2023-08-20 0:00:00,5:26:00,COM VÍTIMA,FINALIZADA,IBURA,RUA PARNARAMA,,PROXIMO A ECO ESTAÇÃO E AO COLEGIO CRISTIANO CORDEIRO,IBURA,,COLISÃO LATERAL,0,1,0,0,0,0,0,1,0
2202,202319402,2023-08-20 0:00:00,9:40:00,COM VÍTIMA,FINALIZADA,CAXANGA,AV CAXANGA,,EM FRENTE AO COMPAZ MIGUEL ARRAES,CAXANGA,,ATROPELAMENTO DE PESSOA,2,0,0,2,0,0,0,2,0
2203,202319404,2023-08-20 0:00:00,10:27:00,COM VÍTIMA,FINALIZADA,SANTO AMARO,AV GOVERNADOR AGAMENON MAGALHAES,,"PROXIMO AO VIADUTO DA AV NORTE, E POSTO DE GASOLINA PETROBRÁS",SANTO AMARO,,COLISÃO LATERAL,0,1,0,0,0,0,0,1,0
2204,202319406,2023-08-20 0:00:00,10:40:00,COM VÍTIMA,FINALIZADA,MADALENA,RUA JOSE OSORIO,AV VISCONDE DE ALBUQUERQUE,EM FRENTE A EXTRA FARMA,MADALENA,,COLISÃO LATERAL,0,2,0,0,0,0,0,1,0
2205,202319414,2023-08-21 0:00:00,6:22:00,COM VÍTIMA,FINALIZADA,IBURA,RUA RIO XINGU,,EM FRENTE A PADARIA PAN ZILDA,IBURA,,COLISÃO LATERAL,0,1,0,0,0,0,0,1,0
2206,202319415,2023-08-21 0:00:00,6:37:00,COM VÍTIMA,FINALIZADA,APIPUCOS,RUA DE APIPUCOS,RUA CORONEL JOAO BATISTA DO REGO BARROS,PROX. AO POSTO DE SAUDE SÃO JOAO,APIPUCOS,,COLISÃO LATERAL,1,1,0,0,0,0,0,1,0
2207,202319417,2023-08-21 0:00:00,7:11:00,COM VÍTIMA,FINALIZADA,IMBIRIBEIRA,AVENIDA CELSO FURTADO (VIA MANGUE),,COMPLEXO DO VIDUTO ENG. ANTONIO DE QUIEROS GALVÃO,IMBIRIBEIRA,,QUEDA,0,1,0,0,0,0,0,2,0
2208,202319418,2023-08-21 0:00:00,7:16:00,COM VÍTIMA,FINALIZADA,BOA VISTA,RUA GONCALVES MAIA,,PROX AO CONSULADO AMERICANO,BOA VISTA,,COLISÃO FRONTAL,0,1,0,0,0,0,0,1,0
2209,202319421,2023-08-21 0:00:00,7:44:00,SEM VÍTIMA,FINALIZADA,BOA VIAGEM,RUA VISCONDE DE JEQUITINHONHA,,APÓS A CAPELA DE NOSSA SRA DO LORETO,BOA VIAGEM,SUBURBIO,COLISÃO TRASEIRA,3,0,0,0,0,0,0,0,0
2210,202319433,2023-08-21 0:00:00,9:32:00,COM VÍTIMA,DUPLICIDADE,IMBIRIBEIRA,AV MARECHAL MASCARENHAS DE MORAES,,EM FRENTE A TOYLEX /PROX A VIADUTO,IMBIRIBEIRA,,COLISÃO LATERAL,1,0,0,0,0,0,0,1,0
2211,202319435,2023-08-21 0:00:00,9:44:00,COM VÍTIMA,FINALIZADA,IMBIRIBEIRA,AV MARECHAL MASCARENHAS DE MORAES,,TOYOLEX,IMBIRIBEIRA,,COLISÃO TRASEIRA,2,0,0,0,0,0,0,1,0
2212,202319437,2023-08-21 0:00:00,10:03:00,COM VÍTIMA,FINALIZADA,JOANA BEZERRA,VIADUTO CAPITAO TEMUDO,,SOBRE VIADUTO NO SENTIDO OLINDA / ANTES DO HOSPITAL PORTUGUÊS,JOANA BEZERRA,,COLISÃO FRONTAL,0,1,0,0,0,0,0,1,0
2213,202319439,2023-08-21 0:00:00,10:09:00,COM VÍTIMA,FINALIZADA,SANTO AMARO,AV GOVERNADOR AGAMENON MAGALHAES,,"NA DESCIDA DO VIADUTO AO LADO DO SHOPPING TACARUNA, SENT. BOA VIAGEM",SANTO AMARO,,COLISÃO LATERAL,0,1,0,0,0,0,0,1,0
2214,202319441,2023-08-21 0:00:00,10:19:00,COM VÍTIMA,FINALIZADA,SANTO AMARO,AV CRUZ CABUGA,,E/F ASSEMBLEIA DE DEUS,SANTO AMARO,,COLISÃO TRASEIRA,1,1,0,0,0,0,0,1,0
2215,202319442,2023-08-21 0:00:00,10:23:00,COM VÍTIMA,FINALIZADA,PRADO,AV ENGENHEIRO ABDIAS DE CARVALHO,,PROX. A HABIB´S,PRADO,,COLISÃO LATERAL,0,1,0,0,0,0,0,1,0
2216,202319445,2023-08-21 0:00:00,10:56:00,COM VÍTIMA,FINALIZADA,TAMARINEIRA,AV CONS ROSA E SILVA,,POSTO SHEL,TAMARINEIRA,,COLISÃO LATERAL,1,0,1,0,0,0,0,1,0
2217,202319447,2023-08-21 0:00:00,11:06:00,COM VÍTIMA,FINALIZADA,IPUTINGA,AV CAXANGA,,EM FRENTE A LOJA DE VEICULOS SM PRIME / EM FRENTE DA ESTAÇÃO BRT PARQUE DO CORDEIRO,IPUTINGA,,COLISÃO FRONTAL,0,1,0,0,0,0,0,1,0
2218,202319458,2023-08-21 0:00:00,1:19:00,COM VÍTIMA,FINALIZADA,ILHA DO RETIRO,AV ENGENHEIRO ABDIAS DE CARVALHO,,DE FRENTE A LOJA DO SPORT,ILHA DO RETIRO,,COLISÃO TRASEIRA,1,1,0,0,0,0,0,1,0
2219,202319473,2023-08-21 0:00:00,4:34:00,COM VÍTIMA,FINALIZADA,AGUA FRIA,RUA NAZARE,,PROXIMO AO MERCADO PUBLICO DE ÁGUA FRIA E PROXIMO A NEXOS TELECON,AGUA FRIA,,COLISÃO LATERAL,0,1,0,0,0,0,0,1,0
2220,202319475,2023-08-21 0:00:00,12:00:00,COM VÍTIMA,FINALIZADA,BONGI,AV ENGENHEIRO ABDIAS DE CARVALHO,,PROXIMO AO TROCÃO E PROXIMO AO SR AUTO PEÇAS,BONGI,,CHOQUE,1,0,0,0,0,0,0,1,0
2221,202319478,2023-08-21 0:00:00,6:25:00,COM VÍTIMA,FINALIZADA,BOA VIAGEM,AV CONSELHEIRO AGUIAR,,SEMÁFORO 005,BOA VIAGEM,,COLISÃO LATERAL,1,1,0,0,0,0,0,1,0
2222,202319481,2023-08-21 0:00:00,6:51:00,COM VÍTIMA,FINALIZADA,MANGABEIRA,AV NORTE MIGUEL ARRAES DE ALENCAR,,SESC CASA AMARELA,MANGABEIRA,,COLISÃO LATERAL,0,0,0,0,0,0,0,1,0
2223,202319489,2023-08-21 0:00:00,8:31:00,COM VÍTIMA,FINALIZADA,MADALENA,RUA REAL DA TORRE,,PROXIMO À ESCOLA JOAQUIM TÁVORA E AO TÚNEL DA ABOLIÇÃO,MADALENA,,COLISÃO LATERAL,1,1,0,0,0,0,0,1,0
2224,202319490,2023-08-21 0:00:00,8:31:00,COM VÍTIMA,FINALIZADA,BOA VISTA,RUA DOM BOSCO,,PROXIMO AO SAMU,BOA VISTA,,COLISÃO LATERAL,1,1,0,0,0,0,0,1,0