_id,Protocolo,data,hora,natureza,situacao,bairro,endereco,detalhe_endereco_acidente,complemento,bairro_cruzamento,sentido_via,tipo,auto,moto,ciclista,pedestre,onibus,caminhao,viatura,vitimas,vitimasfatais
2225,202319492,2023-08-21 0:00:00,9:04:00,COM VÍTIMA,FINALIZADA,SANTO AMARO,AV GOVERNADOR AGAMENON MAGALHAES,,PROX AO POSTO DE COMBUSTÍVEL DISLUB,SANTO AMARO,SUBURBIO,COLISÃO LATERAL,0,2,0,0,0,0,0,1,0
2226,202319493,2023-08-21 0:00:00,9:18:00,COM VÍTIMA,FINALIZADA,BARRO,AV DR JOSE RUFINO,,SOBRE O VIADUTO DA BR-101,BARRO,,COLISÃO FRONTAL,0,0,0,0,0,0,0,1,0
2227,202319500,2023-08-22 0:00:00,3:16:00,SEM VÍTIMA,FINALIZADA,SAO JOSE,RUA REALEZA,,AO LADO DO NÚMERO 05,SAO JOSE,CIDADE,CHOQUE,1,0,0,0,0,0,0,0,0
2228,202319503,2023-08-22 0:00:00,6:54:00,COM VÍTIMA,FINALIZADA,SAN MARTIN,AV JOAO CABRAL DE MELO NETO,,RESTAURANTE XODO,SAN MARTIN,,COLISÃO LATERAL,1,1,0,0,0,0,0,1,0
2229,202319515,2023-08-22 0:00:00,7:16:00,COM VÍTIMA,FINALIZADA,IBURA,AV SANTOS,,PX A COMPESA,IBURA,,COLISÃO LATERAL,0,1,0,0,0,0,0,1,0
2230,202319521,2023-08-22 0:00:00,8:32:00,COM VÍTIMA,FINALIZADA,SAN MARTIN,AV GENERAL SAN MARTIN,,PROX A PRAÇA GENERAL SAN MARTIN,SAN MARTIN,,COLISÃO LATERAL,1,1,0,0,0,0,0,1,0
2231,202319526,2023-08-22 0:00:00,9:24:00,SEM VÍTIMA,FINALIZADA,SANTO AMARO,RUA TREZE DE MAIO,,EM FRENTE A ESCOLA ESTADUAL JOSÉ MARIA,SANTO AMARO,,COLISÃO,1,0,0,0,0,0,1,0,0
2232,202319545,2023-08-22 0:00:00,10:41:00,COM VÍTIMA,FINALIZADA,MADALENA,AV CAXANGA,,EM FRENTE AO COMPAZ MIGUEL ARRAES / SENTIDO RECIFE  PROX AO SEMÁFORO,MADALENA,,COLISÃO FRONTAL,0,1,0,0,0,0,0,1,0
2233,202319546,2023-08-22 0:00:00,10:49:00,SEM VÍTIMA,FINALIZADA,BOA VIAGEM,AV CONSELHEIRO AGUIAR,RUA PADRE BERNADINO PESSOA,SEMÁFORO 125 / PROX A FARMACIA SANTA MARIA,BOA VIAGEM,,COLISÃO FRONTAL,2,1,0,0,0,0,0,0,0
2234,202319560,2023-08-22 0:00:00,1:51:00,COM VÍTIMA,FINALIZADA,BOA VIAGEM,AV VINTE DE JANEIRO,,AO LADO DO ANTIGO  GAPAO DA SADIA E A  PROX AO COLEGIO DOURADO  EA FEIJOADA DO LEOPOLDO,BOA VIAGEM,,COLISÃO LATERAL,0,1,0,0,0,0,0,1,0
2235,202319571,2023-08-22 0:00:00,3:34:00,COM VÍTIMA,FINALIZADA,SANTO AMARO,AV GOVERNADOR AGAMENON MAGALHAES,,ENTRADA DO SHOP TACARUNA LADO DA AGAMENON,SANTO AMARO,,COLISÃO LATERAL,1,1,0,0,0,1,0,1,0
2236,202319573,2023-08-22 0:00:00,4:15:00,SEM VÍTIMA,FINALIZADA,AFOGADOS,RUA NICOLAU PEREIRA,,,AFOGADOS,CIDADE,COLISÃO,1,0,0,0,0,0,1,0,0
2237,202319574,2023-08-22 0:00:00,4:25:00,COM VÍTIMA,FINALIZADA,MADALENA,AV CAXANGA,,CENTRAL DAS BATERIAS,MADALENA,,COLISÃO FRONTAL,2,1,1,0,0,0,0,1,0
2238,202319584,2023-08-22 0:00:00,6:31:00,COM VÍTIMA,FINALIZADA,BOA VIAGEM,RUA RIBEIRO DE BRITO,,PROX AO SHOP RECIFE/PADARIA RIO SERGIO,BOA VIAGEM,,COLISÃO LATERAL,1,1,0,0,0,0,0,1,0
2239,202319597,2023-08-22 0:00:00,10:41:00,COM VÍTIMA,FINALIZADA,BOA VISTA,RUA DO PROGRESSO,RUA DAS NINFAS,,BOA VISTA,,COLISÃO FRONTAL,2,0,0,0,0,0,0,1,0
2240,202319612,2023-08-23 0:00:00,8:10:00,COM VÍTIMA,FINALIZADA,AREIAS,AV DR JOSE RUFINO,,NA FRENTE DA IGREJA PREBISTERIANA E COLEGIO INCENTIVO,AREIAS,,COLISÃO LATERAL,0,1,0,0,0,0,0,1,0
2241,202319613,2023-08-23 0:00:00,8:11:00,COM VÍTIMA,FINALIZADA,CASA AMARELA,AV NORTE MIGUEL ARRAES DE ALENCAR,,EM FRENTE A BARRO LIMA,CASA AMARELA,,COLISÃO LATERAL,0,1,0,0,0,0,0,1,0
2242,202319614,2023-08-23 0:00:00,8:11:00,COM VÍTIMA,FINALIZADA,MACAXEIRA,AV NORTE MIGUEL ARRAES DE ALENCAR,,APOS O PARQUE DA MACAXEIRA  PROXIMO A ESCOLA ESTADUAL MARIA AMALIA,MACAXEIRA,,COLISÃO LATERAL,0,1,0,0,0,0,0,1,0
2243,202319628,2023-08-23 0:00:00,9:57:00,COM VÍTIMA,FINALIZADA,BEBERIBE,AV BEBERIBE,,PROX A PIZZARIA REI DO ARUMADINHO PROX A MB RASTREAMENTO,BEBERIBE,,COLISÃO LATERAL,0,1,0,0,0,0,0,1,0
2244,202319641,2023-08-23 0:00:00,12:57:00,COM VÍTIMA,FINALIZADA,CASA AMARELA,AV PEDRO ALLAIN,,PX RETIFICA PADRA E LOJAO DAS CLINICAS,CASA AMARELA,,COLISÃO LATERAL,0,0,0,0,0,0,0,1,0
2245,202319644,2023-08-23 0:00:00,3:11:00,COM VÍTIMA,FINALIZADA,ILHA DO RETIRO,RUA TABAIARES,,POR TRAS DO GINASIO DO SPORT E PROXIMO AO SEBRAE,ILHA DO RETIRO,,COLISÃO LATERAL,0,1,0,0,0,0,0,1,0
2246,202319645,2023-08-23 0:00:00,3:14:00,COM VÍTIMA,FINALIZADA,ILHA DO LEITE,RUA FRANCISCO ALVES,,AO LADO DO HOSPITAL ESPERANÇA E EM FRENTE A CASA LUX OTICA,ILHA DO LEITE,,COLISÃO LATERAL,0,1,0,0,0,0,0,1,0
2247,202319647,2023-08-23 0:00:00,4:31:00,COM VÍTIMA,FINALIZADA,IMBIRIBEIRA,VIADUTO TANCREDO NEVES,,DESCIDA DO VIADUTO,IMBIRIBEIRA,,COLISÃO FRONTAL,1,1,0,0,0,0,0,1,0
2248,202319653,2023-08-23 0:00:00,6:23:00,SEM VÍTIMA,FINALIZADA,BOA VIAGEM,RUA ERNESTO DE PAULA SANTOS,RUA JONATHAS DE VASCONCELOS,EM FRENTE AO POSTO PETROBRAS,BOA VIAGEM,CIDADE,COLISÃO,1,0,0,0,0,1,0,0,0
2249,202319661,2023-08-23 0:00:00,7:30:00,COM VÍTIMA,FINALIZADA,IPSEP,AV RECIFE,,,IPSEP,,COLISÃO LATERAL,0,1,0,0,0,0,0,1,0
2250,202319662,2023-08-23 0:00:00,8:35:00,SEM VÍTIMA,FINALIZADA,SANTO AMARO,RUA ISRAEL FONSECA,,EM FRENTE AO Nº 93,SANTO AMARO,SUBURBIO,COLISÃO,1,1,0,0,0,0,0,0,0
2251,202319665,2023-08-23 0:00:00,10:38:00,COM VÍTIMA,FINALIZADA,BOA VIAGEM,AV CONSELHEIRO AGUIAR,RUA ATLANTICO,JHONY GASTROBAR,BOA VIAGEM,,COLISÃO TRASEIRA,1,1,0,0,0,0,0,1,0
2252,202319668,2023-08-24 0:00:00,12:02:00,COM VÍTIMA,FINALIZADA,PINA,AV HERCULANO BANDEIRA,,PRÓXIMO AO ATACADO DOS PRESENTES,PINA,,COLISÃO LATERAL,1,1,0,0,0,0,0,1,0
2253,202319672,2023-08-24 0:00:00,6:06:00,COM VÍTIMA,FINALIZADA,SANTO AMARO,AV MARIO MELO,,,SANTO AMARO,,COLISÃO TRANSVERSAL,0,2,0,0,0,0,0,2,0
2254,202319707,2023-08-24 0:00:00,12:49:00,SEM VÍTIMA,FINALIZADA,SANTO AMARO,RUA DO POMBAL,PRC DO CAMPO SANTO,SESC DE SANTO AMARO,SANTO AMARO,SUBURBIO,COLISÃO,1,0,0,0,0,0,0,0,0
2255,202319709,2023-08-24 0:00:00,12:56:00,COM VÍTIMA,FINALIZADA,JORDAO,AV MARIA IRENE,,ANTES DO ATACAREJO   EDF JAYME RAMALHO,JORDAO,,COLISÃO FRONTAL,1,1,0,0,0,0,0,2,0
2256,202319711,2023-08-24 0:00:00,1:23:00,COM VÍTIMA,FINALIZADA,DOIS IRMAOS,RUA MANUEL DE MEDEIROS,,EM FRENTE A UFRPE E PROXIMO AO HOSPITAL VETERINARIO DA UFRPE,DOIS IRMAOS,,COLISÃO LATERAL,0,1,0,0,0,0,0,1,0
2257,202319729,2023-08-24 0:00:00,6:07:00,COM VÍTIMA,CANCELADA,DOIS IRMAOS,AV DA RECUPERACAO,,EM FRENTE AO TRADICIONAL CALDO DE CANA / FONTE DA ÁGUA MINERAL NOVA ERA,DOIS IRMAOS,,COLISÃO LATERAL,0,0,0,0,0,0,0,1,0
2258,202319731,2023-08-24 0:00:00,6:44:00,COM VÍTIMA,FINALIZADA,IMBIRIBEIRA,RUA ITAJAI,,MOTEL IMPERIO,IMBIRIBEIRA,,COLISÃO LATERAL,0,1,0,0,0,0,0,1,0
2259,202319739,2023-08-24 0:00:00,7:18:00,COM VÍTIMA,FINALIZADA,CABANGA,AV ENGENHEIRO JOSE ESTELITA,,,CABANGA,CIDADE,COLISÃO LATERAL,0,1,0,0,0,0,0,2,0
2260,202319746,2023-08-24 0:00:00,8:57:00,COM VÍTIMA,FINALIZADA,IBURA,AV DOIS RIOS,RUA RIO XINGU,EM FRENTE AO POSTO BR,IBURA,,COLISÃO FRONTAL,1,1,0,0,0,0,0,2,0
2261,202319749,2023-08-24 0:00:00,10:06:00,COM VÍTIMA,CANCELADA,IBURA,AV DOIS RIOS,,PRÓXIMO À CLÍNICA À CLÍNICA ARNALDO MARQUES,IBURA,,COLISÃO LATERAL,0,1,0,0,0,0,0,1,0
2262,202319751,2023-08-25 0:00:00,12:21:00,COM VÍTIMA,CANCELADA,SANTO AMARO,AV GOVERNADOR AGAMENON MAGALHAES,RUA ODORICO MENDES,PRÓXIMO AO IC E CEPLANC,SANTO AMARO,,COLISÃO TRASEIRA,0,2,0,0,0,0,0,2,0
2263,202319752,2023-08-25 0:00:00,6:29:00,COM VÍTIMA,FINALIZADA,MACAXEIRA,AV NORTE MIGUEL ARRAES DE ALENCAR,,PROX. AO PARQUE E INTEGRAÇÃO DA MACAXEIRA,MACAXEIRA,,COLISÃO LATERAL,0,1,0,0,0,0,0,1,0
2264,202319763,2023-08-25 0:00:00,8:01:00,SEM VÍTIMA,FINALIZADA,DOIS UNIDOS,AV HILDEBRANDO DE VASCONCELOS,,PROX AO DEPOSITO DE BEBIDA ALBURQUEQUE,DOIS UNIDOS,,COLISÃO LATERAL,1,0,0,0,1,0,0,0,0
2265,202319768,2023-08-25 0:00:00,8:30:00,COM VÍTIMA,FINALIZADA,CASA AMARELA,AV NORTE MIGUEL ARRAES DE ALENCAR,,IGREJA DO AMOR,CASA AMARELA,,COLISÃO LATERAL,1,0,1,0,0,0,0,1,0
2266,202319770,2023-08-25 0:00:00,8:56:00,SEM VÍTIMA,FINALIZADA,BOA VISTA,RUA DA SAUDADE,,AO LADO DO EDIFÍCIO MARAJÓ,BOA VISTA,,COLISÃO TRASEIRA,3,0,0,0,0,0,0,0,0
2267,202319780,2023-08-25 0:00:00,11:16:00,COM VÍTIMA,FINALIZADA,BOA VIAGEM,RUA ANTONIO FALCAO,,EMBAIXO DO VIADUTO DA VIA MANGUE,BOA VIAGEM,,COLISÃO LATERAL,0,1,0,0,0,0,0,1,0
2268,202319784,2023-08-25 0:00:00,11:31:00,COM VÍTIMA,FINALIZADA,IMBIRIBEIRA,RUA DUQUE ESTRADA,,"CRUZAMENTO COM A RUA BARAO DE AGUA BRANCA , PROX AO LE PARK",IMBIRIBEIRA,,COLISÃO LATERAL,0,1,0,0,0,0,0,1,0
2269,202319801,2023-08-25 0:00:00,1:50:00,COM VÍTIMA,FINALIZADA,BOA VISTA,RUA PRINCESA IZABEL,,E/F A CAMARA  MUNICIPAL DOS VEREADORES,BOA VISTA,,COLISÃO LATERAL,1,1,0,0,0,0,0,1,0
2270,202319807,2023-08-25 0:00:00,2:26:00,COM VÍTIMA,FINALIZADA,IMBIRIBEIRA,RUA ITAJUBA,,PROX AO PANDEIRÃO E AO ARMAZEM ALICERPE,IMBIRIBEIRA,,COLISÃO LATERAL,0,1,0,0,0,0,0,1,0
2271,202319814,2023-08-25 0:00:00,4:26:00,COM VÍTIMA,FINALIZADA,AFOGADOS,AV SUL,,MARMOARIA,AFOGADOS,,COLISÃO LATERAL,1,0,1,0,0,0,0,1,0
2272,202319819,2023-08-25 0:00:00,5:58:00,COM VÍTIMA,FINALIZADA,NOVA DESCOBERTA,AV VEREADOR OTACILIO AZEVEDO,,PROXIMO A FABRICA DA KINITOS E PROXIMO AO PSF DA VILA DA BOA VISTA,NOVA DESCOBERTA,,COLISÃO LATERAL,0,1,0,0,0,0,0,1,0
2273,202319821,2023-08-25 0:00:00,6:12:00,COM VÍTIMA,FINALIZADA,SANTO AMARO,AV GOVERNADOR AGAMENON MAGALHAES,,JEEP / SENTIDO OLINDA,SANTO AMARO,,COLISÃO LATERAL,0,0,0,0,0,0,0,1,0
2274,202319822,2023-08-25 0:00:00,6:25:00,COM VÍTIMA,FINALIZADA,ARRUDA,AV BEBERIBE,,DE FRENTE AO ESTÁDIO DO SANTA CRUZ,ARRUDA,,COLISÃO LATERAL,0,0,1,0,1,0,0,1,0
2275,202319827,2023-08-25 0:00:00,7:25:00,COM VÍTIMA,FINALIZADA,MADALENA,RUA JOSE OSORIO,,TEXEIRA PRIME,MADALENA,,COLISÃO FRONTAL,0,2,0,0,0,0,0,2,0
2276,202319832,2023-08-25 0:00:00,8:30:00,COM VÍTIMA,CANCELADA,VASCO DA GAMA,RUA DOIS DE FEVEREIRO,,,VASCO DA GAMA,,COLISÃO LATERAL,0,1,0,0,0,0,0,1,0
2277,202319835,2023-08-25 0:00:00,8:36:00,SEM VÍTIMA,FINALIZADA,LINHA DO TIRO,AV ANIBAL BENEVOLO,,BORRACHARIA DO BURRO ANÃ,LINHA DO TIRO,CIDADE,COLISÃO,0,1,0,0,0,0,1,0,0
2278,202319839,2023-08-25 0:00:00,11:27:00,COM VÍTIMA,CANCELADA,BARRO,AV DR JOSE RUFINO,,EM FRENTE AO QUARTEL DO QUARTO BATALHÃO,BARRO,,COLISÃO TRANSVERSAL,0,1,0,0,0,0,0,1,0
2279,202319846,2023-08-26 0:00:00,5:09:00,COM VÍTIMA,FINALIZADA,CAMPO GRANDE,AV GOVERNADOR AGAMENON MAGALHAES,,PRÓXIMO A CENTRAL DE FLAGRANTES,CAMPO GRANDE,CIDADE,COLISÃO FRONTAL,1,1,0,0,0,0,0,1,0
2280,202319859,2023-08-26 0:00:00,7:17:00,COM VÍTIMA,FINALIZADA,ESPINHEIRO,AV GOVERNADOR AGAMENON MAGALHAES,,EMPRESARIAL AGAMENON MAGALHAES,ESPINHEIRO,,COLISÃO TRASEIRA,1,1,0,0,0,0,0,1,0
2281,202319865,2023-08-26 0:00:00,8:16:00,COM VÍTIMA,FINALIZADA,SANTO AMARO,AV GOVERNADOR AGAMENON MAGALHAES,,EM FRENTE A DELEGACIA DE FLAGRANTE,SANTO AMARO,,COLISÃO LATERAL,1,1,0,0,0,0,0,1,0
2282,202319879,2023-08-26 0:00:00,12:00:00,SEM VÍTIMA,FINALIZADA,AFLITOS,AV CONS ROSA E SILVA,,ESTACIONAMENTO INTERNO DO CLUBE NÁUTICO,AFLITOS,SUBURBIO,COLISÃO,1,0,0,0,0,0,1,0,0
2283,202319882,2023-08-26 0:00:00,12:09:00,COM VÍTIMA,FINALIZADA,ENCRUZILHADA,AV NORTE MIGUEL ARRAES DE ALENCAR,,AO LADO DA CONCESSIONARIA RENAULT,ENCRUZILHADA,,COLISÃO TRASEIRA,1,2,0,0,0,0,0,2,0
2284,202319899,2023-08-26 0:00:00,3:22:00,COM VÍTIMA,FINALIZADA,JARDIM SAO PAULO,RUA DR DEVALDO BORGES,,EM FRENTE A FARMACIA PAGUE MENOS E AO CAMPO EL SALVADOR,JARDIM SAO PAULO,,COLISÃO LATERAL,0,1,0,0,0,0,0,1,0
2285,202319902,2023-08-26 0:00:00,3:59:00,COM VÍTIMA,FINALIZADA,AFOGADOS,RUA SAO MIGUEL,,DEPATRI DELEGACIA,AFOGADOS,,COLISÃO FRONTAL,1,1,0,0,0,0,0,1,0
2286,202319903,2023-08-26 0:00:00,4:03:00,SEM VÍTIMA,FINALIZADA,SANTO AMARO,AV GOVERNADOR AGAMENON MAGALHAES,,REITORIA DA UPE,SANTO AMARO,SUBURBIO,COLISÃO,1,0,0,0,0,0,1,0,0
2287,202319913,2023-08-26 0:00:00,6:18:00,COM VÍTIMA,FINALIZADA,AGUA FRIA,RUA CORONEL URBANO RIBEIRO DE SENA,,COMPESA,AGUA FRIA,,COLISÃO LATERAL,0,0,0,0,0,0,0,1,0
2288,202319924,2023-08-26 0:00:00,7:22:00,COM VÍTIMA,FINALIZADA,SANTO AMARO,RUA DOS PALMARES,,E/F AO POSTO MÉDICO JULIÃO - PROXIMO AO PROCAP,SANTO AMARO,,COLISÃO LATERAL,1,1,0,0,0,0,0,1,0
2289,202319932,2023-08-27 0:00:00,12:44:00,COM VÍTIMA,CANCELADA,BOMBA DO HEMETERIO,RUA BOMBA DO HEMETERIO,,EM FRENTE A FARMACIA,BOMBA DO HEMETERIO,,COLISÃO LATERAL,0,1,0,0,0,0,0,1,0
2290,202319959,2023-08-27 0:00:00,10:31:00,COM VÍTIMA,FINALIZADA,IPSEP,AV RECIFE,,EM FRENTE AO RESTAURANTE SAL E BRASA (REGISTRO DA SAMU)/// ANTES DO SEMAFORO DA SAL E BRASA,IPSEP,,COLISÃO LATERAL,1,1,0,0,0,0,0,1,0
2291,202319965,2023-08-27 0:00:00,11:52:00,COM VÍTIMA,FINALIZADA,IMBIRIBEIRA,AV MARECHAL MASCARENHAS DE MORAES,,"EM FRENTE A CONCESSIONARIA CHEVROLET, SENT. AEROPORTO // SENTIDO PRAZERES PROX A FACULDADE UNIVERSO EM FRENTE A CHEVROLET TAMBÉM",IMBIRIBEIRA,,COLISÃO LATERAL,1,1,0,0,0,0,0,1,0
2292,202319987,2023-08-27 0:00:00,4:06:00,SEM VÍTIMA,FINALIZADA,BOA VIAGEM,AV CONSELHEIRO AGUIAR,AV HERCULANO BANDEIRA,AO LADO DO NÚMERO 40 / PRÓXIMO AO SEMÁFORO 138,BOA VIAGEM,CIDADE,COLISÃO TRASEIRA,2,0,0,0,0,0,0,0,0
2293,202320018,2023-08-28 0:00:00,7:23:00,SEM VÍTIMA,FINALIZADA,IPSEP,AV RECIFE,,LADO OPOSTO AO POSTO DE COMBUSTÍVEL FEDERAL,IPSEP,CIDADE,COLISÃO TRASEIRA,2,0,0,0,0,0,0,0,0
2294,202320019,2023-08-28 0:00:00,7:29:00,COM VÍTIMA,FINALIZADA,IBURA,AV SANTOS,,PROXIMO A COMPESA,IBURA,,COLISÃO LATERAL,1,1,0,0,0,0,0,1,0
2295,202320031,2023-08-28 0:00:00,8:15:00,COM VÍTIMA,FINALIZADA,FUNDAO,AV BEBERIBE,AV GEDALHA,PROX A IGREJA QUADRANGULAR,FUNDAO,,COLISÃO COM CICLISTA,0,0,1,0,0,0,0,1,0
2296,202320036,2023-08-28 0:00:00,9:20:00,COM VÍTIMA,FINALIZADA,TORREAO,RUA OTHON PARAISO,,PROX A IGREJA DOS MORMONS / PROX A PRAÇA,TORREAO,,COLISÃO FRONTAL,0,1,0,0,0,0,0,1,0
2297,202320041,2023-08-28 0:00:00,10:05:00,SEM VÍTIMA,FINALIZADA,DOIS UNIDOS,SUB DA MEDALHA MILAGROSA,,IGREJA ASSEMBLEIA DE DEUS,DOIS UNIDOS,,CHOQUE,0,0,0,0,0,0,0,0,0
2298,202320059,2023-08-28 0:00:00,1:41:00,COM VÍTIMA,FINALIZADA,BOA VIAGEM,RUA JOAO CARDOSO AIRES,,COLÉGIO MADRE DE DEUS,BOA VIAGEM,,COLISÃO LATERAL,0,0,0,0,0,0,0,1,0
2299,202320062,2023-08-28 0:00:00,2:23:00,COM VÍTIMA,FINALIZADA,CAXANGA,RUA EMILIANO BRAGA,,TERMINAL DA CDU / ESCOLA CONHECER,CAXANGA,,COLISÃO TRANSVERSAL,0,1,0,0,1,0,0,1,0
2300,202320070,2023-08-28 0:00:00,4:25:00,COM VÍTIMA,FINALIZADA,DERBY,AV GOVERNADOR AGAMENON MAGALHAES,,,DERBY,OLINDA,ATROPELAMENTO DE PESSOA,0,1,0,1,0,0,0,2,0
2301,202320074,2023-08-28 0:00:00,5:06:00,COM VÍTIMA,FINALIZADA,TAMARINEIRA,RUA JOSE DE VASCONCELOS,RUA VISCONDE DE ABAETE,NA FRENTE DO COLEGIO ANGULO DA TAMARINEIRA,TAMARINEIRA,,COLISÃO FRONTAL,0,2,0,0,0,0,0,1,0
2302,202320076,2023-08-28 0:00:00,5:19:00,COM VÍTIMA,FINALIZADA,IMBIRIBEIRA,RUA SARGENTO SILVINO DE MACEDO,,COLÉGIO GGE,IMBIRIBEIRA,,COLISÃO LATERAL,0,0,0,0,0,0,0,1,0
2303,202320077,2023-08-28 0:00:00,5:19:00,COM VÍTIMA,FINALIZADA,CAXANGA,AV CAXANGA,,BOI E BRASA,CAXANGA,,COLISÃO LATERAL,0,0,0,0,0,0,0,1,0
2304,202320081,2023-08-28 0:00:00,5:58:00,COM VÍTIMA,FINALIZADA,JARDIM SAO PAULO,RUA BRAGANCA,,TATU DIESEL,JARDIM SAO PAULO,,COLISÃO LATERAL,0,0,0,0,0,0,0,1,0
2305,202320082,2023-08-28 0:00:00,5:58:00,COM VÍTIMA,FINALIZADA,IMBIRIBEIRA,RUA ALFREDO MARCONDES,,IGREJA DA RECONCILIAÇÃO,IMBIRIBEIRA,,COLISÃO LATERAL,0,0,0,0,0,0,0,1,0
2306,202320090,2023-08-28 0:00:00,7:34:00,COM VÍTIMA,FINALIZADA,IBURA,AV DOIS RIOS,,POLICLINICA ARNALDO MARQUES,IBURA,,CHOQUE,1,1,0,0,0,1,0,1,0
2307,202320095,2023-08-28 0:00:00,8:31:00,COM VÍTIMA,FINALIZADA,IMBIRIBEIRA,AV MARECHAL MASCARENHAS DE MORAES,,AEROPORTO DO RECIFE,IMBIRIBEIRA,,COLISÃO FRONTAL,0,3,0,0,0,0,0,1,0
2308,202320096,2023-08-28 0:00:00,8:48:00,COM VÍTIMA,CANCELADA,JARDIM SAO PAULO,RUA LEANDRO BARRETO,,EM FRENTE A ACADEMIA ARENA,JARDIM SAO PAULO,,COLISÃO FRONTAL,0,1,0,0,0,0,0,1,0
2309,202320098,2023-08-28 0:00:00,10:39:00,COM VÍTIMA,CANCELADA,JOANA BEZERRA,VIADUTO CAPITAO TEMUDO,,SENTIDO OLINDA,JOANA BEZERRA,,COLISÃO LATERAL,0,1,0,0,0,0,0,1,0
2310,202320099,2023-08-29 0:00:00,12:09:00,COM VÍTIMA,FINALIZADA,MADALENA,AV ENGENHEIRO ABDIAS DE CARVALHO,,"EM FRENTE A LANCHONETE BOB""S",MADALENA,,COLISÃO TRANSVERSAL,0,1,0,0,0,0,0,1,0
2311,202320102,2023-08-29 0:00:00,5:36:00,COM VÍTIMA,FINALIZADA,SANTO AMARO,AV GOVERNADOR AGAMENON MAGALHAES,RUA ODORICO MENDES,PRÓXIMO À CEHAB  - SENTIDO BOA VIAGEM,SANTO AMARO,,COLISÃO LATERAL,1,1,0,0,0,0,0,1,0
2312,202320103,2023-08-29 0:00:00,6:47:00,COM VÍTIMA,FINALIZADA,CAXANGA,RUA RIBEIRO PESSOA,,SENT. DOIS IRMÃOS APOS A UPA,CAXANGA,,COLISÃO LATERAL,1,1,0,0,0,0,0,1,0
2313,202320105,2023-08-29 0:00:00,7:30:00,COM VÍTIMA,DUPLICIDADE,CAXANGA,AV CAXANGA,1SB DA JOSELIA,EM FRENTE A UPA,CAXANGA,,COLISÃO LATERAL,0,1,0,0,0,0,0,1,0
2314,202320117,2023-08-29 0:00:00,8:49:00,COM VÍTIMA,FINALIZADA,DOIS IRMAOS,RUA MANUEL DE MEDEIROS,,PROX. A UFRPE E ESCOLA LIONS DE PARNAMIRIM,DOIS IRMAOS,,COLISÃO LATERAL,0,1,0,0,0,0,0,1,0
2315,202320129,2023-08-29 0:00:00,11:23:00,COM VÍTIMA,FINALIZADA,TOTO,RUA JUVENCIO MARQUES DA CUNHA,,EM FRENTE A CAPELINHA SÃO JOSÉ DO TOTO,TOTO,,COLISÃO LATERAL,0,1,0,0,0,0,0,1,0
2316,202320136,2023-08-29 0:00:00,12:21:00,COM VÍTIMA,FINALIZADA,AREIAS,AV RECIFE,,NO SEMAFORO 085  VT 21 NO LOCAL,AREIAS,,COLISÃO LATERAL,1,1,0,0,0,0,0,1,0
2317,202320146,2023-08-29 0:00:00,2:15:00,COM VÍTIMA,FINALIZADA,BEBERIBE,RUA URIEL DE HOLANDA,,PRAÇA DA CONVENÇÃO,BEBERIBE,,COLISÃO LATERAL,0,0,0,0,0,0,0,1,0
2318,202320152,2023-08-29 0:00:00,4:48:00,COM VÍTIMA,FINALIZADA,SANTO AMARO,AV GOVERNADOR AGAMENON MAGALHAES,,PROXIMO AO SHOPPING TACARUNA E ANTES DO ESPAÇO CIÊNCIAS,SANTO AMARO,,COLISÃO LATERAL,0,1,0,0,0,0,0,1,0
2319,202320153,2023-08-29 0:00:00,5:43:00,COM VÍTIMA,FINALIZADA,IPSEP,AV RECIFE,,SPLASH PISCINAS / SUPERMERCADO ECONOMICO,IPSEP,,COLISÃO TRASEIRA,0,1,0,0,0,1,0,1,0
2320,202320155,2023-08-29 0:00:00,6:39:00,COM VÍTIMA,FINALIZADA,BOMBA DO HEMETERIO,RUA BOMBA DO HEMETERIO,,EXTRA ATACAREJO,BOMBA DO HEMETERIO,,COLISÃO LATERAL,0,0,0,0,0,0,0,1,0
2321,202320157,2023-08-29 0:00:00,7:28:00,COM VÍTIMA,FINALIZADA,BONGI,AV ENGENHEIRO ABDIAS DE CARVALHO,,PRÓXIMO AOS CORREIOS,BONGI,,COLISÃO LATERAL,1,1,0,0,0,0,0,1,0
2322,202320160,2023-08-29 0:00:00,7:57:00,COM VÍTIMA,FINALIZADA,SANTO AMARO,RUA DOS PALMARES,RUA TREZE DE MAIO,,SANTO AMARO,,COLISÃO LATERAL,1,1,0,0,0,0,0,2,0
2323,202320180,2023-08-30 0:00:00,6:48:00,COM VÍTIMA,FINALIZADA,CASA AMARELA,RUA EUGENIO SAMICO,RUA PAULA BATISTA,POR TRAS DA PRAÇA DO TRABALHO,CASA AMARELA,,COLISÃO FRONTAL,1,1,0,0,0,0,0,1,0
2324,202320188,2023-08-30 0:00:00,7:49:00,SEM VÍTIMA,FINALIZADA,JAQUEIRA,AV RUI BARBOSA,,EM FRENTE AO PARQUE DA  JAQUEIRA,JAQUEIRA,CIDADE,CHOQUE,1,0,0,0,0,0,0,0,0