_id,Protocolo,data,hora,natureza,situacao,bairro,endereco,detalhe_endereco_acidente,complemento,bairro_cruzamento,sentido_via,tipo,auto,moto,ciclista,pedestre,onibus,caminhao,viatura,vitimas,vitimasfatais
2325,202320189,2023-08-30 0:00:00,7:56:00,COM VÍTIMA,FINALIZADA,JORDAO,RUA EMILIO MONTEIRO FONSECA,,"APOS O TERMINAL DE ONIBUS DO JORDAO BAIXO, PROX. A IGREJA ASSEMBLEIA DE DEUS",JORDAO,,COLISÃO LATERAL,0,1,0,0,0,0,0,1,0
2326,202320192,2023-08-30 0:00:00,8:16:00,COM VÍTIMA,FINALIZADA,IMBIRIBEIRA,AV MARECHAL MASCARENHAS DE MORAES,,EM FRENTE A CENTER AÇO E GERALDÃO,IMBIRIBEIRA,,COLISÃO LATERAL,0,1,0,0,0,0,0,1,0
2327,202320199,2023-08-30 0:00:00,8:58:00,COM VÍTIMA,FINALIZADA,PRADO,AV ENGENHEIRO ABDIAS DE CARVALHO,,"EM FRENTE A OFICINA SR. AUTO PEÇAS, PROX. A FACULDADE ESTACIO",PRADO,,COLISÃO LATERAL,0,1,0,0,0,0,0,1,0
2328,202320203,2023-08-30 0:00:00,9:39:00,COM VÍTIMA,FINALIZADA,BOA VIAGEM,RUA VISCONDE DE JEQUITINHONHA,,POR TRAS DO PARQUE DONA LINDU,BOA VIAGEM,,COLISÃO LATERAL,0,1,0,0,0,0,0,1,0
2329,202320206,2023-08-30 0:00:00,9:49:00,COM VÍTIMA,FINALIZADA,ILHA DO LEITE,AV GOVERNADOR AGAMENON MAGALHAES,,"NA DESCIDA DO VIADUTO DE JOANA BEZERRA, SENTIDO OLINDA /  PROX AO EMPRESARIAL CHARLES DAWIS",ILHA DO LEITE,,COLISÃO LATERAL,0,1,0,0,0,0,0,1,0
2330,202320216,2023-08-30 0:00:00,12:47:00,COM VÍTIMA,FINALIZADA,VARZEA,RUA GENERAL POLIDORO,,PROX AO HOSPITAL DAS CLINICAS / EM FRENTE AO POSTO DE GASOLINA BR,VARZEA,,COLISÃO LATERAL,0,1,0,0,0,0,0,1,0
2331,202320217,2023-08-30 0:00:00,1:15:00,SEM VÍTIMA,FINALIZADA,BOA VIAGEM,RUA PADRE BERNADINO PESSOA,,PROX PAMESA E O CURSO DE INGLES WIZARD,BOA VIAGEM,,COLISÃO TRASEIRA,1,0,0,0,0,0,1,0,0
2332,202320232,2023-08-30 0:00:00,3:14:00,COM VÍTIMA,FINALIZADA,ENGENHO DO MEIO,AV VISCONDE DE SAO LEOPOLDO,,TERMINAL DE ÔNIBUS DO ENGENHO DO MEIO,ENGENHO DO MEIO,,COLISÃO LATERAL,0,1,0,0,0,0,0,1,0
2333,202320233,2023-08-30 0:00:00,3:15:00,SEM VÍTIMA,FINALIZADA,IMBIRIBEIRA,AV MARECHAL MASCARENHAS DE MORAES,RUA NORUEGA,BATERIAS MOURA,IMBIRIBEIRA,SUBURBIO,COLISÃO,1,0,0,0,0,0,1,0,0
2334,202320239,2023-08-30 0:00:00,4:43:00,COM VÍTIMA,FINALIZADA,IPSEP,AV RAIMUNDO DINIZ,,PADARIA VILA DO PÃO,IPSEP,,COLISÃO LATERAL,0,0,0,0,0,0,0,1,0
2335,202320265,2023-08-30 0:00:00,9:14:00,COM VÍTIMA,CANCELADA,APIPUCOS,RUA MANDACARU,,PRÓXIMO A O AÇUDE DE APIPUCOS,APIPUCOS,,COLISÃO TRANSVERSAL,0,1,0,0,0,0,0,1,0
2336,202320267,2023-08-30 0:00:00,11:00:00,COM VÍTIMA,FINALIZADA,IMBIRIBEIRA,AV MARECHAL MASCARENHAS DE MORAES,,E/F À CONCESSIONÁRIA VENEZA DIESEL  - SENTIDO AFOGADOS,IMBIRIBEIRA,,COLISÃO TRASEIRA,1,0,1,0,0,0,0,2,0
2337,202320278,2023-08-31 0:00:00,7:04:00,COM VÍTIMA,FINALIZADA,ENCRUZILHADA,AV NORTE MIGUEL ARRAES DE ALENCAR,,PROX. AO POSTO DE GASOLINA DISLUB E NEW JATO,ENCRUZILHADA,,COLISÃO LATERAL,0,1,0,0,0,0,0,1,0
2338,202320279,2023-08-31 0:00:00,7:12:00,COM VÍTIMA,FINALIZADA,IBURA,AV DOM HELDER CAMARA,,"PROX. A NUPREV, NA ENTRADA DO IBURA",IBURA,,COLISÃO LATERAL,0,1,0,0,0,0,0,1,0
2339,202320283,2023-08-31 0:00:00,7:23:00,COM VÍTIMA,DUPLICIDADE,IBURA,AV DOM HELDER CAMARA,,NUCLEO DA POLICIA MILITAR,IBURA,,COLISÃO FRONTAL,1,1,0,0,0,0,0,1,0
2340,202320287,2023-08-31 0:00:00,7:52:00,COM VÍTIMA,FINALIZADA,IPUTINGA,AV CAXANGA,,"PROX. A IGREJA PAZ E VIDA, EM FRENTE AO GOLF CLUB",IPUTINGA,,COLISÃO LATERAL,0,1,0,0,0,0,0,1,0
2341,202320290,2023-08-31 0:00:00,8:10:00,SEM VÍTIMA,FINALIZADA,SANTO AMARO,RUA PRINCESA IZABEL,,CAMERA DE VEREADORES,SANTO AMARO,,COLISÃO LATERAL,1,1,0,0,0,0,0,0,0
2342,202320294,2023-08-31 0:00:00,8:24:00,COM VÍTIMA,FINALIZADA,SAN MARTIN,RUA DELMIRO GOUVEIA,,EM FRENTE A CHESF,SAN MARTIN,,COLISÃO LATERAL,1,1,0,0,0,0,0,1,0
2343,202320295,2023-08-31 0:00:00,8:45:00,COM VÍTIMA,FINALIZADA,SANTO AMARO,RUA ARLINDO MELO,,"AO LADO DO SHOPPING TACARUNA, PROX. AO PONTO DE TAXI",SANTO AMARO,,COLISÃO LATERAL,0,1,0,0,0,0,0,1,0
2344,202320296,2023-08-31 0:00:00,8:49:00,COM VÍTIMA,FINALIZADA,BOA VIAGEM,AV ENGENHEIRO DOMINGOS FERREIRA,,PROX. AO EMPRESARIAL MOURA DUBEUX E CONCESSIONARIA NORDESTE IMPORT,BOA VIAGEM,,COLISÃO LATERAL,0,1,0,0,0,0,0,1,0
2345,202320297,2023-08-31 0:00:00,8:49:00,COM VÍTIMA,FINALIZADA,PASSARINHO,RUA PEREIRA BARRETO,,PROX AO GALPÃO DE AGUA MINERAL VALE NEVADO / PROX A MECEARIA DA IZA / PROX AO NUMERO 2016,PASSARINHO,,COLISÃO LATERAL,0,1,0,0,0,0,0,1,0
2346,202320306,2023-08-31 0:00:00,9:26:00,COM VÍTIMA,DUPLICIDADE,AGUA FRIA,RUA FLORESTOPOLIS,,PROX A COMPESA / TERMINAL DO ONIBUS DE AGUA FRIA,AGUA FRIA,,COLISÃO LATERAL,0,1,0,0,0,0,0,1,0
2347,202320308,2023-08-31 0:00:00,9:30:00,COM VÍTIMA,FINALIZADA,AGUA FRIA,RUA FLORESTOPOLIS,,PROX. A COMPESA E O TERMINAL DE ONIBUS DE AGUA FRIA,AGUA FRIA,,COLISÃO LATERAL,0,1,0,0,0,0,0,1,0
2348,202320324,2023-08-31 0:00:00,11:24:00,SEM VÍTIMA,FINALIZADA,TORRE,RUA CONDE DE IRAJA,,EM FRENTE AO CONDOMÍNIO CINE  TORRE,TORRE,SUBURBIO,COLISÃO TRASEIRA,0,1,0,0,0,0,1,0,0
2349,202320330,2023-08-31 0:00:00,12:31:00,COM VÍTIMA,FINALIZADA,DOIS IRMAOS,RUA MANUEL DE MEDEIROS,,EM FRENTE A UFRPE E AO PREDIO DA CEGOE,DOIS IRMAOS,,COLISÃO LATERAL,0,1,0,0,0,0,0,1,0
2350,202320343,2023-08-31 0:00:00,4:00:00,COM VÍTIMA,FINALIZADA,SANTO ANTONIO,AV DANTAS BARRETO,,PROXIMO AO TERMINAL DA 1002 E NO FINAL DO CAMELODROMO,SANTO ANTONIO,,COLISÃO LATERAL,0,1,0,0,0,0,0,1,0
2351,202320350,2023-08-31 0:00:00,6:09:00,COM VÍTIMA,FINALIZADA,TORRE,AV BEIRA RIO,,PONTE DA TORRE / QUADRA DE FUTEBOL,TORRE,,COLISÃO LATERAL,1,1,0,0,0,0,0,1,0
2352,202320357,2023-09-01 0:00:00,3:54:00,SEM VÍTIMA,FINALIZADA,TAMARINEIRA,RUA GOMES COUTINHO,,TORRES DA TAMARINEIRA,TAMARINEIRA,,COLISÃO LATERAL,4,0,0,0,0,0,0,0,0
2353,202320386,2023-09-01 0:00:00,9:36:00,COM VÍTIMA,FINALIZADA,BOA VIAGEM,AVENIDA CELSO FURTADO (VIA MANGUE),,"SENT. CENTRO,  APOS O ASSAI ATACADISTA",BOA VIAGEM,,COLISÃO,0,1,0,0,0,0,0,1,0
2354,202320387,2023-09-01 0:00:00,9:36:00,COM VÍTIMA,FINALIZADA,APIPUCOS,RUA DE APIPUCOS,,EM FRENTE AO EDF. SARDENHA// APOS O LARGO DO APIPUCOS,APIPUCOS,,COLISÃO,0,1,0,0,0,0,0,1,0
2355,202320390,2023-09-01 0:00:00,10:13:00,COM VÍTIMA,FINALIZADA,AFOGADOS,RUA VINTE E UM DE ABRIL,,PROX A GALERIA CENTER / ESTAÇÃO IPIRANGA / CLUBE FERROVIARIO,AFOGADOS,,COLISÃO LATERAL,2,1,0,0,0,0,0,1,0
2356,202320399,2023-09-01 0:00:00,12:03:00,COM VÍTIMA,FINALIZADA,DOIS UNIDOS,AV HILDEBRANDO DE VASCONCELOS,,PROX A PADARIA ESTELANÇA,DOIS UNIDOS,,COLISÃO,0,1,0,0,0,0,0,1,0
2357,202320406,2023-09-01 0:00:00,12:45:00,COM VÍTIMA,FINALIZADA,TORROES,AV ENGENHEIRO ABDIAS DE CARVALHO,,DEPOIS DA UPA / SENTIDO CURADO PROX A LOMBADA ELETRONICA,TORROES,,COLISÃO LATERAL,0,2,0,0,0,0,0,1,0
2358,202320421,2023-09-01 0:00:00,3:49:00,COM VÍTIMA,FINALIZADA,BONGI,AV ENGENHEIRO ABDIAS DE CARVALHO,,BIG CAR,BONGI,,COLISÃO LATERAL,0,0,0,0,0,0,0,1,0
2359,202320424,2023-09-01 0:00:00,4:46:00,COM VÍTIMA,FINALIZADA,SAO JOSE,RUA DA CONCORDIA,,EM FRENTE A CASA DAS PLACAS E PROXIMO AO SINDICATO DOS TRABALHADORES,SAO JOSE,,COLISÃO LATERAL,0,1,0,0,0,0,0,1,0
2360,202320426,2023-09-01 0:00:00,5:18:00,COM VÍTIMA,FINALIZADA,CAXANGA,PTE PROFESSOR MORAES REGO,,HOSPITAL BARÃO DE LUCENA,CAXANGA,,COLISÃO LATERAL,0,0,0,0,0,0,0,1,0
2361,202320428,2023-09-01 0:00:00,5:50:00,COM VÍTIMA,FINALIZADA,MONTEIRO,AV DEZESSETE DE AGOSTO,,HOSPITAL ERMIRIO DE MORAES,MONTEIRO,,COLISÃO LATERAL,0,0,0,0,0,0,0,1,0
2362,202320430,2023-09-01 0:00:00,6:09:00,COM VÍTIMA,FINALIZADA,ROSARINHO,RUA DR JOSE MARIA,,PORTAL DA PICANHA,ROSARINHO,,COLISÃO LATERAL,0,0,0,0,0,0,0,1,0
2363,202320432,2023-09-01 0:00:00,6:22:00,COM VÍTIMA,FINALIZADA,IPSEP,RUA PINTOR ANTONIO ALBUQUERQUE,,ASSOCIAÇÃO DOS MOTORISTAS DE PE,IPSEP,,COLISÃO LATERAL,0,0,0,0,0,0,0,1,0
2364,202320440,2023-09-01 0:00:00,7:15:00,VÍTIMA FATAL,FINALIZADA,FUNDAO,AV BEBERIBE,,PROXIMO AO COLEGIO PEDRO AUGUSTO,FUNDAO,CIDADE,ATROPELAMENTO DE PESSOA,0,0,0,1,1,0,0,0,1
2365,202320451,2023-09-01 0:00:00,10:58:00,COM VÍTIMA,CANCELADA,PORTO DA MADEIRA,AV BEBERIBE,,E/F À ANTIGA PIZZARIA DO GORDO,PORTO DA MADEIRA,,COLISÃO TRANSVERSAL,0,1,0,0,0,0,0,1,0
2366,202320453,2023-09-02 0:00:00,12:27:00,COM VÍTIMA,CANCELADA,CAXANGA,RUA RIBEIRO PESSOA,,EM FRENTE AO CONDOMINIO FICCOS BENJAMIM,CAXANGA,,COLISÃO,1,1,0,0,0,0,0,1,0
2367,202320455,2023-09-02 0:00:00,1:38:00,COM VÍTIMA,CANCELADA,IPSEP,RUA JEAN EMILE FAVRE,AV RECIFE,,IPSEP,,COLISÃO LATERAL,1,1,0,0,0,0,0,1,0
2368,202320456,2023-09-02 0:00:00,1:47:00,SEM VÍTIMA,FINALIZADA,CASA FORTE,AV DEZESSETE DE AGOSTO,,EM FRENTE AO LABORATORIO MARCELO MAGALHAES,CASA FORTE,,COLISÃO FRONTAL,2,0,0,0,0,0,0,0,0
2369,202320461,2023-09-02 0:00:00,5:37:00,COM VÍTIMA,FINALIZADA,CORDEIRO,AV CAXANGA,,EM FRENTE AO GOLF CLUB,CORDEIRO,CIDADE,QUEDA,0,1,0,1,0,1,0,1,0
2370,202320477,2023-09-02 0:00:00,9:45:00,COM VÍTIMA,FINALIZADA,IMBIRIBEIRA,VIADUTO TANCREDO NEVES,,"EM CIMA DO VIADUTO, APOS O RESTAURANTE SAL E BRASA",IMBIRIBEIRA,,COLISÃO LATERAL,0,1,0,0,0,0,0,1,0
2371,202320483,2023-09-02 0:00:00,10:27:00,COM VÍTIMA,FINALIZADA,BEBERIBE,AV BEBERIBE,,PROX. A BEBERIBE AUTO PEÇAS E PRAÇA DA CONVENÇÃO,BEBERIBE,,COLISÃO LATERAL,0,1,0,0,0,0,0,1,0
2372,202320485,2023-09-02 0:00:00,11:19:00,COM VÍTIMA,FINALIZADA,SAO JOSE,RUA IMPERIAL,,"PROX. AO CRISTAL EXECUTIVO HOTEL, AO LADO DO SEMAFORO 511",SAO JOSE,,COLISÃO LATERAL,0,1,0,0,0,0,0,1,0
2373,202320486,2023-09-02 0:00:00,11:21:00,COM VÍTIMA,FINALIZADA,BOA VIAGEM,RUA CARLOS PEREIRA FALCAO,,PROX. AO EMPRESARIAL IBRAHIM NEJAIM,BOA VIAGEM,,COLISÃO LATERAL,0,1,0,0,0,0,0,1,0
2374,202320494,2023-09-02 0:00:00,12:56:00,COM VÍTIMA,FINALIZADA,AGUA FRIA,AV BEBERIBE,,LOJA DOMINANTE,AGUA FRIA,,COLISÃO LATERAL,1,1,0,0,0,0,0,1,0
2375,202320495,2023-09-02 0:00:00,1:43:00,COM VÍTIMA,FINALIZADA,TORRE,RUA JOSE BONIFACIO,,EM FRENTE AO CARREFOUR,TORRE,,COLISÃO LATERAL,0,0,0,0,0,0,0,1,0
2376,202320498,2023-09-02 0:00:00,2:56:00,COM VÍTIMA,FINALIZADA,AGUA FRIA,EST VELHA DE AGUA FRIA,,O BOTICARIO,AGUA FRIA,,COLISÃO LATERAL,1,1,0,0,0,0,0,1,0
2377,202320499,2023-09-02 0:00:00,3:01:00,COM VÍTIMA,FINALIZADA,IBURA,LAD DA COHAB,,ANTIGO HOTEL GIRADOURO,IBURA,,COLISÃO TRASEIRA,0,1,0,0,1,0,0,2,0
2378,202320500,2023-09-02 0:00:00,3:22:00,COM VÍTIMA,FINALIZADA,BOA VIAGEM,RUA VISCONDE DE CABO FRIO,,POUSADA MARAVILHA,BOA VIAGEM,,COLISÃO FRONTAL,1,1,0,0,0,0,0,1,0
2379,202320501,2023-09-02 0:00:00,3:26:00,COM VÍTIMA,FINALIZADA,AREIAS,RUA IPOJUCA,,MINI SHOPPING,AREIAS,,CHOQUE,0,1,0,0,0,0,0,1,0
2380,202320515,2023-09-02 0:00:00,9:08:00,COM VÍTIMA,FINALIZADA,JOANA BEZERRA,VIADUTO CAPITAO TEMUDO,,EM CIMA DO VIADUTO CAPITÃO TEMUDO,JOANA BEZERRA,,COLISÃO LATERAL,1,1,0,0,0,0,0,1,0
2381,202320527,2023-09-03 0:00:00,7:54:00,COM VÍTIMA,FINALIZADA,SANTO AMARO,AV MARIO MELO,AV CRUZ CABUGA,,SANTO AMARO,,COLISÃO LATERAL,0,0,0,0,0,0,0,1,0
2382,202320535,2023-09-03 0:00:00,9:53:00,COM VÍTIMA,FINALIZADA,CASA AMARELA,RUA PADRE LEMOS,,PROX FERREIRA PINTO E A KINITOS,CASA AMARELA,,COLISÃO LATERAL,0,1,0,0,0,0,0,1,0
2383,202320537,2023-09-03 0:00:00,10:29:00,COM VÍTIMA,FINALIZADA,IBURA,RUA VISCONDE DE AZUARA,,ALTO DA BELA VISTA IBURA DE BAIXO,IBURA,,COLISÃO FRONTAL,0,1,0,0,0,0,0,1,0
2384,202320543,2023-09-03 0:00:00,11:34:00,COM VÍTIMA,FINALIZADA,SAO JOSE,RUA ANDRE VIDAL DE NEGREIROS,,E/F FORTE DE CINCO PONTES,SAO JOSE,,,0,1,0,0,0,0,0,1,0
2385,202320544,2023-09-03 0:00:00,11:37:00,COM VÍTIMA,FINALIZADA,AGUA FRIA,AV ANIBAL BENEVOLO,,EM FRENTE AO CLUBE BELA VISTA AO LADO DO VIA SHOW,AGUA FRIA,,COLISÃO LATERAL,0,1,0,0,0,0,0,1,0
2386,202320566,2023-09-03 0:00:00,3:33:00,COM VÍTIMA,FINALIZADA,BOA VIAGEM,AV ENGENHEIRO DOMINGOS FERREIRA,,PROX AO MEDICAL CENTER,BOA VIAGEM,,COLISÃO LATERAL,0,1,0,0,0,0,0,1,0
2387,202320573,2023-09-03 0:00:00,4:48:00,COM VÍTIMA,FINALIZADA,TEJIPIO,RUA FALCAO DE LACERDA,,PROX A ESTAÇAO DO METRO E/F AO CARTORIO DE TEJIPIO,TEJIPIO,,COLISÃO FRONTAL,1,1,0,0,0,0,0,1,0
2388,202320575,2023-09-03 0:00:00,6:09:00,COM VÍTIMA,FINALIZADA,TOTO,AV LIBERDADE,,PROX AO BIDU KRAUSE  E O BAR DO AMARELINDO,TOTO,,COLISÃO LATERAL,0,1,0,0,0,0,0,1,0
2389,202320586,2023-09-03 0:00:00,8:04:00,COM VÍTIMA,FINALIZADA,MADALENA,RUA ARLINDO GOUVEIA,,EDFº MARIA CARMEN E  MARIA DA GLORIA,MADALENA,,ATROPELAMENTO DE PESSOA,1,0,0,1,0,0,0,1,0
2390,202320587,2023-09-03 0:00:00,8:54:00,SEM VÍTIMA,CANCELADA,BOMBA DO HEMETERIO,RUA BOMBA DO HEMETERIO,,EM FRENTE AO POSTO DE GASOLINA,BOMBA DO HEMETERIO,,CHOQUE,0,0,0,0,0,0,0,0,0
2391,202320589,2023-09-03 0:00:00,10:59:00,COM VÍTIMA,CANCELADA,IBURA,AV DOIS RIOS,RUA RIO XINGU,PROX. A ACADEMIA MOTIVO,IBURA,,COLISÃO TRANSVERSAL,1,1,0,0,0,0,0,1,0
2392,202320590,2023-09-04 0:00:00,12:58:00,COM VÍTIMA,FINALIZADA,IPSEP,RUA BLUMENAU,,PROX. AO BAR DE LUCIANO,IPSEP,,COLISÃO TRANSVERSAL,0,1,0,0,0,0,0,1,0
2393,202320602,2023-09-04 0:00:00,8:47:00,COM VÍTIMA,FINALIZADA,BOA VIAGEM,AV BOA VIAGEM,,"APOS ACADAMIA DA CIDADE // ED. CALIFORNIA ,E/F AS QUADRAS",BOA VIAGEM,,COLISÃO LATERAL,0,1,0,0,0,0,0,1,0
2394,202320612,2023-09-04 0:00:00,10:00:00,COM VÍTIMA,FINALIZADA,MONTEIRO,AV DEZESSETE DE AGOSTO,,EM FRENTE AO COLEGIO SILVA JARDIM,MONTEIRO,,COLISÃO LATERAL,0,1,0,0,0,0,0,1,0
2395,202320616,2023-09-04 0:00:00,11:04:00,COM VÍTIMA,FINALIZADA,PINA,AV REPUBLICA ARABE UNIDA,,ENTRE O EMPRESARIAL TRADE CENTER E SHOPPING RIO MAR,PINA,,COLISÃO LATERAL,0,1,0,0,0,0,0,1,0
2396,202320622,2023-09-04 0:00:00,12:57:00,SEM VÍTIMA,FINALIZADA,,AV ARMINDO MOURA,,AV. BOA VIAGEM,,SUBURBIO,,1,1,0,0,0,0,0,0,0
2397,202320623,2023-09-04 0:00:00,1:09:00,SEM VÍTIMA,FINALIZADA,SAO JOSE,RUA BARAO DA VITORIA,,AO LADO DA LOJA MOTOKEIRO,SAO JOSE,SUBURBIO,,1,0,0,0,0,0,1,0,0
2398,202320624,2023-09-04 0:00:00,1:15:00,COM VÍTIMA,FINALIZADA,TAMARINEIRA,RUA CONEGO BARATA,,EM FRENTE AO ESPAÇO DE REVENDEDORES O BOTICARIO/ SENTIDO ESTRADA VELHA DE AGUA FRIA,TAMARINEIRA,,COLISÃO LATERAL,1,1,0,0,0,0,0,1,0
2399,202320625,2023-09-04 0:00:00,1:30:00,COM VÍTIMA,FINALIZADA,BOA VIAGEM,AV CONSELHEIRO AGUIAR,,PROX AO EMPRESARIAL JOÃO ROMA E ANTES DA PIZZARIA HUT,BOA VIAGEM,,COLISÃO LATERAL,0,1,0,0,0,0,0,1,0
2400,202320626,2023-09-04 0:00:00,1:38:00,COM VÍTIMA,FINALIZADA,SANTO AMARO,AV CRUZ CABUGA,,EM FRENTE A CAIXA ECONOMICA FEDERALE EM FRENTE AO COLEGIO SIZENANDO SILVEIRA,SANTO AMARO,,COLISÃO LATERAL,0,1,0,0,0,0,0,1,0
2401,202320629,2023-09-04 0:00:00,2:42:00,COM VÍTIMA,FINALIZADA,BRASILIA TEIMOSA,RUA FRANCISCO VALPASSOS,,AO LADO DO PATIO DA FEIRA  APOS A ESCOLA ESTATUAL  CHATEAU BRIAND,BRASILIA TEIMOSA,,ATROPELAMENTO DE PESSOA,0,0,0,1,1,0,0,1,0
2402,202320631,2023-09-04 0:00:00,2:52:00,COM VÍTIMA,FINALIZADA,VARZEA,AV JOAQUIM RIBEIRO,,PROX A UPA DA CAXANGÁ E AO POSTO DE GASOLINA SHELL,VARZEA,,COLISÃO LATERAL,0,1,0,0,0,0,0,1,0
2403,202320636,2023-09-04 0:00:00,3:27:00,COM VÍTIMA,FINALIZADA,ILHA DO LEITE,RUA GENERAL JOAQUIM INACIO,,306 POR TRAS DO COLEGIO SALESIANO,ILHA DO LEITE,,COLISÃO LATERAL,0,1,0,0,0,0,0,1,0
2404,202320639,2023-09-04 0:00:00,4:21:00,COM VÍTIMA,FINALIZADA,BOA VIAGEM,AV ENGENHEIRO DOMINGOS FERREIRA,,EM FRENTE AO HOTEL GABRIEL BACELAR E PROX A ESCOLA MUNICIPAL OSVALDO LIMA FILHO,BOA VIAGEM,,COLISÃO LATERAL,0,1,0,0,0,0,0,1,0
2405,202320643,2023-09-04 0:00:00,5:08:00,COM VÍTIMA,FINALIZADA,APIPUCOS,RUA DE APIPUCOS,,11º BATALHÃO DA POLICIA MILITAR,APIPUCOS,,ATROPELAMENTO DE PESSOA,0,1,0,1,0,0,0,1,0
2406,202320645,2023-09-04 0:00:00,5:13:00,COM VÍTIMA,FINALIZADA,MORRO DA CONCEICAO,AV NORTE MIGUEL ARRAES DE ALENCAR,,EM FRENTE A UPINHA MOACIR ANDRE GOMES,MORRO DA CONCEICAO,,COLISÃO LATERAL,0,1,0,0,0,0,0,1,0
2407,202320647,2023-09-04 0:00:00,5:39:00,COM VÍTIMA,FINALIZADA,SAO JOSE,LARGO DA PAZ,,PROX ESTAÇAO DO LARGO DA PAZ,SAO JOSE,,COLISÃO LATERAL,0,0,0,0,0,0,0,1,0
2408,202320649,2023-09-04 0:00:00,5:46:00,COM VÍTIMA,FINALIZADA,IPSEP,AV RECIFE,RUA ADOLFO FARO,ESQUINA COM POSTO DE COMBUSTIVEL FEDERAL,IPSEP,,COLISÃO LATERAL,1,1,0,0,0,0,0,2,0
2409,202320650,2023-09-04 0:00:00,5:49:00,COM VÍTIMA,FINALIZADA,SANTO ANTONIO,AV GUARARAPES,,EM FRENTE A CAIXA ECONOMICA E PROXIMO AOS CORREIOS,SANTO ANTONIO,,COLISÃO LATERAL,0,1,0,0,0,0,0,1,0
2410,202320652,2023-09-04 0:00:00,6:15:00,COM VÍTIMA,FINALIZADA,TAMARINEIRA,AV NORTE MIGUEL ARRAES DE ALENCAR,RUA CONEGO BARATA,PROX AO ATACADO DOS PRESENTES,TAMARINEIRA,,COLISÃO LATERAL,0,1,0,0,0,0,0,1,0
2411,202320664,2023-09-04 0:00:00,8:37:00,COM VÍTIMA,FINALIZADA,PRADO,AV ENGENHEIRO ABDIAS DE CARVALHO,EST DOS REMEDIOS,DROGASIL,PRADO,,COLISÃO LATERAL,0,2,0,0,0,0,0,2,0
2412,202320674,2023-09-05 0:00:00,6:01:00,COM VÍTIMA,FINALIZADA,IMBIRIBEIRA,AV MARECHAL MASCARENHAS DE MORAES,,EM FRENTE A CONCESSIONÁRIA RENAULT,IMBIRIBEIRA,SUBURBIO,COLISÃO FRONTAL,0,0,0,0,0,0,0,1,0
2413,202320676,2023-09-05 0:00:00,7:08:00,COM VÍTIMA,FINALIZADA,ARRUDA,AV BEBERIBE,,ARMAZEM CORAL // ESTADIO DO SANTA CRUZ,ARRUDA,,,0,1,0,0,0,0,0,1,0
2414,202320679,2023-09-05 0:00:00,7:25:00,COM VÍTIMA,FINALIZADA,ENCRUZILHADA,AV BEBERIBE,RUA PROFESSOR MIRANDA CURIO,EM FRENTE A AUTO ESCOLA BELEM// PROXIMO AO MERCADO DA ENCRUZILHADA // E EM FRENTE AO NÚMERO 247,ENCRUZILHADA,,COLISÃO LATERAL,2,1,0,0,0,0,0,1,0
2415,202320680,2023-09-05 0:00:00,8:16:00,COM VÍTIMA,FINALIZADA,AREIAS,AV RECIFE,,E/F ATACADÃO  ANTIGO MAKRO,AREIAS,,,0,1,0,0,0,0,0,1,0
2416,202320681,2023-09-05 0:00:00,8:19:00,COM VÍTIMA,FINALIZADA,VARZEA,AV AFONSO OLINDENSE,,E/F A EMPRESA BIOLOGICO // PROXIMO AO DESFIO JOVEM  ( PROGRAMA DA IGREJA),VARZEA,,COLISÃO LATERAL,0,1,0,0,0,0,0,1,0
2417,202320696,2023-09-05 0:00:00,9:18:00,COM VÍTIMA,FINALIZADA,BOA VIAGEM,RUA BARAO DE SOUZA LEAO,,EM FRENTE A SORVETERIA CHIQUINHO /// EM FRENTE AO ESTACIONAMENTO DO HOSPITAL ALFA,BOA VIAGEM,,ATROPELAMENTO DE PESSOA,1,0,0,1,0,0,0,1,0
2418,202320708,2023-09-05 0:00:00,11:07:00,COM VÍTIMA,FINALIZADA,SAN MARTIN,AV GENERAL SAN MARTIN,,EM FRENTE A PRAÇA NEWTON PEIXE,SAN MARTIN,,COLISÃO,0,0,1,0,0,0,0,1,0
2419,202320712,2023-09-05 0:00:00,12:05:00,COM VÍTIMA,FINALIZADA,JARDIM SAO PAULO,AV LIBERDADE,,EM FRENTE AO PRESIDIO ANIBAL BRUNO,JARDIM SAO PAULO,,COLISÃO,0,1,0,0,0,0,0,1,0
2420,202320722,2023-09-05 0:00:00,2:45:00,SEM VÍTIMA,FINALIZADA,AFOGADOS,LARGO DA PAZ,,E/F A PRAÇA ESQUINA DO BRADESCO,AFOGADOS,,COLISÃO LATERAL,1,0,0,0,0,1,0,0,0
2421,202320734,2023-09-05 0:00:00,4:32:00,COM VÍTIMA,FINALIZADA,DOIS UNIDOS,RUA TUPIRACABA,,PROX A PADARIA MENDONÇA E AO TERMINAL DO ALTO  DO CAPITÃO,DOIS UNIDOS,,COLISÃO LATERAL,0,1,0,0,0,0,0,1,0