_id,Protocolo,data,hora,natureza,situacao,bairro,endereco,detalhe_endereco_acidente,complemento,bairro_cruzamento,sentido_via,tipo,auto,moto,ciclista,pedestre,onibus,caminhao,viatura,vitimas,vitimasfatais
2422,202320738,2023-09-05 0:00:00,5:31:00,COM VÍTIMA,FINALIZADA,PRADO,AV ENGENHEIRO ABDIAS DE CARVALHO,RUA SANTA EDWIRGES,,PRADO,,COLISÃO,0,1,0,0,0,0,0,1,0
2423,202320752,2023-09-05 0:00:00,8:31:00,COM VÍTIMA,FINALIZADA,SAN MARTIN,AV GENERAL SAN MARTIN,,E/F À CAVALARIA DA POLICIA MILITAR,SAN MARTIN,,COLISÃO FRONTAL,1,1,0,0,0,0,0,2,0
2424,202320756,2023-09-05 0:00:00,9:43:00,COM VÍTIMA,FINALIZADA,CASA AMARELA,RUA PAULA BATISTA,RUA CONS PERETTI,PROX. AO CENTRO ESPIRITA MOACIR,CASA AMARELA,,COLISÃO TRANSVERSAL,1,1,0,0,0,0,0,1,0
2425,202320758,2023-09-05 0:00:00,10:02:00,COM VÍTIMA,CANCELADA,BARRO,AV DR JOSE RUFINO,,E/F AO CARTÓRIO DE AREIAS,BARRO,,COLISÃO,0,1,0,0,0,0,0,1,0
2426,202320759,2023-09-05 0:00:00,10:37:00,COM VÍTIMA,CANCELADA,DOIS UNIDOS,RUA PADRE CICERO,,SUBIDA DA LADEIRA DA MEDALHA MILAGROSA - ALTO DO MARACANÃ,DOIS UNIDOS,,COLISÃO,0,1,0,0,0,0,0,1,0
2427,202320771,2023-09-06 0:00:00,6:42:00,COM VÍTIMA,FINALIZADA,CASA AMARELA,AV NORTE MIGUEL ARRAES DE ALENCAR,,PROX. AO SESC DE CASA AMARELA X CRUSAMENTO ALTO JOSE DO PINHO,CASA AMARELA,,,0,1,0,0,0,0,0,1,0
2428,202320779,2023-09-06 0:00:00,7:55:00,COM VÍTIMA,FINALIZADA,ILHA DO RETIRO,AV JOSE GONCALVES DE MEDEIROS,,PROX. A MC´DONALD,ILHA DO RETIRO,,COLISÃO LATERAL,1,1,0,0,0,0,0,1,0
2429,202320780,2023-09-06 0:00:00,7:56:00,COM VÍTIMA,FINALIZADA,ENCRUZILHADA,EST DE BELEM,,PROX AO BANCO ITAU E DA CAIXA ECONOMICA E DA IGREJA BATISTA MEMORIAL DE BELEM,ENCRUZILHADA,,COLISÃO LATERAL,0,1,0,0,0,0,0,1,0
2430,202320781,2023-09-06 0:00:00,7:57:00,COM VÍTIMA,FINALIZADA,PINA,PTE GOVERNADOR PAULO GUERRA,,ENCIMA DO VIADUTO / PROX AO SHOPPING RIOMAR,PINA,,COLISÃO,1,1,0,0,0,0,0,1,0
2431,202320788,2023-09-06 0:00:00,8:31:00,COM VÍTIMA,FINALIZADA,PINA,PTE GOVERNADOR PAULO GUERRA,,EM CIMA DO VIA DULTO PROX DO RIO MAR,PINA,,COLISÃO LATERAL,0,1,0,0,0,0,0,1,0
2432,202320790,2023-09-06 0:00:00,8:33:00,COM VÍTIMA,FINALIZADA,CORDEIRO,AV CAXANGA,,PROX AO EXPOSIÇÃO DE ANIMAIS,CORDEIRO,,COLISÃO,0,1,0,0,0,0,0,1,0
2433,202320791,2023-09-06 0:00:00,8:53:00,COM VÍTIMA,FINALIZADA,CORDEIRO,AV GENERAL SAN MARTIN,,PX AO HOSPITAL GETULIO VARGAS // APOS O MERCADO DO CORDEIRO,CORDEIRO,,COLISÃO LATERAL,0,1,0,0,0,0,0,1,0
2434,202320792,2023-09-06 0:00:00,8:53:00,COM VÍTIMA,FINALIZADA,AFOGADOS,RUA SAO MIGUEL,,MARTELINHO DE OURO,AFOGADOS,,COLISÃO LATERAL,1,1,0,0,0,0,0,1,0
2435,202320793,2023-09-06 0:00:00,8:57:00,COM VÍTIMA,FINALIZADA,IMBIRIBEIRA,AV MARECHAL MASCARENHAS DE MORAES,,"EM FRENTE AO HOTEL IBIS , LADO OPOSTO DO AEREOPORTO",IMBIRIBEIRA,,COLISÃO LATERAL,0,1,0,0,0,0,0,1,0
2436,202320806,2023-09-06 0:00:00,11:03:00,COM VÍTIMA,FINALIZADA,BAIRRO DO RECIFE,AV BARBOSA LIMA,,PROX AO MARCO ZERO  / AO LADO DA CAIXA CULTURAL,BAIRRO DO RECIFE,,COLISÃO,0,1,0,0,0,0,0,1,0
2437,202320808,2023-09-06 0:00:00,11:06:00,COM VÍTIMA,FINALIZADA,MADALENA,RUA ERNANI BRAGA,,POR TRAS DO MERCADO PUBLICO DA MADALENA,MADALENA,,COLISÃO LATERAL,1,1,0,0,0,0,0,1,0
2438,202320812,2023-09-06 0:00:00,11:14:00,COM VÍTIMA,FINALIZADA,DERBY,AV GOVERNADOR AGAMENON MAGALHAES,,E/F HOSPITAL DA RESTAURAÇÃO,DERBY,,COLISÃO TRASEIRA,1,2,0,0,0,0,0,2,0
2439,202320839,2023-09-06 0:00:00,4:06:00,COM VÍTIMA,FINALIZADA,IMBIRIBEIRA,RUA JALISCO,,AO LADO DO GINASIO DE ESPORTES GERALDAO,IMBIRIBEIRA,,,1,0,0,1,0,0,0,1,0
2440,202320840,2023-09-06 0:00:00,4:08:00,COM VÍTIMA,FINALIZADA,IPUTINGA,AV MAURICIO DE NASSAU,,PROX AO ALTINO VENTURA E AO RESIDENCIAL MULHERES DE TECUJUPAPO,IPUTINGA,,COLISÃO LATERAL,0,0,0,0,0,0,0,1,0
2441,202320842,2023-09-06 0:00:00,4:44:00,COM VÍTIMA,FINALIZADA,CORDEIRO,AV INACIO MONTEIRO,,EM FRENTE A DROGARIA DO CORDEIRO,CORDEIRO,,COLISÃO LATERAL,1,1,0,0,0,0,0,1,0
2442,202320843,2023-09-06 0:00:00,4:49:00,COM VÍTIMA,FINALIZADA,TAMARINEIRA,AV NORTE MIGUEL ARRAES DE ALENCAR,,PROX AO ANTIGO MOTEL VILA NOVA,TAMARINEIRA,,COLISÃO LATERAL,0,1,0,0,0,0,0,1,0
2443,202320847,2023-09-06 0:00:00,6:55:00,COM VÍTIMA,FINALIZADA,SANTO AMARO,AV GOVERNADOR AGAMENON MAGALHAES,,POSTO DISLUB PRÓX A UPE,SANTO AMARO,,COLISÃO LATERAL,1,1,0,0,0,0,0,1,0
2444,202320849,2023-09-06 0:00:00,7:20:00,COM VÍTIMA,FINALIZADA,BONGI,AV ENGENHEIRO ABDIAS DE CARVALHO,,EM FRENTE A OFICINA POINTS / PRÓXIMO A ENGEFRIO / PRÓXIMO A IGREJA SANTA EDWIRGES,BONGI,,COLISÃO,0,1,0,0,0,0,0,1,0
2445,202320873,2023-09-07 0:00:00,10:08:00,COM VÍTIMA,FINALIZADA,ESTANCIA,AV RECIFE,,LADO OPOSTO AO Nº 150 - ATACADÃO,ESTANCIA,SUB,COLISÃO COM CICLISTA,1,0,1,0,0,0,0,1,0
2446,202320887,2023-09-07 0:00:00,1:35:00,COM VÍTIMA,FINALIZADA,IMBIRIBEIRA,RUA PARIS,RUA NORUEGA,,IMBIRIBEIRA,,COLISÃO FRONTAL,1,2,0,0,0,0,0,4,0
2447,202320888,2023-09-07 0:00:00,2:47:00,COM VÍTIMA,FINALIZADA,CAMPO GRANDE,RUA ODORICO MENDES,,DROGASIL,CAMPO GRANDE,,COLISÃO LATERAL,0,0,0,0,0,0,0,1,0
2448,202320889,2023-09-07 0:00:00,2:47:00,COM VÍTIMA,DUPLICIDADE,IPSEP,RUA ARQUITETO LUIZ NUNES,,POR TRÁS DO ASSAI,IPSEP,,COLISÃO LATERAL,0,0,0,0,0,0,0,1,0
2449,202320894,2023-09-07 0:00:00,4:05:00,COM VÍTIMA,FINALIZADA,IPUTINGA,AV CAXANGA,,EM FRENTE À MOTO CRUZ,IPUTINGA,,COLISÃO COM CICLISTA,0,1,1,0,0,0,0,2,0
2450,202320895,2023-09-07 0:00:00,6:19:00,COM VÍTIMA,FINALIZADA,IBURA,AV PERNAMBUCO,,ACADEMIA DE CROSSFIT,IBURA,,COLISÃO LATERAL,0,0,0,0,0,0,0,1,0
2451,202320904,2023-09-07 0:00:00,9:01:00,COM VÍTIMA,CANCELADA,POCO DA PANELA,AV DEZESSETE DE AGOSTO,,PRÓXIMO AO MUSEU DO HOMEM DO HOMEM DO NORDESTE E  BAR CHÁ COM CHITA,POCO DA PANELA,,COLISÃO,0,1,0,0,0,0,0,1,0
2452,202320912,2023-09-08 0:00:00,7:37:00,COM VÍTIMA,DUPLICIDADE,DERBY,AV GOVERNADOR AGAMENON MAGALHAES,RUA JOAQUIM NABUCO,SEMAFORO 174. PROXIMO HOSPITAL DA RESTAURAÇÃO SENTIDO BOA VIAGEM,DERBY,,COLISÃO LATERAL,1,1,0,0,0,0,0,1,0
2453,202320913,2023-09-08 0:00:00,7:37:00,COM VÍTIMA,FINALIZADA,DERBY,AV GOVERNADOR AGAMENON MAGALHAES,1 TRV DOUTOR SABINO PINHO,"EM FRENTE AO HOSPITAL DA RESTAURAÇÃO, SENT. BOA VIAGEM",DERBY,,COLISÃO LATERAL,0,1,0,0,0,0,0,1,0
2454,202320915,2023-09-08 0:00:00,8:03:00,COM VÍTIMA,FINALIZADA,CASA FORTE,AV DEZESSETE DE AGOSTO,,"VIA LOCAL, PRAÇA DE CASA FORTE",CASA FORTE,,COLISÃO LATERAL,0,1,0,0,0,0,0,1,0
2455,202320917,2023-09-08 0:00:00,9:21:00,COM VÍTIMA,FINALIZADA,BOA VIAGEM,RUA BARAO DE SOUZA LEAO,,EM FRENTE AO COLEGIOSANTOS DUMONT,BOA VIAGEM,,COLISÃO LATERAL,0,1,0,0,0,0,0,1,0
2456,202320922,2023-09-08 0:00:00,11:16:00,COM VÍTIMA,FINALIZADA,BONGI,AV ENGENHEIRO ABDIAS DE CARVALHO,,PROX A FUNASE CARUARU,BONGI,,COLISÃO,0,1,0,0,0,0,0,1,0
2457,202320924,2023-09-08 0:00:00,1:46:00,COM VÍTIMA,FINALIZADA,BEBERIBE,AV BEBERIBE,,E/F AO MAGAZINE LUIZA PROX  PRAÇA DA CONVENÇAO,BEBERIBE,,COLISÃO LATERAL,0,0,0,0,0,0,0,1,0
2458,202320927,2023-09-08 0:00:00,2:43:00,COM VÍTIMA,FINALIZADA,SANTO AMARO,RUA PRINCESA IZABEL,,PROXIMO A POLICIA CIVIL,SANTO AMARO,,COLISÃO LATERAL,0,1,0,0,0,0,0,1,0
2459,202320932,2023-09-08 0:00:00,8:09:00,COM VÍTIMA,FINALIZADA,CASA FORTE,AV DEZESSETE DE AGOSTO,,EM FRENTE AO POSTO DISLUB,CASA FORTE,,COLISÃO,0,1,0,0,0,0,0,1,0
2460,202320934,2023-09-08 0:00:00,9:49:00,COM VÍTIMA,FINALIZADA,SANTO AMARO,RUA DA AURORA,,EM FRENTE AO TAVARES BURIL,SANTO AMARO,,COLISÃO FRONTAL,0,1,0,0,0,0,0,2,0
2461,202320935,2023-09-08 0:00:00,9:53:00,COM VÍTIMA,FINALIZADA,AGUA FRIA,RUA ZEFERINO AGRA,,PRÓX. A DELEGACIA,AGUA FRIA,,COLISÃO,0,1,0,0,0,0,0,1,0
2462,202320956,2023-09-09 0:00:00,8:27:00,COM VÍTIMA,FINALIZADA,NOVA DESCOBERTA,AV VEREADOR OTACILIO AZEVEDO,,PROXIMO AO BAR DE TEREZINHA,NOVA DESCOBERTA,,COLISÃO,0,1,0,0,0,0,0,1,0
2463,202320958,2023-09-09 0:00:00,8:46:00,COM VÍTIMA,FINALIZADA,TORRE,RUA CONDE DE IRAJA,,PROXIMO AO POSTO POLICIAL,TORRE,,COLISÃO,0,1,0,0,0,0,0,1,0
2464,202320959,2023-09-09 0:00:00,8:58:00,COM VÍTIMA,FINALIZADA,AFOGADOS,AV SUL,,APOS A CAIXA ECÕNOMICA,AFOGADOS,,COLISÃO,0,1,0,0,1,0,0,1,0
2465,202320960,2023-09-09 0:00:00,9:20:00,COM VÍTIMA,FINALIZADA,ALTO JOSE BONIFACIO,RUA ALTO JOSE BONIFACIO,,APOS A QUADRA DE SPORTE DESCENDO PARA RODINHA,ALTO JOSE BONIFACIO,,COLISÃO LATERAL,0,1,0,0,1,0,0,2,0
2466,202320966,2023-09-09 0:00:00,11:38:00,SEM VÍTIMA,FINALIZADA,BOA VIAGEM,AV BOA VIAGEM,,EM FRENTE AO ATLANTE PLAZA,BOA VIAGEM,,COLISÃO TRASEIRA,4,0,0,0,0,0,0,0,0
2467,202320971,2023-09-09 0:00:00,1:54:00,COM VÍTIMA,FINALIZADA,MADALENA,RUA REAL DA TORRE,,PROXIMO AO ARMAZEM DIAS E PROXIMO AO ACQUAZERO MADALENA,MADALENA,,COLISÃO LATERAL,0,1,0,0,0,0,0,1,0
2468,202320973,2023-09-09 0:00:00,2:30:00,COM VÍTIMA,FINALIZADA,SAO JOSE,RUA DAS CALCADAS,,PROXIMO A IGREJA DA PENHA,SAO JOSE,,COLISÃO LATERAL,0,1,0,0,0,0,0,1,0
2469,202320990,2023-09-09 0:00:00,8:18:00,COM VÍTIMA,CANCELADA,MADALENA,RUA JOSE OSORIO,,ENTRE O MERCADO DA MADALENA E A AV. CAXANGÁ,MADALENA,,COLISÃO,0,1,0,0,0,0,0,1,0
2470,202320992,2023-09-09 0:00:00,8:48:00,COM VÍTIMA,CANCELADA,AREIAS,RUA BARROS SOBRINHO,,POR TRÁS DO MERCADO PUBLICO DE AREAIS,AREIAS,,COLISÃO,0,0,0,0,0,0,0,1,0
2471,202321008,2023-09-10 0:00:00,8:19:00,COM VÍTIMA,FINALIZADA,NOVA DESCOBERTA,AV VEREADOR OTACILIO AZEVEDO,,EM FRENTE AO CLUBE DA FAZENDA,NOVA DESCOBERTA,,COLISÃO LATERAL,0,1,0,0,0,0,0,1,0
2472,202321009,2023-09-10 0:00:00,8:38:00,COM VÍTIMA,FINALIZADA,IMBIRIBEIRA,AV MARECHAL MASCARENHAS DE MORAES,,"EM FRENTE AO GERALDÃO, SENT. AEROPORTO",IMBIRIBEIRA,,COLISÃO LATERAL,1,1,0,0,0,0,0,1,0
2473,202321015,2023-09-10 0:00:00,11:39:00,COM VÍTIMA,FINALIZADA,SAO JOSE,AV SUL,,"APOS AS TORRES GEMEAS, SENT. PONTE GIRATORIA",SAO JOSE,,ATROPELAMENTO DE PESSOA,1,0,0,1,0,0,0,1,0
2474,202321022,2023-09-10 0:00:00,2:33:00,COM VÍTIMA,FINALIZADA,CAMPO GRANDE,RUA JERONIMO VILELA,,PROX AO FISIO PRINT / HELENA VARIEDADE,CAMPO GRANDE,,COLISÃO,0,1,0,0,0,0,0,1,0
2475,202321034,2023-09-10 0:00:00,5:40:00,COM VÍTIMA,FINALIZADA,IMBIRIBEIRA,RUA OLIVIA MENELAU,,PROX POSTO DE GASOLINA IPIRANGA / LOJA NILO FLORES,IMBIRIBEIRA,,COLISÃO TRANSVERSAL,1,1,0,0,0,0,0,1,0
2476,202321038,2023-09-10 0:00:00,7:42:00,COM VÍTIMA,FINALIZADA,MONTEIRO,AV DEZESSETE DE AGOSTO,,COLEGIO SILVA JARDIM,MONTEIRO,,COLISÃO LATERAL,0,2,0,0,0,0,0,1,0
2477,202321039,2023-09-10 0:00:00,7:47:00,COM VÍTIMA,FINALIZADA,APIPUCOS,RUA DE APIPUCOS,,,APIPUCOS,,COLISÃO,0,1,0,0,0,0,0,1,0
2478,202321042,2023-09-10 0:00:00,9:33:00,COM VÍTIMA,FINALIZADA,GRACAS,RUA ALBERTO PAIVA,,PRÓXIMO A PIZZARIA  HUT,GRACAS,,COLISÃO,0,1,0,0,0,0,0,1,0
2479,202321044,2023-09-10 0:00:00,11:38:00,VÍTIMA FATAL,FINALIZADA,DOIS IRMAOS,RUA MANUEL DE MEDEIROS,1 TRV DOUTOR SABINO PINHO,PRÓXIMO AO UNIVERSIDADE RURAL E AO LADO DO EDUCANDÁRIO TIA  ANISSE,DOIS IRMAOS,,COLISÃO,0,1,0,0,0,0,0,0,1
2480,202321063,2023-09-11 0:00:00,7:21:00,COM VÍTIMA,FINALIZADA,ESPINHEIRO,RUA QUARENTA E OITO,,EM FRENTE AO RESTAURANTE SABOR RANCHO,ESPINHEIRO,,COLISÃO LATERAL,1,1,0,0,0,0,0,2,0
2481,202321068,2023-09-11 0:00:00,8:03:00,COM VÍTIMA,FINALIZADA,CAXANGA,AV CAXANGA,,EM CIMA DO VIADUTO,CAXANGA,,QUEDA,0,1,0,0,0,0,0,1,0
2482,202321069,2023-09-11 0:00:00,8:05:00,COM VÍTIMA,FINALIZADA,IMBIRIBEIRA,AV MARECHAL MASCARENHAS DE MORAES,,EM FRENTE A LOJA RENAULT,IMBIRIBEIRA,,COLISÃO LATERAL,0,1,0,0,0,0,0,1,0
2483,202321071,2023-09-11 0:00:00,8:08:00,COM VÍTIMA,CANCELADA,CAMPO GRANDE,RUA ODORICO MENDES,EST DE BELEM,,CAMPO GRANDE,,COLISÃO TRASEIRA,0,0,0,0,0,0,0,1,0
2484,202321072,2023-09-11 0:00:00,8:57:00,COM VÍTIMA,FINALIZADA,CAXANGA,AV CAXANGA,,UPA DA CAXANGA,CAXANGA,,COLISÃO TRASEIRA,0,1,0,0,0,0,0,1,0
2485,202321074,2023-09-11 0:00:00,8:58:00,COM VÍTIMA,FINALIZADA,AGUA FRIA,AV BEBERIBE,,E/F AO MERCADO PUBLICO DA ENCRUZILHADA,AGUA FRIA,,COLISÃO LATERAL,0,1,0,0,0,0,0,1,0
2486,202321081,2023-09-11 0:00:00,9:54:00,COM VÍTIMA,FINALIZADA,IPSEP,AV RECIFE,,EM FRENTE AO POSTO FEDERAL,IPSEP,,COLISÃO,0,1,0,0,0,0,0,1,0
2487,202321085,2023-09-11 0:00:00,10:45:00,COM VÍTIMA,FINALIZADA,PINA,PTE GOVERNADOR PAULO GUERRA,,ENTRADA DA VIA MANGUE /SOBRE A PONTE QUE DA DA ACESSO AO  PROX AO SHOPPING RIOMAR,PINA,,COLISÃO COM CICLISTA,0,1,1,0,0,0,0,2,0
2488,202321086,2023-09-11 0:00:00,10:57:00,COM VÍTIMA,FINALIZADA,AREIAS,AV RECIFE,,EM FRENTE A EMLURB,AREIAS,,COLISÃO,0,1,0,0,0,0,0,1,0
2489,202321088,2023-09-11 0:00:00,11:59:00,COM VÍTIMA,FINALIZADA,PINA,PRC GOVERNADOR PAULO GUERRA,,AO LONGO DA PONTE,PINA,,COLISÃO LATERAL,1,0,0,0,0,0,0,1,0
2490,202321095,2023-09-11 0:00:00,12:54:00,COM VÍTIMA,FINALIZADA,ESPINHEIRO,AV RUI BARBOSA,,ENTRE O MUSEU DO ESTADO / E A PEDRAGON CONCESSIONARIA,ESPINHEIRO,,COLISÃO,0,1,0,0,1,0,0,1,0
2491,202321096,2023-09-11 0:00:00,12:56:00,COM VÍTIMA,FINALIZADA,PINA,PRC GOVERNADOR PAULO GUERRA,,AO LONGO DA PONTE,PINA,,COLISÃO LATERAL,1,1,0,0,0,0,0,1,0
2492,202321097,2023-09-11 0:00:00,1:04:00,COM VÍTIMA,FINALIZADA,SANTO AMARO,RUA ARTUR COUTINHO,,PROX A FACULDADE DE ODONTOLOGIA,SANTO AMARO,,COLISÃO LATERAL,0,0,0,0,0,0,0,1,0
2493,202321102,2023-09-11 0:00:00,3:05:00,COM VÍTIMA,FINALIZADA,CAXANGA,AV CAXANGA,,PROX AO HOSPITAL GETULIO VARGAS,CAXANGA,,COLISÃO LATERAL,1,1,0,0,0,0,0,1,0
2494,202321108,2023-09-11 0:00:00,5:14:00,COM VÍTIMA,FINALIZADA,PARNAMIRIM,EST DO ENCANAMENTO,RUA DA HARMONIA,,PARNAMIRIM,,COLISÃO TRANSVERSAL,0,0,0,0,0,0,0,1,0
2495,202321109,2023-09-11 0:00:00,5:34:00,COM VÍTIMA,FINALIZADA,DERBY,AV GOVERNADOR AGAMENON MAGALHAES,,APÓS A PRAÇA DO DERBY,DERBY,BOA VIAGEM,COLISÃO TRASEIRA,1,1,0,0,0,0,0,1,0
2496,202321110,2023-09-11 0:00:00,6:13:00,COM VÍTIMA,CANCELADA,TORROES,AV ENGENHEIRO ABDIAS DE CARVALHO,,PROX AO POSTO BR E AO RESTAURANTE YOQUE,TORROES,,COLISÃO,0,1,0,0,0,0,0,1,0
2497,202321112,2023-09-11 0:00:00,6:14:00,VÍTIMA FATAL,CANCELADA,SANTO AMARO,AV CRUZ CABUGA,,PRÓXIMO AO HOSPITAL DA MARINHA,SANTO AMARO,,COLISÃO LATERAL,0,0,0,1,0,0,0,1,1
2498,202321113,2023-09-11 0:00:00,6:17:00,COM VÍTIMA,CANCELADA,ENGENHO DO MEIO,RUA WASHINGTON DUARTE ESPINDOLA,,PROX AO FERRO VELHO DA RODA DE FOGO E SENTIDO UNIVERSIDADE FEDERAL,ENGENHO DO MEIO,,COLISÃO,0,1,0,0,0,0,0,1,0
2499,202321114,2023-09-11 0:00:00,6:23:00,COM VÍTIMA,CANCELADA,MADALENA,PRC DO INTERNACIONAL,,EM FRENTE AO CLUBE DO INTERNACIONAL,MADALENA,,COLISÃO,0,1,0,0,0,0,0,1,0
2500,202321115,2023-09-11 0:00:00,6:35:00,COM VÍTIMA,CANCELADA,DOIS IRMAOS,RUA RIBEIRO PESSOA,,EM FRENTE AO MOTEL PARAISO DEPOIS DA UPA DA CAXANGA,DOIS IRMAOS,,COLISÃO,0,1,0,0,0,0,0,1,0
2501,202321123,2023-09-11 0:00:00,11:15:00,COM VÍTIMA,FINALIZADA,CASA FORTE,AV DEZESSETE DE AGOSTO,,ENTRE O CENTRO MÉDICO SEN ERMIRIO DE MORAES E A ESCOLA ESTADUAL SILVA JARDIM - PRÓXIMO AO POSTO SHELL,CASA FORTE,,QUEDA,0,1,0,0,0,0,0,1,0
2502,202321145,2023-09-12 0:00:00,8:39:00,COM VÍTIMA,FINALIZADA,JAQUEIRA,AV RUI BARBOSA,,EM FRENTE AO  HOPSITAL MARIA LUCIDA / PROX AO AMAIS DIAGNOSTICO,JAQUEIRA,,COLISÃO FRONTAL,1,1,0,0,0,0,0,1,0
2503,202321146,2023-09-12 0:00:00,8:51:00,SEM VÍTIMA,FINALIZADA,ILHA DO LEITE,AV GOVERNADOR AGAMENON MAGALHAES,,EM FRENTE AO EMPRESARIAL THOMAS EDSON,ILHA DO LEITE,,,1,0,0,0,0,1,0,0,0
2504,202321153,2023-09-12 0:00:00,10:15:00,COM VÍTIMA,FINALIZADA,SANTO AMARO,AV DR JAYME DA FONTE,,PROX A COMPESA,SANTO AMARO,SUBURBIO,COLISÃO COM CICLISTA,1,0,1,0,0,0,0,1,0
2505,202321161,2023-09-12 0:00:00,11:11:00,COM VÍTIMA,FINALIZADA,CABANGA,PTE JOSE DE BARROS LIMA,,PROXIMO AO FORUN DE JOANA BEZERRA,CABANGA,,COLISÃO TRASEIRA,1,0,0,0,0,0,0,1,0
2506,202321162,2023-09-12 0:00:00,11:26:00,COM VÍTIMA,FINALIZADA,CORDEIRO,AV GENERAL SAN MARTIN,,DE ESQUINA COM O ATACREJO IDEAL,CORDEIRO,,COLISÃO LATERAL,0,1,0,0,0,0,0,1,0
2507,202321165,2023-09-12 0:00:00,11:54:00,COM VÍTIMA,FINALIZADA,CORDEIRO,AV CAXANGA,RUA ANTERO MOTA,PROX A EXPOSIÇÃO DE ANIMAIS / PROX A PADARIA REPUBLICA DO PÃO - SEMÁFORO 235,CORDEIRO,,COLISÃO,0,1,0,0,0,0,0,1,0
2508,202321166,2023-09-12 0:00:00,11:54:00,COM VÍTIMA,FINALIZADA,TAMARINEIRA,AV NORTE MIGUEL ARRAES DE ALENCAR,,PROX A PIZZARIA IMPERIO / E  POSTO DE GASOLINA PETROBRAS,TAMARINEIRA,,COLISÃO,0,1,0,0,0,0,0,1,0
2509,202321167,2023-09-12 0:00:00,11:54:00,SEM VÍTIMA,FINALIZADA,SAO JOSE,RUA IMPERIAL,,EM FRENTE AO NUMERO 132,SAO JOSE,SUBURBIO,COLISÃO TRASEIRA,2,0,0,0,0,0,0,0,0
2510,202321168,2023-09-12 0:00:00,11:54:00,COM VÍTIMA,FINALIZADA,IMBIRIBEIRA,AV MARECHAL MASCARENHAS DE MORAES,,PROX A ESTAÇÃO DE METRO DA IMBIRIBEIRA,IMBIRIBEIRA,,COLISÃO TRASEIRA,1,1,0,0,0,0,0,1,0
2511,202321172,2023-09-12 0:00:00,12:24:00,COM VÍTIMA,FINALIZADA,SANTO AMARO,RUA MAJOR CODECEIRA,,PROX AO ATELIER ODONTOLIGICO DRA VERONICA QUEIROZ / PROX A CLINICA GRIN SELD,SANTO AMARO,,COLISÃO,0,1,0,0,0,0,0,1,0
2512,202321173,2023-09-12 0:00:00,12:44:00,SEM VÍTIMA,FINALIZADA,SANTO AMARO,AV NORTE MIGUEL ARRAES DE ALENCAR,RUA VINTE E QUATRO DE AGOSTO,RADIO UNIVERSITÁRIA,SANTO AMARO,CIDADE,,2,0,0,0,0,0,0,0,0
2513,202321176,2023-09-12 0:00:00,1:16:00,COM VÍTIMA,FINALIZADA,BOA VISTA,RUA CLUBE NAUTICO CAPIBARIBE,,AO LADO DO CINEMA SÃO LUIZ,BOA VISTA,,COLISÃO LATERAL,0,1,0,0,0,0,0,1,0
2514,202321180,2023-09-12 0:00:00,1:45:00,COM VÍTIMA,FINALIZADA,CAXANGA,AV CAXANGA,,PROX A FIAT ITALIANA E AO GOLF CLUBE,CAXANGA,,COLISÃO,1,1,0,0,0,0,0,1,0
2515,202321188,2023-09-12 0:00:00,2:47:00,COM VÍTIMA,FINALIZADA,ESPINHEIRO,RUA CONS PORTELA,,EM FRENTE A PROCURADORIA REGIONAL DO TRABALHO E PROXIMO A FARMACIA PAGUE MENOS,ESPINHEIRO,,COLISÃO LATERAL,0,1,0,0,0,0,0,1,0
2516,202321190,2023-09-12 0:00:00,3:06:00,COM VÍTIMA,FINALIZADA,BOA VISTA,AV OLIVEIRA LIMA,,PROXIMO A URB E A IGREJA NOSSA SENHORA DE FATIMA,BOA VISTA,,COLISÃO LATERAL,0,1,0,0,0,0,0,1,0
2517,202321205,2023-09-12 0:00:00,11:00:00,COM VÍTIMA,FINALIZADA,ENCRUZILHADA,RUA CARNEIRO VILELA,,PRÓXIMO A GALERIA CONSELHEIRO PORTELA,ENCRUZILHADA,,COLISÃO,0,1,0,0,0,0,0,1,0
2518,202321212,2023-09-13 0:00:00,7:13:00,COM VÍTIMA,FINALIZADA,BOA VIAGEM,RUA GENERAL AMERICANO FREIRE,,EM FRENTE A FARMACIA PAGUE MENOS,BOA VIAGEM,,COLISÃO TRANSVERSAL,0,1,0,0,0,0,0,1,0
2519,202321213,2023-09-13 0:00:00,7:39:00,SEM VÍTIMA,FINALIZADA,PINA,TUNEL JOSUE DE CASTRO,,,PINA,,COLISÃO,0,0,0,0,0,0,0,0,0
2520,202321215,2023-09-13 0:00:00,7:54:00,COM VÍTIMA,FINALIZADA,IBURA,RUA JOAO CORDEIRO DE SOUZA,,EM FRENTE A IGREJA BATISTA MISSIONÁRIA,IBURA,,COLISÃO FRONTAL,1,1,0,0,0,0,0,1,0
2521,202321218,2023-09-13 0:00:00,8:24:00,COM VÍTIMA,FINALIZADA,IMBIRIBEIRA,AV MARECHAL MASCARENHAS DE MORAES,,PROX AO ARMAZEM CORAL E PROX A PRO ART,IMBIRIBEIRA,,COLISÃO,0,1,0,0,0,0,0,1,0