_id,Protocolo,data,hora,natureza,situacao,bairro,endereco,detalhe_endereco_acidente,complemento,bairro_cruzamento,sentido_via,tipo,auto,moto,ciclista,pedestre,onibus,caminhao,viatura,vitimas,vitimasfatais
2522,202321226,2023-09-13 0:00:00,9:27:00,COM VÍTIMA,FINALIZADA,CAXANGA,RUA CLAUDIO BROTHERHOOD,,,CAXANGA,,COLISÃO LATERAL,1,1,0,0,0,0,0,1,0
2523,202321228,2023-09-13 0:00:00,9:44:00,COM VÍTIMA,DUPLICIDADE,CORDEIRO,AV CAXANGA,,PROX A EXPOSIÇÃO DE ANIMAIS / AO LADFO DA REPUBLICA DO PÃO,CORDEIRO,,COLISÃO,0,1,0,0,0,0,0,1,0
2524,202321236,2023-09-13 0:00:00,10:39:00,COM VÍTIMA,FINALIZADA,COELHOS,RUA DOS COELHOS,PTE JOAQUIM CARDOSO,APOS O IMIP / SOBRE O VIADUTO JOAQUIM CARDOSO,COELHOS,,COLISÃO TRASEIRA,0,1,0,0,0,0,0,1,0
2525,202321237,2023-09-13 0:00:00,10:48:00,COM VÍTIMA,FINALIZADA,PINA,PTE AGAMENON MAGALHAES,,SOBRE A PONTE,PINA,,QUEDA,0,1,0,0,0,0,0,1,0
2526,202321238,2023-09-13 0:00:00,10:54:00,COM VÍTIMA,FINALIZADA,CASA FORTE,AV DEZESSETE DE AGOSTO,,PRAÇA DE CASA FORTE,CASA FORTE,,COLISÃO LATERAL,0,2,0,0,0,0,0,1,0
2527,202321239,2023-09-13 0:00:00,11:13:00,COM VÍTIMA,FINALIZADA,ALTO DO MANDU,AV DR EURICO CHAVES,,PROX A FARMACIA MANDACARU,ALTO DO MANDU,,COLISÃO,0,1,0,0,0,0,0,1,0
2528,202321241,2023-09-13 0:00:00,12:57:00,COM VÍTIMA,FINALIZADA,SANTO AMARO,AV NORTE MIGUEL ARRAES DE ALENCAR,RUA DA AURORA,,SANTO AMARO,,COLISÃO TRANSVERSAL,2,0,0,0,0,0,0,2,0
2529,202321245,2023-09-13 0:00:00,2:05:00,COM VÍTIMA,FINALIZADA,IPSEP,AV RECIFE,AV DOM HELDER CAMARA,ARMAZÉM CORAL,IPSEP,,ATROPELAMENTO DE PESSOA,0,1,0,1,0,0,0,1,0
2530,202321253,2023-09-13 0:00:00,4:16:00,SEM VÍTIMA,FINALIZADA,,RUA BENFICA,AV VISCONDE DE ALBUQUERQUE,,,CIDADE,COLISÃO TRANSVERSAL,1,1,0,0,0,0,0,0,0
2531,202321257,2023-09-13 0:00:00,5:52:00,COM VÍTIMA,FINALIZADA,SANTO AMARO,AV CRUZ CABUGA,,EM FRENTE AO MERCADO DE SANTO AMARO,SANTO AMARO,,CHOQUE,1,0,0,0,0,0,0,1,0
2532,202321267,2023-09-13 0:00:00,7:13:00,COM VÍTIMA,CANCELADA,JORDAO,RUA ESTRELA D'OESTE,,PROXIMO A PANIFICADORA JANAINA,JORDAO,,COLISÃO TRANSVERSAL,2,0,0,0,0,0,0,1,0
2533,202321273,2023-09-14 0:00:00,12:20:00,COM VÍTIMA,CANCELADA,BREJO DA GUABIRABA,AV VEREADOR OTACILIO AZEVEDO,,PRÓXIMO AO CAMPO DO FLUMINENSE,BREJO DA GUABIRABA,,COLISÃO,0,1,0,0,0,0,0,1,0
2534,202321282,2023-09-14 0:00:00,6:48:00,COM VÍTIMA,FINALIZADA,PRADO,AV ENGENHEIRO ABDIAS DE CARVALHO,,EM FRENTE AO LABORATORIO CERPE,PRADO,,COLISÃO COM CICLISTA,0,0,1,0,0,1,0,1,0
2535,202321287,2023-09-14 0:00:00,7:09:00,COM VÍTIMA,FINALIZADA,AGUA FRIA,AV BEBERIBE,,"APOS A LOMBADA ELETRONICA, APOS A PADARIA SUBLIME PAO",AGUA FRIA,,COLISÃO LATERAL,0,1,0,0,0,0,0,1,0
2536,202321290,2023-09-14 0:00:00,7:13:00,COM VÍTIMA,FINALIZADA,DERBY,RUA HENRIQUE DIAS,,PROX AO RESTAURANTE COCO BAMBU / PROX AO COLEGIO DA PM,DERBY,,COLISÃO,0,1,0,0,0,0,0,1,0
2537,202321293,2023-09-14 0:00:00,8:03:00,COM VÍTIMA,FINALIZADA,BOMBA DO HEMETERIO,RUA BOMBA DO HEMETERIO,,PROX AO CLUBE ABANO / E PROX AO CANAL,BOMBA DO HEMETERIO,,COLISÃO,0,1,0,0,0,0,0,1,0
2538,202321302,2023-09-14 0:00:00,9:25:00,COM VÍTIMA,FINALIZADA,BOA VIAGEM,RUA FELIX DE BRITO E MELO,,PROX. AO BANCO BRADESCO,BOA VIAGEM,,COLISÃO LATERAL,0,1,0,0,0,0,0,1,0
2539,202321303,2023-09-14 0:00:00,9:33:00,COM VÍTIMA,FINALIZADA,BRASILIA TEIMOSA,AV BRASILIA FORMOSA,RUA PORAQUE,PROX AO BAR DO PÉ DE PORCO DO LULA,BRASILIA TEIMOSA,,COLISÃO LATERAL,1,1,0,0,0,0,0,1,0
2540,202321315,2023-09-14 0:00:00,11:54:00,COM VÍTIMA,FINALIZADA,IMBIRIBEIRA,AV MARECHAL MASCARENHAS DE MORAES,,"EM FRENTE A FLOR ART, SENT. AEROPORTO",IMBIRIBEIRA,,COLISÃO TRASEIRA,1,1,0,0,0,0,0,1,0
2541,202321316,2023-09-14 0:00:00,12:30:00,COM VÍTIMA,FINALIZADA,AREIAS,AV DR JOSE RUFINO,,EM FRENTE A LOJAS AMERICANAS,AREIAS,,COLISÃO,0,1,0,0,0,0,0,1,0
2542,202321323,2023-09-14 0:00:00,12:58:00,COM VÍTIMA,CANCELADA,IPUTINGA,AV MAURICIO DE NASSAU,,PROX AO SUPERMERCADO RENDE MAIS  E A LOMBADA ELETRONICA,IPUTINGA,,COLISÃO LATERAL,0,1,0,0,0,0,0,1,0
2543,202321342,2023-09-14 0:00:00,4:08:00,COM VÍTIMA,FINALIZADA,TORRE,RUA CONDE DE IRAJA,,E/F A PRAÇA CAMPELO BARRETO,TORRE,,COLISÃO FRONTAL,1,1,0,0,0,0,0,1,0
2544,202321350,2023-09-14 0:00:00,6:15:00,SEM VÍTIMA,CANCELADA,AREIAS,AV RECIFE,,PROX A ENTRADA DA VILA TAMANDARÉ  E LADO OPOSTO A LOJA ALEXANDRE GALVÃO SENTIDO BOA VIAGEM CIDADE UNIVERSITARIA,AREIAS,,COLISÃO TRASEIRA,2,0,0,0,0,0,0,0,0
2545,202321352,2023-09-14 0:00:00,7:15:00,COM VÍTIMA,FINALIZADA,IPSEP,RUA JEAN EMILE FAVRE,,EM FRENTE AO SUPERMERCADO IGUAÇU,IPSEP,,COLISÃO LATERAL,1,1,0,0,0,0,0,2,0
2546,202321356,2023-09-14 0:00:00,9:27:00,COM VÍTIMA,FINALIZADA,CORDEIRO,RUA DR MIGUEL VIEIRA FERREIRA,RUA CLAUDIO BROTHERHOOD,,CORDEIRO,,COLISÃO FRONTAL,1,1,0,0,0,0,0,1,0
2547,202321371,2023-09-15 0:00:00,7:34:00,COM VÍTIMA,FINALIZADA,SAN MARTIN,AV GENERAL SAN MARTIN,,PROX A ACADEMIA SMART GYNFIT,SAN MARTIN,,COLISÃO LATERAL,1,1,0,0,0,0,0,1,0
2548,202321381,2023-09-15 0:00:00,9:13:00,SEM VÍTIMA,FINALIZADA,BOA VIAGEM,AV ENGENHEIRO DOMINGOS FERREIRA,,OPOSTO AO Nº 2391,BOA VIAGEM,SUBURBIO,COLISÃO TRANSVERSAL,0,0,0,0,1,0,1,0,0
2549,202321385,2023-09-15 0:00:00,10:05:00,COM VÍTIMA,FINALIZADA,ILHA DO LEITE,AV FREI MATIAS TEVES,,EM FRENTE AO EDIFICIO GRAMBEL / LADO CONTRARIO AO HOSPITAL PORTUGUÊS,ILHA DO LEITE,,COLISÃO,0,1,0,0,0,0,0,1,0
2550,202321405,2023-09-15 0:00:00,2:37:00,COM VÍTIMA,FINALIZADA,AFOGADOS,RUA DA PAZ,PRC DA PAZ,EM FRENTE AO BANCO ITAÚ   E A PLICLINICA DO LARGO DA PAZ E A ESTAÇAO DOP METRO,AFOGADOS,,COLISÃO LATERAL,1,1,0,0,0,0,0,2,0
2551,202321417,2023-09-15 0:00:00,5:30:00,COM VÍTIMA,FINALIZADA,SAO JOSE,AV SUL,,PROX AO QUARTEL DO CABANGA,SAO JOSE,,COLISÃO LATERAL,0,0,0,0,0,0,0,1,0
2552,202321418,2023-09-15 0:00:00,5:41:00,COM VÍTIMA,FINALIZADA,IBURA,AV DOIS RIOS,,IBURA DE BAIXO PROX AOP SESI  E/F AO POSTO SHELL,IBURA,,COLISÃO LATERAL,0,2,0,0,0,0,0,1,0
2553,202321419,2023-09-15 0:00:00,6:02:00,COM VÍTIMA,FINALIZADA,GRACAS,AV CONS ROSA E SILVA,,EM FRENTE AO  HOSPITAL DO SERVIDOR,GRACAS,,COLISÃO COM CICLISTA,1,0,1,0,0,0,0,1,0
2554,202321421,2023-09-15 0:00:00,7:01:00,COM VÍTIMA,CANCELADA,NOVA DESCOBERTA,RUA SANTA TEREZA,,PROXIMO AO TERMINAL DE NOVA DESCOBERTA,NOVA DESCOBERTA,,COLISÃO FRONTAL,0,1,0,0,0,0,0,1,0
2555,202321429,2023-09-15 0:00:00,7:38:00,COM VÍTIMA,FINALIZADA,SANTO AMARO,AV DR JAYME DA FONTE,,EM FRENTE A COMPESA,SANTO AMARO,,COLISÃO LATERAL,0,1,0,0,0,0,0,1,0
2556,202321434,2023-09-15 0:00:00,10:33:00,COM VÍTIMA,CANCELADA,CAXANGA,AV CAXANGA,,PROXIMO A FACULDADE SANTA HELENA,CAXANGA,,COLISÃO FRONTAL,0,1,0,0,0,0,0,1,0
2557,202321435,2023-09-15 0:00:00,10:35:00,COM VÍTIMA,CANCELADA,SANCHO,RUA MARIA DE LOURDES DA SILVA,,EM FRENTE A ANTONIO DO LEITE/ APOS O HOSPITAL OTAVIO DE FREITAS,SANCHO,,COLISÃO FRONTAL,0,1,0,0,0,0,0,1,0
2558,202321437,2023-09-16 0:00:00,1:29:00,COM VÍTIMA,CANCELADA,PASSARINHO,RUA CHORAO,,PRÓXIMO AO BIU DO GÁS E ARMAZÉM DO IRMÃO,PASSARINHO,,COLISÃO,0,1,0,0,0,0,0,1,0
2559,202321455,2023-09-16 0:00:00,7:23:00,COM VÍTIMA,FINALIZADA,PASSARINHO,RUA CORREGO DA BICA,,EM FRENTE AO JACARE BURGUER E PROX. AO TERMINAL DE ONIBUS DE NOVA DESCOBERTA,PASSARINHO,,COLISÃO LATERAL,0,1,0,0,0,0,0,1,0
2560,202321458,2023-09-16 0:00:00,8:33:00,COM VÍTIMA,FINALIZADA,AFOGADOS,RUA COSME VIANA,EST DOS REMEDIOS,EM FRENTE A TUPAN / E EM FRENTE A PRAÇA AO LADO  DA IGREJA DA NOSSA SENHORA DOS REMEDIOS,AFOGADOS,,COLISÃO,0,1,0,0,0,0,0,1,0
2561,202321476,2023-09-16 0:00:00,12:25:00,COM VÍTIMA,FINALIZADA,IMBIRIBEIRA,AV MARECHAL MASCARENHAS DE MORAES,,EM FRENTE AO HOTEL AEROPORTO / PROX AO VIADUTO TRANCREDO NEVES,IMBIRIBEIRA,SUBURBIO,COLISÃO,0,1,0,0,0,0,0,1,0
2562,202321477,2023-09-16 0:00:00,12:28:00,COM VÍTIMA,FINALIZADA,IPSEP,RUA JEAN EMILE FAVRE,,EM FRENTE A DELEGACIA DO IPSEP,IPSEP,,COLISÃO FRONTAL,1,1,0,0,0,0,0,1,0
2563,202321479,2023-09-16 0:00:00,12:53:00,COM VÍTIMA,FINALIZADA,APIPUCOS,RUA DE APIPUCOS,RUA DOM MALAN,,APIPUCOS,,COLISÃO TRANSVERSAL,0,0,0,0,0,0,0,1,0
2564,202321485,2023-09-16 0:00:00,2:38:00,COM VÍTIMA,FINALIZADA,ESPINHEIRO,RUA QUARENTA E OITO,AV GOVERNADOR AGAMENON MAGALHAES,EM BAIXO DO  VIADUTO JOÃO DE BARROS,ESPINHEIRO,,COLISÃO TRASEIRA,1,1,0,0,0,0,0,1,0
2565,202321488,2023-09-16 0:00:00,3:03:00,COM VÍTIMA,FINALIZADA,CORDEIRO,AV CAXANGA,,E/F A EXPOSIÇAO DE ANIMAIS  S/T SUB,CORDEIRO,,COLISÃO TRASEIRA,0,2,0,0,0,0,0,1,0
2566,202321500,2023-09-16 0:00:00,5:30:00,COM VÍTIMA,FINALIZADA,SANCHO,RUA PAULINO DE FARIAS,,PROX AO HOSPITAL OTAVIO DE FREITAS,SANCHO,,COLISÃO LATERAL,0,0,0,0,0,0,0,1,0
2567,202321501,2023-09-16 0:00:00,6:21:00,COM VÍTIMA,FINALIZADA,CAXANGA,AV CAXANGA,,EM FRENTE DA ESTAÇÃO DO BRT DEPOIS DA PONTE DA CAXANGÁ,CAXANGA,CIDADE,COLISÃO TRASEIRA,1,1,0,0,0,0,0,1,0
2568,202321504,2023-09-16 0:00:00,6:58:00,COM VÍTIMA,FINALIZADA,JAQUEIRA,AV SANTOS DUMONT,,,JAQUEIRA,,COLISÃO,1,1,0,0,0,0,0,1,0
2569,202321511,2023-09-16 0:00:00,9:03:00,COM VÍTIMA,FINALIZADA,PRADO,RUA GOMES TABORDA,,EM FRENTE AO BAILE PERFUMADO E MADEIREIRA SÃO JUDAS TADEU,PRADO,,QUEDA,1,1,0,0,0,0,0,1,0
2570,202321513,2023-09-16 0:00:00,9:18:00,COM VÍTIMA,DUPLICIDADE,PRADO,RUA GOMES TABORDA,,MADEIRA SÃO JUDAS TADEU,PRADO,,QUEDA,0,1,0,0,0,0,0,1,0
2571,202321514,2023-09-16 0:00:00,9:52:00,COM VÍTIMA,FINALIZADA,IPSEP,AV RECIFE,,"PRÓXIMO AO ARMAZÉM CORAL, SAÍDA DO IBURA",IPSEP,,COLISÃO,0,0,0,0,0,0,0,1,0
2572,202321516,2023-09-16 0:00:00,11:20:00,COM VÍTIMA,FINALIZADA,BOMBA DO HEMETERIO,COR DO BARTOLOMEU,,EM FRENTE A SORVETERIA SORVETÃO,BOMBA DO HEMETERIO,,COLISÃO LATERAL,2,1,0,0,0,0,0,2,0
2573,202321526,2023-09-17 0:00:00,5:19:00,SEM VÍTIMA,FINALIZADA,IMBIRIBEIRA,RUA JOSE DA SILVA LUCENA,,,IMBIRIBEIRA,,COLISÃO LATERAL,2,0,0,0,0,0,0,0,0
2574,202321532,2023-09-17 0:00:00,7:16:00,COM VÍTIMA,FINALIZADA,DOIS IRMAOS,RUA MANUEL DE MEDEIROS,,EM FRENTE AO LAFEPE,DOIS IRMAOS,,QUEDA,0,1,0,0,0,0,0,1,0
2575,202321553,2023-09-17 0:00:00,10:35:00,COM VÍTIMA,FINALIZADA,BOA VISTA,RUA DA SOLEDADE,,RUA POR TRAS DO ALTINO VENTURA,BOA VISTA,,COLISÃO LATERAL,2,0,0,0,0,0,0,1,0
2576,202321555,2023-09-17 0:00:00,11:32:00,COM VÍTIMA,FINALIZADA,JORDAO,RUA ALBERTO LUNDGREN,,NA SUBIDA DO BALAIO PROX A FEIRA DO TROCA,JORDAO,,COLISÃO TRASEIRA,1,2,0,0,0,0,0,3,0
2577,202321578,2023-09-17 0:00:00,4:29:00,COM VÍTIMA,FINALIZADA,IPUTINGA,RUA SAO MATEUS,,CONDOMINIO JARDIM RENASCENÇA,IPUTINGA,,COLISÃO LATERAL,1,1,0,0,0,0,0,1,0
2578,202321592,2023-09-17 0:00:00,8:44:00,SEM VÍTIMA,CANCELADA,CIDADE UNIVERSITARIA,AV PROFESSOR ARTUR DE SA,,HOSPITAL DAS CLINICAS,CIDADE UNIVERSITARIA,,COLISÃO FRONTAL,2,0,0,0,0,0,0,0,0
2579,202321593,2023-09-17 0:00:00,10:09:00,COM VÍTIMA,FINALIZADA,BOA VIAGEM,AV ENGENHEIRO DOMINGOS FERREIRA,,RUA CEL BENEDITO CHAVES,BOA VIAGEM,,COLISÃO LATERAL,1,1,0,0,0,0,0,1,0
2580,202321596,2023-09-18 0:00:00,12:18:00,SEM VÍTIMA,FINALIZADA,DOIS UNIDOS,1TR CORREGO DO CURIO,,"POR TRÁS DA UPA DE NOVA DESCOBERTA. OBS: O LOGRADOURO CORRETO É A ""RUA CÓRREGO DO CURIÓ"", QUE NÃO TEM CADASTRO NESTA PLANILHA,   E QUE JÁ FOI SOLICITADO AO GCM IVO AURÉLIO.",DOIS UNIDOS,SUBURBIO,CHOQUE,0,0,0,0,0,0,1,0,0
2581,202321607,2023-09-18 0:00:00,7:16:00,COM VÍTIMA,FINALIZADA,PRADO,RUA SANTA EDWIRGES,AV ENGENHEIRO ABDIAS DE CARVALHO,PROX. A ENGEFRIO,PRADO,,QUEDA,1,1,0,0,0,0,0,1,0
2582,202321611,2023-09-18 0:00:00,7:25:00,COM VÍTIMA,FINALIZADA,IMBIRIBEIRA,AV MARECHAL MASCARENHAS DE MORAES,RUA MIS JOEL CARLSON,NO SEMAFORO 287,IMBIRIBEIRA,,COLISÃO LATERAL,1,1,0,0,0,0,0,1,0
2583,202321618,2023-09-18 0:00:00,8:32:00,COM VÍTIMA,FINALIZADA,TEJIPIO,RUA FALCAO DE LACERDA,,EM FRENTE A PRAÇA DE TEJIPIO  / PROX A OFICINA GUILMARA,TEJIPIO,,COLISÃO,0,1,0,0,0,0,0,1,0
2584,202321619,2023-09-18 0:00:00,8:35:00,COM VÍTIMA,FINALIZADA,CASA AMARELA,AV NORTE MIGUEL ARRAES DE ALENCAR,,"EM FRENTE A AGENCIA DE EMPREGOS, SENT. MACAXEIRA",CASA AMARELA,,COLISÃO TRASEIRA,0,1,0,0,1,0,0,1,0
2585,202321621,2023-09-18 0:00:00,8:38:00,COM VÍTIMA,FINALIZADA,ARRUDA,AV PROFESSOR JOSE DOS ANJOS,,PROX A PONTE E LOJA DEMILLA MODAS,ARRUDA,,COLISÃO,0,1,0,0,0,0,0,1,0
2586,202321624,2023-09-16 0:00:00,12:00:00,COM VÍTIMA,FINALIZADA,IMBIRIBEIRA,AV MARECHAL MASCARENHAS DE MORAES,,"APOS VIADUTO TANCREDO NEVES, SENTIDO AEROPORTO",IMBIRIBEIRA,SUBURBIO,COLISÃO TRASEIRA,1,1,0,0,0,0,0,1,0
2587,202321625,2023-09-18 0:00:00,9:38:00,COM VÍTIMA,FINALIZADA,SAN MARTIN,AV GENERAL SAN MARTIN,,PROXIMO  A DROGASIL,SAN MARTIN,,COLISÃO TRASEIRA,1,1,0,0,0,0,0,1,0
2588,202321626,2023-09-18 0:00:00,9:40:00,COM VÍTIMA,FINALIZADA,CABANGA,AV ENGENHEIRO JOSE ESTELITA,,SOB O VIADUTO DO CAPITÃO TEMUDO,CABANGA,,COLISÃO,1,1,0,0,0,0,0,1,0
2589,202321627,2023-09-18 0:00:00,9:48:00,COM VÍTIMA,FINALIZADA,SANTO AMARO,AV NORTE MIGUEL ARRAES DE ALENCAR,AV CRUZ CABUGA,,SANTO AMARO,,COLISÃO,1,1,0,0,0,0,0,1,0
2590,202321631,2023-09-18 0:00:00,10:34:00,COM VÍTIMA,FINALIZADA,MADALENA,AV BEIRA RIO,,EM FRENTE AO EDF. SOBRADO DO  CAPIBARIBE,MADALENA,,COLISÃO TRASEIRA,1,1,0,0,0,0,0,1,0
2591,202321635,2023-09-18 0:00:00,10:50:00,COM VÍTIMA,FINALIZADA,IBURA,AV DOIS RIOS,,EM FRENTE A IGREJA DOS MORMONS / PROX A UPINHA,IBURA,,COLISÃO,0,1,0,0,0,0,0,1,0
2592,202321641,2023-09-18 0:00:00,11:47:00,COM VÍTIMA,DUPLICIDADE,CAXANGA,AV PROFESSOR MORAES REGO,,EM FRENTE AO HOSPITAL HAPVIDA E AO POSTO BR,CAXANGA,,COLISÃO,0,1,0,0,0,0,0,1,0
2593,202321643,2023-09-18 0:00:00,12:01:00,COM VÍTIMA,FINALIZADA,VARZEA,RUA MARECHAL MANOEL LUIS OSORIO,,PROX AO HAPVIDA,VARZEA,,COLISÃO,0,1,0,0,0,0,0,1,0
2594,202321645,2023-09-18 0:00:00,12:08:00,COM VÍTIMA,FINALIZADA,MADALENA,AV BEIRA RIO,RUA JOSE OSORIO,PROX A PONTE DE CAPUNGA / PROX A A FACULDADE MAURICIO DE NASSAU,MADALENA,,CHOQUE,1,0,0,0,0,0,0,1,0
2595,202321652,2023-09-18 0:00:00,1:05:00,COM VÍTIMA,FINALIZADA,CASA AMARELA,EST DO ARRAIAL,,E/F AO SITIO DA TRINDADE,CASA AMARELA,,COLISÃO TRASEIRA,1,1,0,0,0,0,0,1,0
2596,202321667,2023-09-18 0:00:00,4:32:00,COM VÍTIMA,FINALIZADA,NOVA DESCOBERTA,AV CHAGAS FERREIRA,,PROX AO CAMPO DO DALICIA  E NA SUB DO ALTO SANTA TEREZA,NOVA DESCOBERTA,,COLISÃO FRONTAL,1,1,0,0,1,0,0,4,0
2597,202321668,2023-09-18 0:00:00,4:35:00,COM VÍTIMA,FINALIZADA,AFOGADOS,RUA SAO MIGUEL,RUA LUIZ PEREIRA DE FARIAS,REPASSADA PELO COP,AFOGADOS,,COLISÃO,1,0,0,0,0,0,0,1,0
2598,202321671,2023-09-18 0:00:00,4:52:00,COM VÍTIMA,FINALIZADA,BOA VIAGEM,RUA PROFESSOR SIMOES BARBOSA,,,BOA VIAGEM,,COLISÃO,0,0,0,0,0,0,0,1,0
2599,202321672,2023-09-18 0:00:00,5:28:00,COM VÍTIMA,FINALIZADA,CAMPO GRANDE,RUA ODORICO MENDES,,EM FRENTE AO CLUBE DAS PÁS,CAMPO GRANDE,,COLISÃO TRASEIRA,1,1,0,0,0,0,0,1,0
2600,202321673,2023-09-18 0:00:00,5:30:00,COM VÍTIMA,FINALIZADA,JIQUIA,RUA SAO MIGUEL,,E/F A DROGARIA BONGI,JIQUIA,,COLISÃO LATERAL,1,1,0,0,0,0,0,1,0
2601,202321674,2023-09-18 0:00:00,5:52:00,COM VÍTIMA,FINALIZADA,CIDADE UNIVERSITARIA,AV PROFESSOR ARTUR DE SA,,EM FRENTE A UFPE E PROXIMO AO POSTO BR,CIDADE UNIVERSITARIA,,COLISÃO LATERAL,0,1,0,0,0,0,0,1,0
2602,202321675,2023-09-18 0:00:00,5:56:00,COM VÍTIMA,FINALIZADA,CAMPO GRANDE,RUA SAO CAETANO,,EM FRENTE A PIZZARIA DE SIRLANE,CAMPO GRANDE,,COLISÃO LATERAL,0,1,0,0,0,0,0,1,0
2603,202321683,2023-09-18 0:00:00,11:19:00,COM VÍTIMA,FINALIZADA,SANTO AMARO,RUA TREZE DE MAIO,RUA FREI CASSIMIRO,EN FRENTE A MODESTO BORRACHARIA,SANTO AMARO,,COLISÃO TRANSVERSAL,1,1,0,0,0,0,0,1,0
2604,202321700,2023-09-19 0:00:00,7:18:00,COM VÍTIMA,FINALIZADA,TORROES,AV ENGENHEIRO ABDIAS DE CARVALHO,,"PROX. AO POSTO DE GASOLINA BR, AO LADO DO ANTIGO YOKI",TORROES,,COLISÃO LATERAL,0,1,0,0,0,0,0,1,0
2605,202321703,2023-09-19 0:00:00,7:38:00,COM VÍTIMA,FINALIZADA,TAMARINEIRA,EST VELHA DE AGUA FRIA,,PROX. AO DENOX,TAMARINEIRA,,COLISÃO LATERAL,0,1,0,0,0,0,0,1,0
2606,202321708,2023-09-19 0:00:00,8:29:00,COM VÍTIMA,FINALIZADA,TORREAO,AV GOVERNADOR AGAMENON MAGALHAES,,PROX. AO HOSPITAL HAP VIDA SENT. BOA VIAGEM,TORREAO,,COLISÃO LATERAL,0,1,0,0,0,0,0,1,0
2607,202321710,2023-09-19 0:00:00,8:53:00,COM VÍTIMA,FINALIZADA,MADALENA,RUA JOSE OSORIO,,PROX. A MORAIS MULTIMARCAS VEICULOS,MADALENA,,COLISÃO LATERAL,1,1,0,0,0,0,0,2,0
2608,202321711,2023-09-19 0:00:00,8:59:00,COM VÍTIMA,FINALIZADA,SAN MARTIN,RUA COMENDADOR FRANCO FERREIRA,,AO LADO DA CAVALARIA E PROX A PRAÇA DE EVENTOS DE SAN MARTINS,SAN MARTIN,,COLISÃO,1,1,0,0,0,0,0,1,0
2609,202321713,2023-09-19 0:00:00,9:05:00,COM VÍTIMA,FINALIZADA,CASA AMARELA,AV DR EURICO CHAVES,,PROX. AO BREGOSO BURGUER E BARBEARIA NAVALHA,CASA AMARELA,,COLISÃO LATERAL,0,1,0,0,0,0,0,1,0
2610,202321719,2023-09-19 0:00:00,10:11:00,COM VÍTIMA,FINALIZADA,CASA AMARELA,RUA CONS PERETTI,,PROX A TRATORIA DA DANI / PROX A BARBEARIA LA ROSA /,CASA AMARELA,,COLISÃO,0,1,0,0,0,0,0,1,0
2611,202321738,2023-09-19 0:00:00,12:40:00,COM VÍTIMA,FINALIZADA,SANTO AMARO,RUA DO HOSPICIO,,EM FRENTE A CÂMARA DE VEREADORES,SANTO AMARO,,COLISÃO LATERAL,1,1,0,0,0,0,0,1,0
2612,202321741,2023-09-19 0:00:00,1:06:00,COM VÍTIMA,FINALIZADA,ENGENHO DO MEIO,RUA ANTONIO CURADO,,EM FRENTE AO CLUBE DA SUDENE,ENGENHO DO MEIO,,COLISÃO,0,1,0,0,0,0,0,1,0
2613,202321742,2023-09-19 0:00:00,1:10:00,COM VÍTIMA,FINALIZADA,ILHA DO LEITE,RUA MARQUES AMORIM,,EM FRENTE AO EMPRESARIAL ILHA DO LEITE,ILHA DO LEITE,,COLISÃO LATERAL,1,1,0,0,0,0,0,1,0
2614,202321746,2023-09-19 0:00:00,1:44:00,COM VÍTIMA,FINALIZADA,BOA VIAGEM,AV ENGENHEIRO DOMINGOS FERREIRA,RUA BRUNO VELOSO,REALIZAR VARREDURA,BOA VIAGEM,,COLISÃO TRASEIRA,0,0,0,0,0,0,0,1,0
2615,202321747,2023-09-19 0:00:00,2:05:00,COM VÍTIMA,FINALIZADA,ENCRUZILHADA,AV BEBERIBE,,EM FRENTE A ESCOLA NUCLEO ATITUDE E A FERREIRA PINTO,ENCRUZILHADA,,QUEDA,0,1,0,0,0,0,0,1,0
2616,202321756,2023-09-19 0:00:00,3:57:00,COM VÍTIMA,FINALIZADA,BOA VIAGEM,RUA ANTONIO FALCAO,,NO SEMAFORO 006  E/F AO EMPRESARIAL OTAVIANO DIAS,BOA VIAGEM,,COLISÃO LATERAL,1,1,0,0,0,0,0,1,0
2617,202321777,2023-09-19 0:00:00,8:22:00,COM VÍTIMA,FINALIZADA,CASA FORTE,AV DEZESSETE DE AGOSTO,,EM FRENTE AO POSTO DE SAUDE ERMILIO DE MORAES E AO POSTO DE COMBUSTIVEL AMIGÃO,CASA FORTE,,COLISÃO LATERAL,0,1,0,0,0,0,0,1,0
2618,202321779,2023-09-19 0:00:00,9:34:00,COM VÍTIMA,CANCELADA,IBURA,RUA JOSE LEONCIO GALVAO,AV RIO LARGO,PRÓXIMO À ECO ESTAÇÃO DA PREFEITURA,IBURA,,COLISÃO,0,1,0,0,0,0,0,1,0
2619,202321780,2023-09-19 0:00:00,11:18:00,COM VÍTIMA,FINALIZADA,AREIAS,AV RECIFE,,E/F AO CONDOMINIO INGNEZ ANDREAZA - SENTIDO AEROPORTO,AREIAS,,ATROPELAMENTO DE PESSOA,0,0,0,1,0,1,0,1,0