_id,Protocolo,data,hora,natureza,situacao,bairro,endereco,detalhe_endereco_acidente,complemento,bairro_cruzamento,sentido_via,tipo,auto,moto,ciclista,pedestre,onibus,caminhao,viatura,vitimas,vitimasfatais
2620,202321781,2023-09-19 0:00:00,11:21:00,COM VÍTIMA,CANCELADA,IMBIRIBEIRA,AV MARECHAL MASCARENHAS DE MORAES,,PRÓXIMO ÀS LOJAS FERREIRA COSTA E CASAS BAHIA,IMBIRIBEIRA,,COLISÃO,0,1,0,0,0,0,0,1,0
2621,202321798,2023-09-20 0:00:00,7:17:00,COM VÍTIMA,FINALIZADA,AREIAS,AV RECIFE,,EM FRENTE AO ATACADÃO / E O ANTIGO MACRO,AREIAS,,COLISÃO,0,1,0,0,0,0,0,1,0
2622,202321799,2023-09-20 0:00:00,7:17:00,COM VÍTIMA,FINALIZADA,VARZEA,RUA EDUARDO PRADO,,AO LADO DA INTEGRAÇÃO COSME DAMIÃO / PROX A FARMACIA PRIMAVERA,VARZEA,,COLISÃO LATERAL,2,0,0,0,0,0,0,1,0
2623,202321801,2023-09-20 0:00:00,7:38:00,COM VÍTIMA,FINALIZADA,IMBIRIBEIRA,AV MARECHAL MASCARENHAS DE MORAES,,EM FRENTE AO AEROPORTO / PROX A LOCADORA DE AUTOMOVEL UNIDAS,IMBIRIBEIRA,,COLISÃO,0,1,0,0,0,0,0,1,0
2624,202321802,2023-09-20 0:00:00,7:38:00,COM VÍTIMA,FINALIZADA,JAQUEIRA,RUA PADRE ROMA,,PROX. AO BAR DO NENO E CIRURGICA MEDINI,JAQUEIRA,,COLISÃO LATERAL,0,1,0,0,0,0,0,1,0
2625,202321805,2023-09-20 0:00:00,7:53:00,COM VÍTIMA,FINALIZADA,ESPINHEIRO,VDO INDEPENDENCIA,,NA DESCIDA DO VIADUTO QUE PASSA POR CIMA DA AVENIDA NORTE - SENTIDO BOA VIAGEM,ESPINHEIRO,,COLISÃO TRANSVERSAL,0,1,0,0,1,0,0,1,0
2626,202321806,2023-09-20 0:00:00,7:57:00,COM VÍTIMA,DUPLICIDADE,SANTO AMARO,AV GOVERNADOR AGAMENON MAGALHAES,,EM CIMA DO VIADUTO JOÃO DE BARROS / SENTIDO DERBY,SANTO AMARO,,COLISÃO,0,1,0,0,0,0,0,1,0
2627,202321811,2023-09-20 0:00:00,8:31:00,COM VÍTIMA,FINALIZADA,JORDAO,AV MARIA IRENE,,"NA SAIDA DO TUNEL FELIPE CAMARÃO, SENT. JORDAO",JORDAO,,COLISÃO COM CICLISTA,0,1,1,0,0,0,0,2,0
2628,202321813,2023-09-20 0:00:00,8:34:00,COM VÍTIMA,FINALIZADA,CAXANGA,AV JOAQUIM RIBEIRO,,ENCIMA DA PONTE DA CAXANGA / PROX A UPA,CAXANGA,,COLISÃO,0,1,0,0,0,0,0,1,0
2629,202321828,2023-09-20 0:00:00,9:58:00,COM VÍTIMA,FINALIZADA,AGUA FRIA,AV BEBERIBE,,"EM FRENTE A ACADEMIA  CIA DO CORPO, PROX. AO SUPERMERCADO DOIS IRMÃOS",AGUA FRIA,,ATROPELAMENTO DE PESSOA,0,1,0,1,0,0,0,1,0
2630,202321829,2023-09-20 0:00:00,10:06:00,SEM VÍTIMA,FINALIZADA,BOA VIAGEM,RUA COSMORAMA,,EM FRENTE A ESCOLA ESTADUAL AUGUSTO SEVERO,BOA VIAGEM,,COLISÃO FRONTAL,1,0,0,0,0,0,1,0,0
2631,202321852,2023-09-20 0:00:00,1:27:00,COM VÍTIMA,FINALIZADA,PONTO DE PARADA,RUA PORCIUNCULA,,,PONTO DE PARADA,,COLISÃO,0,0,0,0,0,0,0,1,0
2632,202321854,2023-09-20 0:00:00,1:52:00,COM VÍTIMA,FINALIZADA,BOA VISTA,RUA JOAQUIM FELIPE,,,BOA VISTA,,COLISÃO,0,0,0,0,0,0,0,1,0
2633,202321870,2023-09-20 0:00:00,6:19:00,COM VÍTIMA,FINALIZADA,DERBY,AV GOVERNADOR AGAMENON MAGALHAES,,EM FRENTE AO HR,DERBY,,COLISÃO,0,1,0,0,0,0,0,1,0
2634,202321877,2023-09-20 0:00:00,8:51:00,COM VÍTIMA,FINALIZADA,ARRUDA,AV BEBERIBE,,EM FRENTE AO CAMPO DO SANTA CRUZ,ARRUDA,,ATROPELAMENTO DE PESSOA,0,1,0,1,0,0,0,1,0
2635,202321878,2023-09-20 0:00:00,7:50:00,COM VÍTIMA,FINALIZADA,BOA VISTA,RUA DO HOSPICIO,,EM FRENTE A FIGUEIRA CLAÇADOS,BOA VISTA,,COLISÃO,0,0,0,0,0,0,0,1,0
2636,202321879,2023-09-20 0:00:00,7:50:00,COM VÍTIMA,FINALIZADA,AFOGADOS,EST DOS REMEDIOS,,PRÓXIMO À FARMACIA DO TRABALHADOR E DA IGREJA CATÓLICA,AFOGADOS,,COLISÃO,0,0,0,0,0,0,0,1,0
2637,202321880,2023-09-20 0:00:00,9:21:00,SEM VÍTIMA,FINALIZADA,IMBIRIBEIRA,AV MARECHAL MASCARENHAS DE MORAES,,PRÓXIMO AO AEROPORTO,IMBIRIBEIRA,,CHOQUE,0,0,0,0,0,0,0,0,0
2638,202321894,2023-09-21 0:00:00,7:44:00,COM VÍTIMA,FINALIZADA,DOIS IRMAOS,RUA RIBEIRO PESSOA,,PROX A UPA DA CAXANGA / EM FRENTE AO PINTO FORMOSO,DOIS IRMAOS,,COLISÃO FRONTAL,1,1,0,0,0,0,0,1,0
2639,202321895,2023-09-21 0:00:00,8:05:00,COM VÍTIMA,FINALIZADA,SAN MARTIN,AV GENERAL SAN MARTIN,,PROX AO RESTAURANTE CHO DAN NORDESTINO / PROX AO GIRADOURO DE SAN MARTINS SENTIDO AV RECIFE,SAN MARTIN,,COLISÃO FRONTAL,1,1,0,0,0,0,0,2,0
2640,202321900,2023-09-21 0:00:00,8:45:00,COM VÍTIMA,CANCELADA,PRADO,AV ENGENHEIRO ABDIAS DE CARVALHO,,EM FRENTE KANTAM / PROX A ENGEFRIO,PRADO,,COLISÃO,0,1,0,0,0,0,0,1,0
2641,202321904,2023-09-21 0:00:00,8:57:00,SEM VÍTIMA,FINALIZADA,AFOGADOS,AV SUL,,TERMINAL INTEGRADO DE AFOGADOS,AFOGADOS,CIDADE,COLISÃO LATERAL,1,0,0,0,0,1,0,0,0
2642,202321905,2023-09-21 0:00:00,9:00:00,COM VÍTIMA,FINALIZADA,CORDEIRO,AV GENERAL SAN MARTIN,,"CRUZAMENTO COM A GOMES TABORDA, ANTIGA RUA DA LAMA / PROX A FARMACIA PAGUE MENOS / PROX AO SUPERMERCADO IDEAL ATACAREJO",CORDEIRO,,COLISÃO,0,1,0,0,0,0,0,1,0
2643,202321907,2023-09-21 0:00:00,9:31:00,COM VÍTIMA,FINALIZADA,ARRUDA,AV PROFESSOR JOSE DOS ANJOS,,PROX. AO BOMPREÇO E O CAMPO DO ARRUDA,ARRUDA,,COLISÃO LATERAL,0,1,0,0,0,0,0,1,0
2644,202321916,2023-09-21 0:00:00,11:44:00,SEM VÍTIMA,FINALIZADA,MADALENA,AV VISCONDE DE ALBUQUERQUE,RUA BARTOLOMEU DE GUSMAO,NA DESCIDA DA PONTE DA CAPUNGA,MADALENA,,COLISÃO TRANSVERSAL,0,0,0,0,0,0,0,0,0
2645,202321931,2023-09-21 0:00:00,3:30:00,SEM VÍTIMA,FINALIZADA,PARNAMIRIM,AV PARNAMIRIM,RUA TITO ROSAS,EM FRENTE AO POSTO SHELL,PARNAMIRIM,CIDADE,COLISÃO TRASEIRA,1,0,0,0,1,0,0,0,0
2646,202321934,2023-09-21 0:00:00,4:16:00,COM VÍTIMA,FINALIZADA,CASA AMARELA,AV NORTE MIGUEL ARRAES DE ALENCAR,,PROX YAMAHA E A MATARNIDADE BARROS LIMA,CASA AMARELA,CIDADE,COLISÃO TRASEIRA,1,1,0,0,0,0,0,2,0
2647,202321935,2023-09-21 0:00:00,4:21:00,SEM VÍTIMA,FINALIZADA,SAO JOSE,RUA IMPERIAL,,,SAO JOSE,SUBURBIO,COLISÃO TRASEIRA,1,0,0,0,0,0,1,0,0
2648,202321936,2023-09-21 0:00:00,4:47:00,COM VÍTIMA,FINALIZADA,CAMPO GRANDE,RUA ODORICO MENDES,,EM FRENTE AO CLUBE DAS PÁS,CAMPO GRANDE,,COLISÃO LATERAL,0,1,0,0,0,0,0,1,0
2649,202321938,2023-09-21 0:00:00,4:57:00,COM VÍTIMA,FINALIZADA,IPSEP,AV RECIFE,,EM FRENTE A RECIFE MOTOS E AO LADO DO DEPOSITO RECURSO NATURAL,IPSEP,,COLISÃO LATERAL,0,1,0,0,0,0,0,1,0
2650,202321940,2023-09-21 0:00:00,5:11:00,COM VÍTIMA,FINALIZADA,IMBIRIBEIRA,AV MARECHAL MASCARENHAS DE MORAES,,PROXIMO A LASER ELETRO,IMBIRIBEIRA,,COLISÃO LATERAL,0,1,0,0,0,0,0,1,0
2651,202321942,2023-09-21 0:00:00,5:38:00,COM VÍTIMA,FINALIZADA,LINHA DO TIRO,RUA PROFESSOR JOSE AMARINO DOS REIS,,APÓS A ASSEMBLEIA DE DEUS,LINHA DO TIRO,,COLISÃO LATERAL,0,1,0,0,0,0,0,1,0
2652,202321944,2023-09-21 0:00:00,5:47:00,COM VÍTIMA,FINALIZADA,SANTO AMARO,AV NORTE MIGUEL ARRAES DE ALENCAR,,POUCO ANTES DO SEMAFORO 036,SANTO AMARO,SUBURBIO,COLISÃO TRASEIRA,1,1,0,0,0,0,0,1,0
2653,202321957,2023-09-21 0:00:00,8:34:00,COM VÍTIMA,FINALIZADA,JARDIM SAO PAULO,RUA LEOBINA PEREIRA,RUA LEANDRO BARRETO,,JARDIM SAO PAULO,,COLISÃO,0,1,0,0,0,0,0,1,0
2654,202321958,2023-09-21 0:00:00,9:51:00,COM VÍTIMA,FINALIZADA,SANTO AMARO,AV CRUZ CABUGA,,LADO OPOSTO À ACADEMIA HAVANNA - E/ F À ESTAÇÃO BRT - SENTIDO SUBURBIO,SANTO AMARO,,COLISÃO COM CICLISTA,0,1,1,0,0,0,0,2,0
2655,202321959,2023-09-22 0:00:00,12:59:00,COM VÍTIMA,CANCELADA,BOA VIAGEM,AV BOA VIAGEM,,PRÓXIMO AO PRIMEIRO JARDIM,BOA VIAGEM,,COLISÃO,0,1,0,0,0,0,0,1,0
2656,202321973,2023-09-22 0:00:00,7:31:00,COM VÍTIMA,FINALIZADA,IMBIRIBEIRA,AV MARECHAL MASCARENHAS DE MORAES,,PROX EM FRENTE AO POSTO DE GASOLINA BR /PROX AO GERALDÃO SENTIDO AEROPORTO,IMBIRIBEIRA,,COLISÃO TRASEIRA,0,1,0,0,0,0,0,1,0
2657,202321974,2023-09-22 0:00:00,7:34:00,COM VÍTIMA,FINALIZADA,AREIAS,AV DR JOSE RUFINO,,APOS O SENAI VINDO DE AFOGADOS RECIFE E VINDO DE JABOATAO APOS LINHA FERREA,AREIAS,,COLISÃO LATERAL,1,1,0,0,0,0,0,1,0
2658,202321978,2023-09-22 0:00:00,8:53:00,COM VÍTIMA,FINALIZADA,JORDAO,AV MARIA IRENE,,EM FRENTE AO QUARTEL DA AERONAUTICA,JORDAO,,COLISÃO LATERAL,0,1,0,0,0,0,0,1,0
2659,202321981,2023-09-22 0:00:00,9:14:00,COM VÍTIMA,FINALIZADA,PINA,AVENIDA CELSO FURTADO (VIA MANGUE),,SENTIDO BOA VIAGEM NA SUBIDA DO VIADUTO,PINA,,COLISÃO,0,1,0,0,0,0,0,1,0
2660,202321997,2023-09-22 0:00:00,10:42:00,SEM VÍTIMA,FINALIZADA,AFOGADOS,RUA SANTO ANGELO,RUA SANTOS ARAUJO,AO LADO DA ANTIGA SOUZA CRUZ,AFOGADOS,,COLISÃO LATERAL,1,0,0,0,0,1,0,0,0
2661,202321998,2023-09-22 0:00:00,11:08:00,COM VÍTIMA,FINALIZADA,CAJUEIRO,AV CIDADE DE MONTEIRO,,PROX AO ARMAZEM CORAL,CAJUEIRO,,COLISÃO,0,1,0,0,0,0,0,1,0
2662,202322002,2023-09-22 0:00:00,11:32:00,COM VÍTIMA,FINALIZADA,IPUTINGA,AV MAURICIO DE NASSAU,EST DO BARBALHO,PROX A CASA DE PLACAS,IPUTINGA,,COLISÃO,1,1,0,0,0,0,0,1,0
2663,202322010,2023-09-22 0:00:00,12:43:00,COM VÍTIMA,FINALIZADA,BREJO DA GUABIRABA,COR JOSE IDALINO,,PACTE DENTRO DO CENTRO DE CIDADANIA DO BAIRRO / EM FRENTE AO ARMAZEM BARATAÇO,BREJO DA GUABIRABA,,COLISÃO,0,1,0,0,0,0,0,1,0
2664,202322013,2023-09-22 0:00:00,1:30:00,COM VÍTIMA,FINALIZADA,CAJUEIRO,AV BEBERIBE,,PROXIMO A PRAÇA DO FUNDÃO E A HORTFRUT NOSSA SENHORA APARECIDA,CAJUEIRO,,COLISÃO LATERAL,0,1,0,0,0,0,0,1,0
2665,202322016,2023-09-22 0:00:00,2:28:00,COM VÍTIMA,FINALIZADA,PINA,AV DR DIRCEU VELLOSO TOSCANO DE BRITO,,PROXIMO AO 19º BATALHÃO E AO SHOPPING RIO MAR,PINA,,ATROPELAMENTO DE PESSOA,0,1,0,1,0,0,0,1,0
2666,202322020,2023-09-22 0:00:00,2:44:00,COM VÍTIMA,FINALIZADA,CAMPO GRANDE,RUA MARIO SETE,,PROXIMO A IGREJA DO BOM PARTO,CAMPO GRANDE,,COLISÃO LATERAL,2,1,0,0,0,0,0,1,0
2667,202322026,2023-09-22 0:00:00,3:37:00,COM VÍTIMA,FINALIZADA,CABANGA,AV ENGENHEIRO JOSE ESTELITA,,PROXIMO AO CABANGA IATE CLUBE,CABANGA,,COLISÃO LATERAL,0,1,0,0,0,0,0,1,0
2668,202322030,2023-09-22 0:00:00,4:32:00,COM VÍTIMA,FINALIZADA,BRASILIA TEIMOSA,RUA FRANCISCO VALPASSOS,,EM FRENTE A REFIBRA TELECON,BRASILIA TEIMOSA,,COLISÃO LATERAL,0,1,0,0,1,0,0,1,0
2669,202322044,2023-09-23 0:00:00,2:08:00,COM VÍTIMA,FINALIZADA,BOA VIAGEM,AV ENGENHEIRO DOMINGOS FERREIRA,RUA PROFESSOR JOSE BRANDAO,,BOA VIAGEM,,COLISÃO,2,0,0,0,0,0,0,2,0
2670,202322048,2023-09-23 0:00:00,3:30:00,COM VÍTIMA,FINALIZADA,PINA,AV BOA VIAGEM,,EM FRENTE AS QUADRAS DE TENIS,PINA,,CHOQUE,2,0,0,0,0,0,0,1,0
2671,202322049,2023-09-23 0:00:00,5:33:00,COM VÍTIMA,FINALIZADA,IPSEP,AV RECIFE,RUA JEAN EMILE FAVRE,,IPSEP,,QUEDA,1,1,0,0,0,0,0,2,0
2672,202322090,2023-09-23 0:00:00,11:38:00,COM VÍTIMA,CANCELADA,JAQUEIRA,AV RUI BARBOSA,,APOIS PARQUE DA JAQUEIRA / PROX AO COLEGIO DAMAS,JAQUEIRA,,COLISÃO,0,1,0,0,0,0,0,1,0
2673,202322092,2023-09-23 0:00:00,11:38:00,COM VÍTIMA,FINALIZADA,CASA AMARELA,RUA PADRE LEMOS,,EM FRENTE AO POSTO DE GASOLINA BR / NA ENTRADA DO VASCO DA GAMA,CASA AMARELA,,COLISÃO,1,1,0,0,0,0,0,1,0
2674,202322097,2023-09-23 0:00:00,12:03:00,COM VÍTIMA,FINALIZADA,MADALENA,EST DOS REMEDIOS,AV ENGENHEIRO ABDIAS DE CARVALHO,PROX A MADALENA,MADALENA,,COLISÃO TRASEIRA,1,1,0,0,0,0,0,1,0
2675,202322100,2023-09-23 0:00:00,12:47:00,SEM VÍTIMA,FINALIZADA,IMBIRIBEIRA,RUA ALVARO AMORIM,RUA ARQUITETO LUIZ NUNES,EM FRENTE AO NÚMERO 208,IMBIRIBEIRA,SUBURBIO,COLISÃO TRASEIRA,2,0,0,0,0,0,0,0,0
2676,202322103,2023-09-23 0:00:00,1:38:00,COM VÍTIMA,FINALIZADA,BARRO,RUA BARAO DE LADARIO,,PROXIMO AO HOTEL OLYMPIKUS,BARRO,,COLISÃO,0,1,0,0,0,0,0,1,0
2677,202322111,2023-09-23 0:00:00,5:04:00,COM VÍTIMA,FINALIZADA,AREIAS,AV RECIFE,,EM FRENTE AO CARREFOUR /SENTIDO CEASA,AREIAS,,QUEDA,0,1,0,0,0,0,0,1,0
2678,202322116,2023-09-23 0:00:00,5:35:00,COM VÍTIMA,FINALIZADA,ESTANCIA,RUA MORAIS E SILVA,,EM FRENTE A GALERIA MARGARIDA,ESTANCIA,,COLISÃO LATERAL,1,1,0,0,0,0,0,2,0
2679,202322119,2023-09-23 0:00:00,6:26:00,COM VÍTIMA,FINALIZADA,ARRUDA,AV BEBERIBE,,ESTADIO CLUBE  DO SANTA CRUZ,ARRUDA,,COLISÃO,0,1,0,0,0,0,0,1,0
2680,202322127,2023-09-23 0:00:00,6:42:00,COM VÍTIMA,CANCELADA,IMBIRIBEIRA,AV MARECHAL MASCARENHAS DE MORAES,,ANTES DO ATACADÃO SENTIDO AEROPORTO,IMBIRIBEIRA,,COLISÃO,0,1,0,0,0,0,0,1,0
2681,202322128,2023-09-23 0:00:00,7:04:00,COM VÍTIMA,FINALIZADA,MADALENA,RUA REAL DA TORRE,,"APÓS O PONTO DO AÇAI, EM FRENTE AO POSTO DE GASOLINA SETA",MADALENA,,COLISÃO,0,1,0,0,0,0,0,1,0
2682,202322132,2023-09-23 0:00:00,7:39:00,SEM VÍTIMA,CANCELADA,MADALENA,RUA BENFICA,,COM A ESTRADA DOS REMENDIOS,MADALENA,,COLISÃO,1,1,0,0,0,0,0,0,0
2683,202322135,2023-09-23 0:00:00,7:56:00,COM VÍTIMA,FINALIZADA,PORTO DA MADEIRA,AV BEBERIBE,,E/F AO BAR DALVA D'OLIVEIRA,PORTO DA MADEIRA,,COLISÃO,0,1,0,0,0,0,0,1,0
2684,202322140,2023-09-23 0:00:00,8:32:00,COM VÍTIMA,CANCELADA,AFOGADOS,RUA JOSE MIRANDA,,"EM FRENTE A TABACARIA VINTE DE ABRIL, ANTES DO BAR ARRETADO DE BOM",AFOGADOS,,COLISÃO,0,1,0,0,0,0,0,1,0
2685,202322141,2023-09-23 0:00:00,8:58:00,COM VÍTIMA,CANCELADA,CASA FORTE,AV DEZESSETE DE AGOSTO,,E/F AO SHOPPING PLAZA E BANCO DO BRASIL,CASA FORTE,SUBURBIO,QUEDA,0,1,0,0,0,0,0,1,0
2686,202322143,2023-09-23 0:00:00,9:39:00,COM VÍTIMA,FINALIZADA,MANGABEIRA,AV NORTE MIGUEL ARRAES DE ALENCAR,,PRÓXIMO À ENTRADA DA MANGABEIRA,MANGABEIRA,,COLISÃO TRASEIRA,1,1,0,0,0,0,0,1,0
2687,202322146,2023-09-23 0:00:00,10:05:00,COM VÍTIMA,CANCELADA,IBURA,AV DOIS RIOS,,PRÓXIMO A FREVO  E IGREJA EVANGELICA EL SHADAI,IBURA,,COLISÃO,1,1,0,0,0,0,0,1,0
2688,202322148,2023-09-23 0:00:00,11:00:00,COM VÍTIMA,CANCELADA,BOA VIAGEM,AV BOA VIAGEM,,EM FRENTE AO RESTAURANTE CASQUINHO DO TIO,BOA VIAGEM,,COLISÃO TRASEIRA,2,1,0,0,0,0,0,1,0
2689,202322149,2023-09-23 0:00:00,11:30:00,COM VÍTIMA,FINALIZADA,BOA VIAGEM,RUA JOAO DIAS MARTINS,,APÓS O MAR HOTEL,BOA VIAGEM,,COLISÃO LATERAL,2,0,0,0,0,0,0,1,0
2690,202322150,2023-09-23 0:00:00,11:40:00,SEM VÍTIMA,FINALIZADA,SANTO AMARO,AV CRUZ CABUGA,,MERCADO DE SANTO AMARO,SANTO AMARO,SUBURBIO,CHOQUE,1,0,0,0,0,0,0,0,0
2691,202322151,2023-09-24 0:00:00,12:32:00,COM VÍTIMA,CANCELADA,DOIS UNIDOS,AV HILDEBRANDO DE VASCONCELOS,,"NA ENTRADA DE DOIS UNIDOS, NA PONTE",DOIS UNIDOS,,COLISÃO,0,0,0,0,0,0,0,1,0
2692,202322156,2023-09-24 0:00:00,6:12:00,COM VÍTIMA,FINALIZADA,IBURA,AV PERNAMBUCO,,UR 3 / NA CURVA ANTES DA HAMBURGUERIA TITANIUM / PX AO COLEGIO POLE VALENTE,IBURA,,COLISÃO LATERAL,0,1,0,0,0,0,0,1,0
2693,202322168,2023-09-24 0:00:00,9:10:00,COM VÍTIMA,FINALIZADA,AREIAS,AV DR JOSE RUFINO,,EM  FRENTE A IGREJA PRESBITERIANA,AREIAS,,COLISÃO LATERAL,1,1,0,0,0,0,0,1,0
2694,202322169,2023-09-24 0:00:00,9:17:00,COM VÍTIMA,FINALIZADA,CABANGA,RUA NOVA DA CABANGA,,PROX AO CAMPO DE FUTEBOL E AO VIADUTO CAPITAO TEMUDO,CABANGA,,COLISÃO LATERAL,0,1,0,0,0,0,0,1,0
2695,202322187,2023-09-24 0:00:00,1:41:00,COM VÍTIMA,FINALIZADA,FUNDAO,RUA CORONEL URBANO RIBEIRO DE SENA,,AO ALDO A PADARIA SUBLIME PÃO,FUNDAO,,ATROPELAMENTO DE PESSOA,0,0,0,1,0,1,0,1,0
2696,202322200,2023-09-24 0:00:00,4:58:00,COM VÍTIMA,FINALIZADA,BOA VIAGEM,AV ENGENHEIRO DOMINGOS FERREIRA,,E/F A FARMACIA PAGUE MENOS,BOA VIAGEM,,COLISÃO TRASEIRA,1,1,0,0,0,0,0,1,0
2697,202322202,2023-09-24 0:00:00,5:03:00,COM VÍTIMA,FINALIZADA,BAIRRO DO RECIFE,CAIS DO APOLO,AV MILITAR,PROXIMO A PCR,BAIRRO DO RECIFE,,COLISÃO,1,0,0,0,0,0,0,1,0
2698,202322210,2023-09-24 0:00:00,8:07:00,COM VÍTIMA,FINALIZADA,CASA AMARELA,RUA PROFESSOR ALVARO LIMA,,EST DO ENCANAMENTO,CASA AMARELA,,COLISÃO LATERAL,1,1,0,0,0,0,0,1,0
2699,202322232,2023-09-25 0:00:00,6:55:00,COM VÍTIMA,FINALIZADA,CAXANGA,AV CAXANGA,,PROX. A IGREJA ASSEMBLEIA DE DEUS  NOVAS DE PAZ,CAXANGA,,COLISÃO LATERAL,0,1,0,0,0,0,1,1,0
2700,202322233,2023-09-25 0:00:00,7:09:00,COM VÍTIMA,FINALIZADA,SANTO AMARO,AV DR JAYME DA FONTE,,AO LADO DA COMPESA,SANTO AMARO,,COLISÃO LATERAL,1,1,0,0,0,0,0,1,0
2701,202322241,2023-09-25 0:00:00,9:10:00,COM VÍTIMA,FINALIZADA,JAQUEIRA,RUA MUNIZ TAVARES,,PROX. A PRAÇA FLEMING E PET SHOP CÃO Q RI,JAQUEIRA,,COLISÃO LATERAL,0,1,0,0,0,0,0,1,0
2702,202322250,2023-09-25 0:00:00,10:11:00,COM VÍTIMA,FINALIZADA,SAO JOSE,AV SUL,,PROX AO QUARTEL DA ROCAN,SAO JOSE,,COLISÃO TRASEIRA,0,1,0,0,0,0,0,1,0
2703,202322256,2023-09-25 0:00:00,10:58:00,SEM VÍTIMA,FINALIZADA,SANTO AMARO,AV CRUZ CABUGA,,LADO OPOSTO A CASA DA INDÚSTRIA,SANTO AMARO,SUBURBIO,CHOQUE,0,0,0,0,0,0,0,0,0
2704,202322263,2023-09-25 0:00:00,12:09:00,COM VÍTIMA,FINALIZADA,IMBIRIBEIRA,RUA ARQUITETO LUIZ NUNES,,AO LADO ESCOLA ANITA GARIBALDA / PROX A LAGOA DO ARAÇA,IMBIRIBEIRA,,COLISÃO TRASEIRA,0,1,0,0,0,0,0,1,0
2705,202322267,2023-09-25 0:00:00,12:35:00,COM VÍTIMA,FINALIZADA,BOA VIAGEM,RUA DOS NAVEGANTES,,PROX AO EDIFICIO ANDA LUCIA,BOA VIAGEM,,COLISÃO,0,1,0,0,0,0,0,1,0
2706,202322269,2023-09-25 0:00:00,12:58:00,COM VÍTIMA,FINALIZADA,BOA VIAGEM,AV CONSELHEIRO AGUIAR,RUA FELIX DE BRITO E MELO,POR TRAS DA PADARIA BOA VIAGEM,BOA VIAGEM,,ATROPELAMENTO DE PESSOA,1,0,0,1,0,0,0,1,0
2707,202322272,2023-09-25 0:00:00,1:22:00,COM VÍTIMA,FINALIZADA,SAO JOSE,RUA FLORIANO PEIXOTO,,AO LADO DA CASA DA CULTURA / PROXIMO A ESTAÇÃO DO METRO DO RECIFE,SAO JOSE,,COLISÃO FRONTAL,1,1,0,0,0,0,0,1,0
2708,202322274,2023-09-25 0:00:00,1:56:00,COM VÍTIMA,FINALIZADA,BEBERIBE,RUA COMPOSITOR VINICIUS DE MORAIS,,POR TRAS DO MERCADO DE BEBERIBE NA PISTA NOVA,BEBERIBE,,COLISÃO,0,1,0,0,0,0,0,1,0
2709,202322278,2023-09-25 0:00:00,2:17:00,COM VÍTIMA,FINALIZADA,CORDEIRO,AV MAURICIO DE NASSAU,,PROXIMO AO GOE,CORDEIRO,,COLISÃO LATERAL,1,1,0,0,0,0,0,1,0
2710,202322280,2023-09-25 0:00:00,2:40:00,COM VÍTIMA,FINALIZADA,MADALENA,RUA REAL DA TORRE,,DEPOIS DO MERCADO DA MADALENA E PROX A MARCOS EQUIPADORA  ANTES DO TUNEL DA ABOLIÇÃO,MADALENA,,COLISÃO,2,0,0,0,0,0,0,1,0
2711,202322283,2023-09-25 0:00:00,3:54:00,COM VÍTIMA,FINALIZADA,PRADO,RUA RICARDO SALAZAR,,GIRADOURO PROXIMO AO SALÃO DE BELEZA NETO,PRADO,,COLISÃO,0,1,0,0,0,0,0,1,0
2712,202322289,2023-09-25 0:00:00,5:07:00,COM VÍTIMA,FINALIZADA,IMBIRIBEIRA,AV MARECHAL MASCARENHAS DE MORAES,,AO LADO DA TOYOTA S/T AFOGADOS,IMBIRIBEIRA,,COLISÃO LATERAL,1,1,0,0,0,0,0,1,0
2713,202322295,2023-09-25 0:00:00,5:47:00,COM VÍTIMA,FINALIZADA,BONGI,AV ENGENHEIRO ABDIAS DE CARVALHO,,FACULDADE ESTACIO,BONGI,,COLISÃO,0,1,0,0,0,0,0,1,0
2714,202322296,2023-09-25 0:00:00,6:11:00,COM VÍTIMA,FINALIZADA,HIPODROMO,RUA MARQUES DE BAIPENDI,,PROXIMO AO CALDINHO DA ZEZE,HIPODROMO,,COLISÃO,0,1,0,0,0,0,0,1,0
2715,202322300,2023-09-25 0:00:00,6:22:00,COM VÍTIMA,FINALIZADA,PAISSANDU,AV GOVERNADOR AGAMENON MAGALHAES,,MEMORIAL SÃO JOSE,PAISSANDU,,COLISÃO,0,1,0,0,0,0,0,1,0
2716,202322308,2023-09-25 0:00:00,6:46:00,COM VÍTIMA,CANCELADA,ARRUDA,AV BEBERIBE,,FEIRA NOVA DE AGUA FRIA,ARRUDA,,COLISÃO,0,1,0,0,0,0,0,1,0
2717,202322314,2023-09-25 0:00:00,11:38:00,COM VÍTIMA,CANCELADA,JIQUIA,RUA SAO MIGUEL,,PRÓXIMO AO BODE DO NÔ,JIQUIA,,COLISÃO TRANSVERSAL,1,1,0,0,0,0,0,2,0
2718,202322317,2023-09-26 0:00:00,1:14:00,COM VÍTIMA,FINALIZADA,DERBY,PRC PROFESSOR AGAMENON MAGALHAES,,COM A AV GOV CARLOS DE LIMA  CAVALCANTI,DERBY,,COLISÃO TRANSVERSAL,0,2,0,0,0,0,0,1,0