_id,Protocolo,data,hora,natureza,situacao,bairro,endereco,detalhe_endereco_acidente,complemento,bairro_cruzamento,sentido_via,tipo,auto,moto,ciclista,pedestre,onibus,caminhao,viatura,vitimas,vitimasfatais
2719,202322326,2023-09-26 0:00:00,6:19:00,COM VÍTIMA,FINALIZADA,BOA VIAGEM,AV ENGENHEIRO DOMINGOS FERREIRA,RUA PADRE BERNADINO PESSOA,NO SEMAFORO 144,BOA VIAGEM,,COLISÃO COM CICLISTA,1,0,1,0,0,0,0,1,0
2720,202322345,2023-09-26 0:00:00,7:47:00,COM VÍTIMA,FINALIZADA,DERBY,AV GOVERNADOR AGAMENON MAGALHAES,RUA JOAQUIM NABUCO,,DERBY,,COLISÃO TRANSVERSAL,1,1,0,0,0,0,0,1,0
2721,202322348,2023-09-26 0:00:00,8:14:00,COM VÍTIMA,FINALIZADA,TORROES,RUA ZUMBI DOS PALMARES,,PROX AO MERCADINHO VEM QUE TEM / PROX AO DEPOSITO BRASIL GÁS,TORROES,,COLISÃO,0,1,0,0,0,0,0,1,0
2722,202322357,2023-09-26 0:00:00,8:50:00,COM VÍTIMA,FINALIZADA,IPUTINGA,AV MAURICIO DE NASSAU,,PROX AO SUPERMERCADO RENDE MAIS,IPUTINGA,,COLISÃO,1,1,0,1,0,0,0,1,0
2723,202322380,2023-09-26 0:00:00,1:14:00,COM VÍTIMA,FINALIZADA,BAIRRO DO RECIFE,AV MILITAR,,POSTO DE GASOLINA // PREFEITURA DO RECIFE,BAIRRO DO RECIFE,,COLISÃO,0,1,0,0,0,0,0,1,0
2724,202322386,2023-09-26 0:00:00,1:55:00,COM VÍTIMA,FINALIZADA,CAMPO GRANDE,EST DE BELEM,,PX AO POSTO PETRONAC // PX A MULTIBOM // EM FRENTE A CLÍNICA CENTRAL,CAMPO GRANDE,,COLISÃO,2,0,0,0,0,0,0,1,0
2725,202322387,2023-09-26 0:00:00,2:01:00,COM VÍTIMA,FINALIZADA,PAISSANDU,AV GOVERNADOR AGAMENON MAGALHAES,,EM FRENTE AO HOSPITAL PORTUGUES,PAISSANDU,,COLISÃO LATERAL,1,1,0,0,0,0,0,1,0
2726,202322394,2023-09-26 0:00:00,2:48:00,COM VÍTIMA,FINALIZADA,IBURA,RUA FRANCISCO BELTRAO,,CONSELHO TUTELAR // SUBINDO A LADEIRA,IBURA,,COLISÃO,0,1,0,0,0,0,0,1,0
2727,202322395,2023-09-26 0:00:00,2:48:00,COM VÍTIMA,FINALIZADA,MACAXEIRA,AV NORTE MIGUEL ARRAES DE ALENCAR,,PROX A PRAÇA DA MACAXEIRA,MACAXEIRA,,COLISÃO,0,1,0,0,0,0,0,1,0
2728,202322397,2023-09-26 0:00:00,2:52:00,SEM VÍTIMA,FINALIZADA,DOIS UNIDOS,RUA ALTO DO MARACANA,,PADARIA ALTO DO MARACANA,DOIS UNIDOS,,COLISÃO,2,0,0,0,0,0,0,0,0
2729,202322402,2023-09-26 0:00:00,3:58:00,COM VÍTIMA,FINALIZADA,IMBIRIBEIRA,RUA SARGENTO SILVINO DE MACEDO,,POR TRAZ DO VIA CLUBE // MOTEL FANTASY,IMBIRIBEIRA,,COLISÃO,0,1,0,0,0,0,0,1,0
2730,202322404,2023-09-26 0:00:00,4:22:00,COM VÍTIMA,FINALIZADA,PINA,AV REPUBLICA DO LIBANO,,SHOOPING RIO MAR,PINA,,COLISÃO,0,1,0,0,0,0,0,1,0
2731,202322405,2023-09-26 0:00:00,4:28:00,COM VÍTIMA,FINALIZADA,SANTO AMARO,AV CRUZ CABUGA,,PRAÇA TACARUNA OPOSTO A ESTACAO BRT,SANTO AMARO,,COLISÃO,1,1,0,0,0,0,0,1,0
2732,202322416,2023-09-26 0:00:00,7:29:00,COM VÍTIMA,FINALIZADA,ROSARINHO,AV NORTE MIGUEL ARRAES DE ALENCAR,AV SANTOS DUMONT,PRÓXIMO A PADARIA ROSARINHO,ROSARINHO,,COLISÃO,0,0,0,0,0,0,0,1,0
2733,202322421,2023-09-26 0:00:00,9:28:00,COM VÍTIMA,FINALIZADA,DOIS IRMAOS,RUA MANUEL DE MEDEIROS,,APÓS A UNIVERSIDADE RURAL,DOIS IRMAOS,,COLISÃO,0,1,0,0,0,0,0,1,0
2734,202322445,2023-09-27 0:00:00,7:28:00,COM VÍTIMA,FINALIZADA,IMBIRIBEIRA,AV MARECHAL MASCARENHAS DE MORAES,,EM FRENTE A POSTO DE COMBUSTIVEL IPIRANGA SENTIDO AEROPORTO / EM FRENTE A LOJA GRILO,IMBIRIBEIRA,,QUEDA,0,1,0,0,0,0,0,1,0
2735,202322446,2023-09-27 0:00:00,7:43:00,COM VÍTIMA,FINALIZADA,CAMPO GRANDE,RUA SAO CAETANO,RUA PROFESSOR FRANCISCO DA TRINDADE,PROX. AO CLUBE DAS PAS,CAMPO GRANDE,,COLISÃO LATERAL,0,1,0,0,0,0,0,1,0
2736,202322447,2023-09-27 0:00:00,7:46:00,COM VÍTIMA,FINALIZADA,VARZEA,AV AFONSO OLINDENSE,,PROX. A SECRETARIA DE EDUCAÇÃO,VARZEA,,COLISÃO LATERAL,0,1,0,0,0,0,0,1,0
2737,202322454,2023-09-27 0:00:00,8:49:00,COM VÍTIMA,DUPLICIDADE,SANTO AMARO,RUA DOS PALMARES,,,SANTO AMARO,,COLISÃO LATERAL,0,0,0,0,0,0,0,1,0
2738,202322455,2023-09-27 0:00:00,8:52:00,COM VÍTIMA,FINALIZADA,SANTO AMARO,AV MARIO MELO,,PRÓX A ESQUINA DO CEMITÉRIO DE SANTO AMARO,SANTO AMARO,,COLISÃO,1,1,0,0,0,0,0,1,0
2739,202322462,2023-09-27 0:00:00,10:08:00,COM VÍTIMA,FINALIZADA,IPUTINGA,EST DO BARBALHO,,PARALELA COM ANTIGO BOMPREÇO DA CAXANGA,IPUTINGA,,COLISÃO,1,1,0,0,0,0,0,1,0
2740,202322470,2023-09-27 0:00:00,11:37:00,COM VÍTIMA,FINALIZADA,AFOGADOS,RUA QUITERIO INACIO DE MELLO,,EM FRENTE A LOJA BRASIL,AFOGADOS,,QUEDA,0,1,0,0,0,0,0,1,0
2741,202322478,2023-09-27 0:00:00,12:50:00,COM VÍTIMA,FINALIZADA,IPUTINGA,AV MAURICIO DE NASSAU,RUA N S DA SAUDE,PROX AO PARQUE DO CAIARA,IPUTINGA,,COLISÃO COM CICLISTA,0,1,1,0,0,0,0,1,0
2742,202322482,2023-09-27 0:00:00,1:36:00,COM VÍTIMA,FINALIZADA,BOA VIAGEM,RUA JOAQUIM BANDEIRA,,E/F A MARFEMA MATERIAIS  ELETRICOS    E A ESTAÇAO ANTONIO FALCAO,BOA VIAGEM,,COLISÃO TRASEIRA,1,1,0,0,0,0,0,1,0
2743,202322490,2023-09-27 0:00:00,2:16:00,COM VÍTIMA,FINALIZADA,BOA VISTA,RUA DOM BOSCO,,EM FRENTE AO ESTACIONAMENTO SANPARK,BOA VISTA,,COLISÃO,1,1,0,0,0,0,0,1,0
2744,202322491,2023-09-27 0:00:00,2:21:00,COM VÍTIMA,FINALIZADA,IMBIRIBEIRA,AV RECIFE,,CHURRASCARIA SAL E BRASA // VIADUTO TRANQUEDO NEVES,IMBIRIBEIRA,,COLISÃO LATERAL,0,1,0,0,0,0,0,1,0
2745,202322504,2023-09-27 0:00:00,4:43:00,COM VÍTIMA,FINALIZADA,VARZEA,RUA ANTONIO PEREIRA,,PROXIMO AO TIP,VARZEA,,COLISÃO FRONTAL,0,1,0,0,1,0,0,2,0
2746,202322514,2023-09-27 0:00:00,5:52:00,COM VÍTIMA,FINALIZADA,VARZEA,RUA GASTAO VIDIGAL,,UPA DA CAXANGÁ,VARZEA,,COLISÃO COM CICLISTA,1,0,1,0,0,0,0,1,0
2747,202322516,2023-09-27 0:00:00,6:06:00,COM VÍTIMA,FINALIZADA,IMBIRIBEIRA,AV MARECHAL MASCARENHAS DE MORAES,,IDRA IPV,IMBIRIBEIRA,,COLISÃO,0,1,1,0,0,0,0,1,0
2748,202322519,2023-09-27 0:00:00,6:13:00,COM VÍTIMA,FINALIZADA,AFOGADOS,EST DOS REMEDIOS,,E/F NOVO ATACAREJO,AFOGADOS,,COLISÃO,0,1,0,0,0,0,0,1,0
2749,202322536,2023-09-27 0:00:00,8:21:00,COM VÍTIMA,CANCELADA,MADALENA,RUA JOSE BONIFACIO,,EM FRENTE AO RESTAURANTE JOÃO DA CARNE DE SOL,MADALENA,,COLISÃO TRASEIRA,1,1,0,0,0,0,0,1,0
2750,202322537,2023-09-27 0:00:00,9:05:00,COM VÍTIMA,FINALIZADA,ARRUDA,RUA DAS MOCAS,RUA ZEFERINO AGRA,E/F AO RESTAURANTE KA COLÉ,ARRUDA,,COLISÃO LATERAL,1,1,0,0,0,0,0,1,0
2751,202322571,2023-09-28 0:00:00,7:27:00,COM VÍTIMA,FINALIZADA,ESPINHEIRO,AV GOVERNADOR AGAMENON MAGALHAES,,PROX. AO CLUBE PORTUGUES E MC´DONALD,ESPINHEIRO,,COLISÃO LATERAL,0,1,0,0,0,0,0,1,0
2752,202322607,2023-09-28 0:00:00,11:25:00,COM VÍTIMA,FINALIZADA,ESPINHEIRO,RUA DR FERNANDO ALLAIN,RUA MARQUES DO PARANA,POR TRÁS DO MINISTERIO DO TRABALHO / PROX AO MARTELINHO DE OURO,ESPINHEIRO,,COLISÃO,1,1,0,0,0,0,0,1,0
2753,202322609,2023-09-28 0:00:00,12:14:00,COM VÍTIMA,FINALIZADA,ENCRUZILHADA,AV JOAO DE BARROS,,EM FRENTE A FEDERAÇÃO ESPÍRITA PERNAMBUCANA,ENCRUZILHADA,,COLISÃO,1,1,0,0,0,0,0,1,0
2754,202322610,2023-09-28 0:00:00,12:35:00,COM VÍTIMA,DUPLICIDADE,VARZEA,AV PROFESSOR ARTUR DE SA,,PROXIMO AO SEMITERIO DA VARZEA,VARZEA,,COLISÃO FRONTAL,1,0,0,0,0,0,0,1,0
2755,202322612,2023-09-28 0:00:00,12:43:00,COM VÍTIMA,FINALIZADA,CIDADE UNIVERSITARIA,AV PROFESSOR ARTUR DE SA,,PROXIMO AO BAR DA KELLY E AO CEMITERIO DA VARZEA,CIDADE UNIVERSITARIA,,COLISÃO LATERAL,0,1,0,0,0,0,0,1,0
2756,202322620,2023-09-28 0:00:00,1:42:00,COM VÍTIMA,FINALIZADA,BOA VIAGEM,RUA BALTAZAR PASSOS,,PROXIMO A CULTURA INGLEZA // PADARIA PAN JOVEM,BOA VIAGEM,,COLISÃO,0,1,0,0,0,0,0,1,0
2757,202322634,2023-09-28 0:00:00,3:33:00,COM VÍTIMA,FINALIZADA,BOA VIAGEM,RUA PROFESSOR JOSE BRANDAO,,E/F AO EDF RIO SENA  ESQUINA DA  CLINICA ARMINDO MOURA,BOA VIAGEM,,ATROPELAMENTO DE PESSOA,1,0,0,3,0,0,0,1,0
2758,202322636,2023-09-28 0:00:00,3:50:00,COM VÍTIMA,FINALIZADA,IMBIRIBEIRA,AV SUL,,EM BAIXO DO VIADUTO TANCREDO NEVES E PROXIMO A ESTAÇÃO TANCREDO NEVES,IMBIRIBEIRA,,COLISÃO FRONTAL,0,1,0,0,1,0,0,1,0
2759,202322638,2023-09-28 0:00:00,4:00:00,COM VÍTIMA,FINALIZADA,TORRE,RUA REAL DA TORRE,,PROXIMO A LOJA DA SHINERAY,TORRE,,COLISÃO,0,1,0,0,0,0,0,1,0
2760,202322641,2023-09-28 0:00:00,4:36:00,COM VÍTIMA,FINALIZADA,SANTO AMARO,AV CRUZ CABUGA,,EMBAIXO DO VIADUTO  DO TACARUNA ENGENHEIRO ROBERTO  PEREIRA DE CARVALHO,SANTO AMARO,,COLISÃO TRASEIRA,1,1,0,0,0,0,0,1,0
2761,202322653,2023-09-28 0:00:00,7:06:00,COM VÍTIMA,FINALIZADA,JOANA BEZERRA,PTE JOAQUIM CARDOSO,TRV DO RAPOSO,,JOANA BEZERRA,,COLISÃO,1,1,0,0,0,0,0,1,0
2762,202322655,2023-09-28 0:00:00,7:32:00,COM VÍTIMA,FINALIZADA,JOANA BEZERRA,VIADUTO CAPITAO TEMUDO,,,JOANA BEZERRA,,QUEDA,0,1,0,0,0,0,0,1,0
2763,202322679,2023-09-29 0:00:00,7:15:00,COM VÍTIMA,FINALIZADA,CABANGA,PTE GOVERNADOR PAULO GUERRA,,APÓS AO CABANGA / SOBRE O VIADUTO DO PAULO GUERRA,CABANGA,,QUEDA,0,1,0,0,0,0,0,2,0
2764,202322688,2023-09-29 0:00:00,8:27:00,COM VÍTIMA,FINALIZADA,ENCRUZILHADA,AV BEBERIBE,,EM FRENTE AO BANCO DO BRASIL,ENCRUZILHADA,,COLISÃO LATERAL,0,2,0,0,0,0,0,2,0
2765,202322695,2023-09-29 0:00:00,9:34:00,COM VÍTIMA,FINALIZADA,CASA AMARELA,RUA PADRE LEMOS,,EM FRENTE A MATIAS PEÇAS,CASA AMARELA,,COLISÃO LATERAL,1,1,0,0,0,0,0,1,0
2766,202322701,2023-09-29 0:00:00,10:27:00,COM VÍTIMA,FINALIZADA,DOIS IRMAOS,RUA MANUEL DE MEDEIROS,,PROX. AO RESTAURANTE GUARIBA,DOIS IRMAOS,,COLISÃO COM CICLISTA,1,0,1,0,0,0,0,1,0
2767,202322703,2023-09-29 0:00:00,10:44:00,COM VÍTIMA,FINALIZADA,SANTO AMARO,RUA DA AURORA,,PROX AO BANCO CENTRAL,SANTO AMARO,,COLISÃO TRASEIRA,1,1,0,0,0,0,0,1,0
2768,202322711,2023-09-29 0:00:00,12:00:00,COM VÍTIMA,FINALIZADA,MADALENA,AV CAXANGA,,EM FRENTE AO COMPAZ / SENTIDO CAMARAGIBE,MADALENA,,COLISÃO,0,1,0,0,0,0,0,1,0
2769,202322726,2023-09-29 0:00:00,2:02:00,COM VÍTIMA,FINALIZADA,MUSTARDINHA,AV MANOEL GONCALVES DA LUZ,,E/F AO SUPERMERCADO TEM,MUSTARDINHA,,COLISÃO LATERAL,0,2,0,0,0,0,0,1,0
2770,202322743,2023-09-29 0:00:00,4:39:00,COM VÍTIMA,FINALIZADA,TORRE,AV BEIRA RIO,,AO LADO DO MARTELINHO DE OURO  E/F AO EDF AVA GARDNER,TORRE,,COLISÃO,1,1,0,0,0,0,0,1,0
2771,202322761,2023-09-29 0:00:00,7:06:00,COM VÍTIMA,FINALIZADA,SANTO AMARO,AV GOVERNADOR AGAMENON MAGALHAES,,APÓS O SEMÁFORO 378,SANTO AMARO,,COLISÃO,1,1,0,0,0,0,0,1,0
2772,202322770,2023-09-29 0:00:00,8:53:00,COM VÍTIMA,FINALIZADA,VARZEA,AV CAXANGA,,EM FRENTE A DROGRASIL,VARZEA,,COLISÃO,0,1,0,0,0,0,0,3,0
2773,202322774,2023-09-29 0:00:00,9:37:00,COM VÍTIMA,FINALIZADA,ESPINHEIRO,RUA DO ESPINHEIRO,,COM RUA SANTO ELIAS,ESPINHEIRO,,COLISÃO TRANSVERSAL,1,1,0,0,0,0,0,1,0
2774,202322776,2023-09-29 0:00:00,11:51:00,COM VÍTIMA,CANCELADA,ILHA DO RETIRO,RUA JOAO ELISIO RAMOS,,AO LADO DO ESTÁDIO DA ILHA DO RETIRO,ILHA DO RETIRO,,COLISÃO,0,1,0,0,0,0,0,1,0
2775,202322781,2023-09-30 0:00:00,5:50:00,COM VÍTIMA,FINALIZADA,BONGI,RUA COSME VIANA,,COM  A RUA ALFRELDO BUARQUE,BONGI,,COLISÃO,0,2,0,0,0,0,0,3,0
2776,202322782,2023-09-30 0:00:00,6:56:00,COM VÍTIMA,FINALIZADA,IMBIRIBEIRA,AV MARECHAL MASCARENHAS DE MORAES,,"EM FRENTE A FERREIRA COSTA, SENT. AFOGADOS",IMBIRIBEIRA,,COLISÃO LATERAL,0,1,0,0,0,0,0,1,0
2777,202322789,2023-09-30 0:00:00,6:59:00,COM VÍTIMA,FINALIZADA,TORROES,AV ENGENHEIRO ABDIAS DE CARVALHO,,FRENTE UPA DA ABDIAS,TORROES,,,1,1,0,0,0,0,0,1,0
2778,202322800,2023-09-30 0:00:00,7:45:00,COM VÍTIMA,FINALIZADA,JOANA BEZERRA,AV GOVERNADOR AGAMENON MAGALHAES,,APOS HOSPITAL PORTUGUES,JOANA BEZERRA,,COLISÃO,1,1,0,0,0,0,0,1,0
2779,202322801,2023-09-30 0:00:00,7:46:00,COM VÍTIMA,FINALIZADA,ROSARINHO,AV NORTE MIGUEL ARRAES DE ALENCAR,,PROX A PADARIA DO ROSARINHO,ROSARINHO,,ATROPELAMENTO DE PESSOA,0,1,0,1,0,0,0,1,0
2780,202322802,2023-09-30 0:00:00,8:03:00,COM VÍTIMA,FINALIZADA,AREIAS,AV DR JOSE RUFINO,,"EM FRENTE AO TREINAMENTO DA HONDA, APOS O SENAI  SENT.  CIDADE",AREIAS,,COLISÃO LATERAL,0,1,0,0,0,0,0,1,0
2781,202322807,2023-09-30 0:00:00,8:45:00,COM VÍTIMA,DUPLICIDADE,AREIAS,AV DR JOSE RUFINO,,PROX. AO COLEGIO JOSE MARIANO E VIADUTO SANTA LUZIA,AREIAS,,COLISÃO LATERAL,0,1,0,0,0,0,0,1,0
2782,202322811,2023-09-30 0:00:00,9:10:00,COM VÍTIMA,FINALIZADA,IMBIRIBEIRA,AV MARECHAL MASCARENHAS DE MORAES,,"EM FRENTE A TUPAN, SENT. CIDADE, PROX. AO VIADUTO TANCREDO NEVES",IMBIRIBEIRA,,COLISÃO LATERAL,0,1,0,0,0,0,0,1,0
2783,202322813,2023-09-30 0:00:00,9:29:00,COM VÍTIMA,FINALIZADA,BOA VIAGEM,AV ENGENHEIRO DOMINGOS FERREIRA,,EM FRENTE A DELEGACIA DE BOA VIAGEM,BOA VIAGEM,,COLISÃO LATERAL,0,1,0,0,0,0,0,1,0
2784,202322814,2023-09-30 0:00:00,9:39:00,COM VÍTIMA,FINALIZADA,IMBIRIBEIRA,RUA JOAQUIM BANDEIRA,,EMBAIXO DO PONTILHÃO DA ESTAÇÃO ANTONIO FALCAO,IMBIRIBEIRA,,COLISÃO LATERAL,0,1,0,0,0,0,0,1,0
2785,202322820,2023-09-30 0:00:00,10:01:00,COM VÍTIMA,FINALIZADA,SAO JOSE,AV SUL,,"EM FRENTE A EMPRESA PORTELA, SENT. CAIS DE SANTA RITA",SAO JOSE,,COLISÃO LATERAL,0,1,0,0,0,0,0,1,0
2786,202322821,2023-09-30 0:00:00,10:03:00,COM VÍTIMA,FINALIZADA,IBURA,AV RIO SAO FRANCISCO,,"PROX. AO COLEGIO POLIVALENTE , E PARAD DAS IGREJAS",IBURA,,COLISÃO LATERAL,0,1,0,0,0,0,0,1,0
2787,202322823,2023-09-30 0:00:00,10:32:00,COM VÍTIMA,FINALIZADA,PORTO DA MADEIRA,AV BEBERIBE,,EM FRENTE AO REI DO ARRUMADINHO E O CONJUNTO JOAO PAULO II,PORTO DA MADEIRA,,COLISÃO LATERAL,0,1,0,0,0,0,0,1,0
2788,202322826,2023-09-30 0:00:00,10:41:00,COM VÍTIMA,FINALIZADA,CORDEIRO,AV GENERAL SAN MARTIN,,EM FRENTE AO HOSPITAL GETULIO VARGAS,CORDEIRO,,COLISÃO LATERAL,0,1,0,0,0,0,0,1,0
2789,202322830,2023-09-30 0:00:00,11:19:00,COM VÍTIMA,FINALIZADA,TORROES,EST DO FORTE DO ARRAIAL N. DO B. JESUS,,PROX AO ARMAZÉM CASA MODERNA,TORROES,,COLISÃO,1,1,0,0,0,0,0,1,0
2790,202322831,2023-09-30 0:00:00,11:19:00,COM VÍTIMA,FINALIZADA,MACAXEIRA,AV NORTE MIGUEL ARRAES DE ALENCAR,,EM FRENTE AO PARQUE DA MACAXEIRA,MACAXEIRA,,COLISÃO LATERAL,0,1,0,0,0,0,0,1,0
2791,202322832,2023-09-30 0:00:00,11:56:00,COM VÍTIMA,DUPLICIDADE,CORDEIRO,EST DO FORTE DO ARRAIAL N. DO B. JESUS,,EM FRENTE AO ARMAZEM CASA MODERNA,CORDEIRO,,COLISÃO LATERAL,0,1,0,0,0,0,0,1,0
2792,202322852,2023-09-30 0:00:00,3:11:00,COM VÍTIMA,FINALIZADA,TORROES,AV ENGENHEIRO ABDIAS DE CARVALHO,,PROX AO POSTO SHEL ANTES DA UPA DO TORROES,TORROES,,COLISÃO LATERAL,0,1,0,0,0,0,0,1,0
2793,202322861,2023-09-30 0:00:00,6:11:00,COM VÍTIMA,FINALIZADA,IBURA,RUA JORNALISTA EDSON REGIS,,AO LADO DO MOTEL CRISTAL,IBURA,SUBURBIO,COLISÃO FRONTAL,1,1,0,0,0,0,0,1,0
2794,202322863,2023-09-30 0:00:00,6:42:00,COM VÍTIMA,FINALIZADA,ALTO JOSE BONIFACIO,RUA ALTO JOSE BONIFACIO,,ANTES DO COLEGIO CAIO PEREIRA,ALTO JOSE BONIFACIO,,COLISÃO FRONTAL,0,2,0,0,0,0,0,2,0
2795,202322867,2023-09-30 0:00:00,7:26:00,COM VÍTIMA,FINALIZADA,CASA FORTE,AV DEZESSETE DE AGOSTO,,EM FRENTE AO CENTRO MÉDICO SENADOR JOSÉ HERMÍNIO DE MORAIS E AO LADO DO POSTO DISLUB,CASA FORTE,,COLISÃO,2,1,0,0,0,0,0,1,0
2796,202322880,2023-09-30 0:00:00,9:50:00,COM VÍTIMA,FINALIZADA,PARNAMIRIM,AV PARNAMIRIM,,EM  FRENTE A DROGRASIL,PARNAMIRIM,,QUEDA,0,1,0,0,0,0,0,1,0
2797,202322926,2023-10-01 0:00:00,12:54:00,COM VÍTIMA,FINALIZADA,BOA VIAGEM,RUA RIO AZUL,,EM FRENTE AO RESTAURANTE MARINHOS,BOA VIAGEM,,COLISÃO TRASEIRA,1,1,0,0,0,0,0,1,0
2798,202322927,2023-10-01 0:00:00,1:44:00,COM VÍTIMA,FINALIZADA,IMBIRIBEIRA,AV MARECHAL MASCARENHAS DE MORAES,,EM FRENTE AO GERALDÃO // POSTO DE GASOLINA BR,IMBIRIBEIRA,,COLISÃO,0,1,0,0,0,0,0,1,0
2799,202322931,2023-10-01 0:00:00,2:19:00,COM VÍTIMA,FINALIZADA,BOA VIAGEM,RUA ERNESTO DE PAULA SANTOS,,PROXIMO AO RESTAURANTE E RODIZIO MUNDO ANIMAL,BOA VIAGEM,,COLISÃO,0,1,0,0,0,0,0,1,0
2800,202322939,2023-10-01 0:00:00,4:05:00,COM VÍTIMA,FINALIZADA,ALTO JOSE DO PINHO,RUA DA MACAIBA,,PROXIMO A LOJA KATIA MODAS,ALTO JOSE DO PINHO,,COLISÃO,0,1,0,0,0,0,0,1,0
2801,202322943,2023-10-01 0:00:00,6:41:00,COM VÍTIMA,CANCELADA,NOVA DESCOBERTA,AV VEREADOR OTACILIO AZEVEDO,,APOS O SUPERMERCADO TODO DIA DE NOVA DESCOBERTA,NOVA DESCOBERTA,,COLISÃO,0,1,0,0,0,0,0,1,0
2802,202322962,2023-10-01 0:00:00,10:55:00,COM VÍTIMA,FINALIZADA,TAMARINEIRA,RUA CONEGO BARATA,,E/F AO HOSP. ULISSES PERNAMBUCANO,TAMARINEIRA,,COLISÃO LATERAL,1,2,0,0,0,0,0,1,0
2803,202322968,2023-10-02 0:00:00,7:19:00,COM VÍTIMA,FINALIZADA,SANTO AMARO,PTE DO LIMOEIRO,,SENTIDO AV NORTE / PROX AO QUARTEL,SANTO AMARO,,COLISÃO,0,1,0,0,0,0,0,1,0
2804,202322997,2023-10-02 0:00:00,10:47:00,COM VÍTIMA,FINALIZADA,ILHA JOANA BEZERRA,AV GOVERNADOR AGAMENON MAGALHAES,,EMBAIXO DA PASSARELA ANTES DA PONTE SENT. OLINDA,ILHA JOANA BEZERRA,,CHOQUE,1,0,0,0,0,0,0,2,0
2805,202323001,2023-10-02 0:00:00,11:11:00,COM VÍTIMA,FINALIZADA,TAMARINEIRA,RUA PADRE ROMA,,ANTES DO POSTO  ALBERT SABIN,TAMARINEIRA,,COLISÃO,0,1,0,0,0,0,0,1,0
2806,202323004,2023-10-02 0:00:00,11:33:00,COM VÍTIMA,FINALIZADA,SANTO AMARO,AV GOVERNADOR AGAMENON MAGALHAES,,"APOS O VIADUTO DA JOAO DE BARROS, SENT. DERBY",SANTO AMARO,,COLISÃO LATERAL,0,1,0,0,0,0,0,1,0
2807,202323007,2023-10-02 0:00:00,12:14:00,COM VÍTIMA,FINALIZADA,MADALENA,RUA REAL DA TORRE,,PROX AO POSTO SETTA / E A LOJA AÇAI,MADALENA,,COLISÃO,1,0,0,0,0,0,0,1,0
2808,202323008,2023-10-02 0:00:00,12:17:00,COM VÍTIMA,FINALIZADA,BOA VIAGEM,AV ENGENHEIRO DOMINGOS FERREIRA,,PROX AO POSTO BR / EM FRENTE AO BAR BARBARICO,BOA VIAGEM,,COLISÃO,0,1,0,0,0,0,0,1,0
2809,202323013,2023-10-02 0:00:00,1:07:00,COM VÍTIMA,FINALIZADA,BOA VIAGEM,AV ENGENHEIRO DOMINGOS FERREIRA,,EM FRENTE AO RESTAURANTE BARBARICO,BOA VIAGEM,,COLISÃO TRASEIRA,1,1,0,0,0,0,0,1,0
2810,202323014,2023-10-02 0:00:00,1:22:00,COM VÍTIMA,FINALIZADA,JORDAO,RUA ALBERTO LUNDGREN,,PROXIMO AO NUCLEO DA POLICIA/ PRAÇA DO JORDÃO,JORDAO,,COLISÃO LATERAL,0,1,0,0,0,0,1,1,0
2811,202323016,2023-10-02 0:00:00,1:36:00,COM VÍTIMA,FINALIZADA,JOANA BEZERRA,AV BEIRA RIO,,PROX AO CAMPO DO BARRO E A ACADEMIA DA CIDADE,JOANA BEZERRA,,COLISÃO,0,1,0,0,0,0,0,1,0
2812,202323026,2023-10-02 0:00:00,3:18:00,COM VÍTIMA,FINALIZADA,BOA VIAGEM,AV ENGENHEIRO DOMINGOS FERREIRA,,EM FRENTE A ROMARRI DECORAÇÕES,BOA VIAGEM,,COLISÃO LATERAL,2,1,0,0,0,0,0,1,0
2813,202323039,2023-10-02 0:00:00,7:02:00,COM VÍTIMA,FINALIZADA,ARRUDA,AV BEBERIBE,,PRÓXIMO AO BATEPAPO/ LOGO APÓS O ARMAZÉM CANAL DA CONSTRUÇÃO,ARRUDA,,COLISÃO,1,1,0,0,0,0,0,2,0
2814,202323053,2023-10-02 0:00:00,7:35:00,COM VÍTIMA,FINALIZADA,IPUTINGA,EST DO BARBALHO,,PROXIMO AO ANTIGO HIPER BOMPREÇO,IPUTINGA,,COLISÃO,0,1,0,0,0,0,0,1,0
2815,202323054,2023-10-02 0:00:00,8:08:00,COM VÍTIMA,FINALIZADA,VARZEA,AV CAXANGA,,EM FRENTE AO GOLF CLUB PXÓXIMO  A PARADA DO BRT,VARZEA,SUBURBIO,COLISÃO,0,1,0,0,0,0,0,1,0
2816,202323061,2023-10-02 0:00:00,10:24:00,COM VÍTIMA,FINALIZADA,DERBY,AV GOVERNADOR AGAMENON MAGALHAES,PRC DO DERBY,ESTAÇÃO DO BRT,DERBY,SUBURBIO,QUEDA,0,1,0,0,0,0,0,2,0
2817,202323081,2023-10-03 0:00:00,8:06:00,COM VÍTIMA,FINALIZADA,ENCRUZILHADA,AV BEBERIBE,,EM FRENTE A FERREIRA PINTO,ENCRUZILHADA,,COLISÃO,1,1,0,0,0,0,0,1,0