_id,Protocolo,data,hora,natureza,situacao,bairro,endereco,detalhe_endereco_acidente,complemento,bairro_cruzamento,sentido_via,tipo,auto,moto,ciclista,pedestre,onibus,caminhao,viatura,vitimas,vitimasfatais
2818,202323084,2023-10-03 0:00:00,8:41:00,COM VÍTIMA,FINALIZADA,TOTO,AV LIBERDADE,,NA ENTRADA DO CEMITERIO PARQUE DAS FLORES,TOTO,,COLISÃO LATERAL,0,1,0,0,0,0,0,1,0
2819,202323085,2023-10-03 0:00:00,8:45:00,COM VÍTIMA,FINALIZADA,ENCRUZILHADA,RUA QUARENTA E OITO,,REALIZAR VARREDURA,ENCRUZILHADA,,COLISÃO LATERAL,0,0,0,0,0,0,0,1,0
2820,202323086,2023-10-03 0:00:00,8:54:00,COM VÍTIMA,FINALIZADA,IMBIRIBEIRA,RUA ARQUITETO LUIZ NUNES,RUA JULIO VERNE,,IMBIRIBEIRA,,COLISÃO,0,1,0,0,0,0,0,1,0
2821,202323107,2023-10-03 0:00:00,12:19:00,COM VÍTIMA,FINALIZADA,AFOGADOS,RUA SAO MIGUEL,,PROX AO BODE DO NO,AFOGADOS,,COLISÃO LATERAL,1,1,0,0,0,0,0,1,0
2822,202323109,2023-10-03 0:00:00,12:55:00,COM VÍTIMA,FINALIZADA,IBURA,RUA JORNALISTA EDSON REGIS,,E/F A FABRICA DA FREVO DO IBURA DE BAIXO,IBURA,,COLISÃO LATERAL,0,1,0,0,0,0,0,1,0
2823,202323110,2023-10-03 0:00:00,1:09:00,COM VÍTIMA,FINALIZADA,CASA AMARELA,AV NORTE MIGUEL ARRAES DE ALENCAR,,PROX A UPINHA MOACIR E A PRAÇA DO TRABALHO,CASA AMARELA,,COLISÃO,0,1,0,0,0,0,0,1,0
2824,202323111,2023-10-03 0:00:00,1:13:00,COM VÍTIMA,FINALIZADA,ARRUDA,RUA DA REGENERACAO,,PROX A EMPRESA ESCAVE A ANTIGA COCA COLA,ARRUDA,,COLISÃO,0,1,0,0,0,0,0,1,0
2825,202323114,2023-10-03 0:00:00,1:20:00,COM VÍTIMA,FINALIZADA,BOA VIAGEM,RUA DONA MAGINA PONTUAL,,ESCOLA MUNICIPAL  NOSSA SENHORA DA PENHA,BOA VIAGEM,,COLISÃO,1,1,0,0,0,0,0,1,0
2826,202323117,2023-10-03 0:00:00,2:32:00,COM VÍTIMA,FINALIZADA,AFOGADOS,RUA SAO MIGUEL,,PROXIMO AO SEMÁFORO 425,AFOGADOS,,COLISÃO LATERAL,1,1,0,0,0,0,0,1,0
2827,202323121,2023-10-03 0:00:00,2:56:00,COM VÍTIMA,FINALIZADA,JAQUEIRA,RUA LEONARDO BEZERRA CAVALCANTE,,E/F AO HOPITAL MARIA LUCINDA,JAQUEIRA,,COLISÃO TRASEIRA,2,1,0,0,0,0,0,1,0
2828,202323122,2023-10-03 0:00:00,3:06:00,COM VÍTIMA,FINALIZADA,BEBERIBE,AV BEBERIBE,,POSTO SHEL // E/F AO SEMAFARO 514,BEBERIBE,,COLISÃO FRONTAL,1,1,0,0,0,0,0,1,0
2829,202323124,2023-10-03 0:00:00,3:17:00,COM VÍTIMA,FINALIZADA,BOA VIAGEM,AVENIDA CELSO FURTADO (VIA MANGUE),,POR TRAS DO SUPERMERCADO ASSAI/ SENTIDO PINA,BOA VIAGEM,,COLISÃO LATERAL,2,1,0,0,0,0,0,1,0
2830,202323140,2023-10-03 0:00:00,6:37:00,COM VÍTIMA,CANCELADA,DOIS IRMAOS,RUA DOIS IRMAOS,,EM FRENTE AO HORTO DE DOIS IRMÃOS E A LAFEPE,DOIS IRMAOS,,COLISÃO,0,1,0,0,0,0,0,1,0
2831,202323147,2023-10-03 0:00:00,6:45:00,COM VÍTIMA,FINALIZADA,CAXANGA,AV CAXANGA,,PROX A IGREJA NOVAS DE PAZ E A ITEGRAÇÃO DA CAXAMGA,CAXANGA,,COLISÃO,0,1,0,0,0,0,0,1,0
2832,202323148,2023-10-03 0:00:00,6:49:00,COM VÍTIMA,CANCELADA,BONGI,AV ENGENHEIRO ABDIAS DE CARVALHO,,NA PISTA LATERAL E AO LADO DO LABORATORIO CERPE,BONGI,,COLISÃO,0,1,0,0,0,0,0,1,0
2833,202323149,2023-10-03 0:00:00,7:23:00,COM VÍTIMA,FINALIZADA,AFOGADOS,RUA DA PAZ,,PROXIMO AO BANCO BRADESCO,AFOGADOS,,COLISÃO,1,1,0,0,0,0,0,1,0
2834,202323151,2023-10-03 0:00:00,7:28:00,COM VÍTIMA,CANCELADA,COELHOS,RUA DOS COELHOS,,EM FRENTE AO HOSPITAL DO IMIP,COELHOS,,ATROPELAMENTO DE PESSOA,0,1,0,1,0,0,0,1,0
2835,202323153,2023-10-03 0:00:00,8:31:00,COM VÍTIMA,CANCELADA,COELHOS,RUA PADRE VENANCIO,,PRAÇA MATARAZZO,COELHOS,,COLISÃO,1,1,0,0,0,0,0,1,0
2836,202323154,2023-10-03 0:00:00,8:31:00,COM VÍTIMA,CANCELADA,BOA VIAGEM,AV CONSELHEIRO AGUIAR,,EM FRENTE AO MINUTO PÃO DE AÇUCAR,BOA VIAGEM,,COLISÃO,1,1,0,0,0,0,0,1,0
2837,202323155,2023-10-03 0:00:00,8:36:00,SEM VÍTIMA,FINALIZADA,BOA VISTA,RUA DOM BOSCO,,LADO OPOSTO AO NÚMERO 961 PRÓXIMO A RÁDIO PATRULHA,BOA VISTA,,COLISÃO,3,0,0,0,0,0,0,0,0
2838,202323158,2023-10-04 0:00:00,6:38:00,COM VÍTIMA,FINALIZADA,SANTO AMARO,PRQ TREZE DE MAIO,,PRÓXIMO AO COLÉGIO BARBALHO,SANTO AMARO,,COLISÃO,0,0,0,0,0,0,0,1,0
2839,202323161,2023-10-04 0:00:00,7:04:00,COM VÍTIMA,FINALIZADA,CABANGA,,,PONTE GOV PAULO GUERRA,CABANGA,,COLISÃO,0,1,1,0,0,0,0,1,0
2840,202323162,2023-10-04 0:00:00,7:14:00,COM VÍTIMA,FINALIZADA,SANTO AMARO,RUA DO SOSSEGO,,PROX A FACULDADE ESUDA,SANTO AMARO,,COLISÃO,0,1,0,0,0,0,0,1,0
2841,202323163,2023-10-04 0:00:00,7:15:00,COM VÍTIMA,FINALIZADA,VARZEA,AV AFONSO OLINDENSE,,"AO LADO DA ESCOLA OLINTO VITOR, EM FRENTE A LOJA BIOLOGICOS",VARZEA,,COLISÃO LATERAL,0,1,0,0,0,0,0,1,0
2842,202323168,2023-10-04 0:00:00,7:52:00,COM VÍTIMA,FINALIZADA,JORDAO,AV MARECHAL MASCARENHAS DE MORAES,,"AO LADO DO MURO DO AEROPORTO, ANTES DA ENTRADA DO JORDAO",JORDAO,,COLISÃO LATERAL,0,1,0,0,0,0,0,1,0
2843,202323172,2023-10-04 0:00:00,8:21:00,COM VÍTIMA,FINALIZADA,CORDEIRO,AV GENERAL SAN MARTIN,RUA GOMES TABORDA,,CORDEIRO,,COLISÃO,0,0,0,0,0,0,0,1,0
2844,202323175,2023-10-04 0:00:00,8:37:00,COM VÍTIMA,FINALIZADA,VARZEA,RUA FRANCISCO LACERDA,,POSSÍVEL SINISTRO COM VÍTIMA,VARZEA,,COLISÃO,0,0,0,0,0,0,0,1,0
2845,202323177,2023-10-04 0:00:00,8:38:00,COM VÍTIMA,FINALIZADA,AFOGADOS,RUA COSME VIANA,,EM FRENTE A TUPAN CONSTRUÇÃO,AFOGADOS,,COLISÃO,0,1,0,0,0,0,0,1,0
2846,202323183,2023-10-04 0:00:00,9:36:00,COM VÍTIMA,FINALIZADA,AFOGADOS,RUA PADRE TEOFILO TWORZ,RUA COSME VIANA,POSSÍVEL SINISTRO COM VÍTIMA,AFOGADOS,,COLISÃO,0,0,0,0,0,0,0,1,0
2847,202323193,2023-10-04 0:00:00,11:21:00,COM VÍTIMA,FINALIZADA,PINA,AV ANTONIO DE GOES,,EM FRENTE A PRF / NO POSTO DE GASOLINA BR/ PROX AO DENITE,PINA,,COLISÃO,0,1,0,0,0,0,0,1,0
2848,202323202,2023-10-04 0:00:00,2:04:00,COM VÍTIMA,FINALIZADA,DERBY,AV GOVERNADOR AGAMENON MAGALHAES,,SOB O SEMÁFORO 174,DERBY,,COLISÃO,0,0,0,0,0,0,0,1,0
2849,202323207,2023-10-04 0:00:00,3:28:00,COM VÍTIMA,FINALIZADA,SAO JOSE,RUA DR JOSE MARIANO,,PROX A MADEREIRA IPIRANGA E A EMPRESA COMDICA,SAO JOSE,,COLISÃO,0,1,0,0,0,0,0,1,0
2850,202323208,2023-10-04 0:00:00,3:46:00,COM VÍTIMA,FINALIZADA,AFOGADOS,AV SUL,,,AFOGADOS,,COLISÃO,1,1,0,0,0,0,0,1,0
2851,202323215,2023-10-04 0:00:00,5:31:00,COM VÍTIMA,FINALIZADA,CORDEIRO,RUA TAMBORIL,,PROX CAMPO DO QUINZE,CORDEIRO,,COLISÃO,1,1,0,0,0,0,0,1,0
2852,202323224,2023-10-04 0:00:00,6:37:00,COM VÍTIMA,FINALIZADA,BOA VIAGEM,RUA GENERAL EDSON AMANCIO RAMALHO,,AO LADO  DA IMOBILIARIA JAIRO ROCHA,BOA VIAGEM,,COLISÃO,1,0,1,0,0,0,0,1,0
2853,202323226,2023-10-04 0:00:00,7:03:00,COM VÍTIMA,FINALIZADA,TEJIPIO,AV DR JOSE RUFINO,,PADARIA DOM RUFINO / COLÉGIO ALBERTO TORRES,TEJIPIO,,COLISÃO TRANSVERSAL,1,1,0,0,0,0,0,1,0
2854,202323255,2023-10-05 0:00:00,8:27:00,SEM VÍTIMA,FINALIZADA,,AV SUL,RUA NICOLAU PEREIRA,LADO OPOSTO  AO Nº 179,,CIDADE,,1,0,0,0,0,1,0,0,0
2855,202323258,2023-10-05 0:00:00,8:58:00,SEM VÍTIMA,FINALIZADA,TORRE,RUA CONDE DE IRAJA,,CONDOMÍNIO DO EDIFÍCIO COINTREAU,TORRE,,COLISÃO TRASEIRA,1,0,0,0,0,0,1,0,0
2856,202323262,2023-10-05 0:00:00,9:10:00,COM VÍTIMA,FINALIZADA,BOA VIAGEM,RUA WALDEMAR NERY CARNEIRO MONTEIRO,RUA CRUZEIRO DO FORTE,PROX A PADARIA SETUBAL,BOA VIAGEM,,COLISÃO LATERAL,1,1,0,0,0,0,0,1,0
2857,202323271,2023-10-05 0:00:00,10:19:00,COM VÍTIMA,FINALIZADA,BOA VIAGEM,AV CONSELHEIRO AGUIAR,,EM FRENTE A CAIXA ECONOMICA,BOA VIAGEM,,ATROPELAMENTO DE PESSOA,1,0,0,1,0,0,0,1,0
2858,202323296,2023-10-05 0:00:00,1:18:00,COM VÍTIMA,FINALIZADA,BOA VIAGEM,AV VINTE DE JANEIRO,,PROXIMO A ESTAÇÃO AEROPORTO,BOA VIAGEM,,COLISÃO LATERAL,1,1,0,0,0,0,0,1,0
2859,202323299,2023-10-05 0:00:00,2:12:00,COM VÍTIMA,FINALIZADA,BOA VISTA,AV GOVERNADOR AGAMENON MAGALHAES,,APOS P BOMPREÇO E AO POSTO DE GASOLINA BR,BOA VISTA,,COLISÃO,0,1,0,0,0,0,0,1,0
2860,202323313,2023-10-05 0:00:00,5:05:00,COM VÍTIMA,FINALIZADA,CABANGA,AV SATURNINO DE BRITO,,COMPESA,CABANGA,,COLISÃO LATERAL,3,0,0,0,0,0,0,1,0
2861,202323324,2023-10-05 0:00:00,6:36:00,COM VÍTIMA,FINALIZADA,SAO JOSE,AV SUL,,EMBAIXO DO VIADUTO / PROXIMO AO POSTO BR /,SAO JOSE,,COLISÃO,0,1,0,0,0,0,0,1,0
2862,202323335,2023-10-06 0:00:00,6:12:00,SEM VÍTIMA,FINALIZADA,IMBIRIBEIRA,AV MARECHAL MASCARENHAS DE MORAES,,SEMAFORO 287,IMBIRIBEIRA,,CHOQUE,0,0,0,0,0,0,0,0,0
2863,202323339,2023-10-06 0:00:00,7:04:00,COM VÍTIMA,FINALIZADA,BOA VIAGEM,AV ENGENHEIRO DOMINGOS FERREIRA,,EM FRENTE AO SUPERMERCADO ASSAÍ,BOA VIAGEM,,COLISÃO LATERAL,1,1,0,0,0,0,0,2,0
2864,202323340,2023-10-06 0:00:00,7:04:00,COM VÍTIMA,FINALIZADA,BOA VIAGEM,RUA BRUNO VELOSO,,EM FRENTE AO LAÇA BURGUER E FARMACIA DROGASIL,BOA VIAGEM,,COLISÃO,0,1,0,0,0,0,0,1,0
2865,202323344,2023-10-06 0:00:00,7:22:00,COM VÍTIMA,FINALIZADA,AGUA FRIA,EST VELHA DE AGUA FRIA,,EM FRENTE A POLICLINICA SALOMAO KELNER APOS O LARGO DE AGUA FRIA,AGUA FRIA,,COLISÃO,0,1,0,0,0,0,0,1,0
2866,202323348,2023-10-06 0:00:00,7:30:00,COM VÍTIMA,FINALIZADA,LINHA DO TIRO,RUA SODRELANDIA,,"AO LADO DO CAMPO DO CAFE, PROX. AO TERMINAL DE ONIBUS LINHA DO TIRO",LINHA DO TIRO,,COLISÃO LATERAL,0,1,0,0,0,0,0,1,0
2867,202323355,2023-10-06 0:00:00,8:09:00,COM VÍTIMA,FINALIZADA,CASA AMARELA,RUA CONS PERETTI,,PROX. AO LABORATORIO CERPE E RESTAURANTE DANI,CASA AMARELA,,COLISÃO LATERAL,0,1,0,0,1,0,0,2,0
2868,202323359,2023-10-06 0:00:00,8:14:00,COM VÍTIMA,FINALIZADA,PINA,AVENIDA CELSO FURTADO (VIA MANGUE),,PROX. AO SHOPPING RIO MAR,PINA,,ENGAVETAMENTO,2,0,0,0,0,1,0,1,0
2869,202323361,2023-10-06 0:00:00,8:19:00,COM VÍTIMA,DUPLICIDADE,BOA VIAGEM,AV ENGENHEIRO DOMINGOS FERREIRA,,PROX. AO SUPERMERCADO ASSAI E RESTAURANTE SPETTUS,BOA VIAGEM,,COLISÃO LATERAL,0,1,0,0,0,0,0,1,0
2870,202323373,2023-10-06 0:00:00,9:03:00,COM VÍTIMA,FINALIZADA,JOANA BEZERRA,VIADUTO CAPITAO TEMUDO,,ANTES DA DESCIDA DA AV SUL SENTIDO SHOPPING RIO MAR,JOANA BEZERRA,,COLISÃO LATERAL,0,1,0,0,0,0,0,1,0
2871,202323377,2023-10-06 0:00:00,9:38:00,COM VÍTIMA,FINALIZADA,TAMARINEIRA,RUA CONEGO BARATA,,"EM FRENTE A FERREIRA COSTA, SENT. AGUA FRIA",TAMARINEIRA,,COLISÃO LATERAL,0,1,0,0,0,1,0,1,0
2872,202323390,2023-10-06 0:00:00,10:55:00,COM VÍTIMA,FINALIZADA,TORRE,RUA CONDE DE IRAJA,,EDIFICIO LARA,TORRE,,ENGAVETAMENTO,4,0,0,0,0,0,0,1,0
2873,202323396,2023-10-06 0:00:00,11:57:00,SEM VÍTIMA,FINALIZADA,CORDEIRO,RUA ODETE MONTEIRO,RUA JOAQUIM ALHEIROS,PROX. AO GOI,CORDEIRO,,COLISÃO FRONTAL,1,1,0,0,0,0,0,0,0
2874,202323399,2023-10-06 0:00:00,12:07:00,COM VÍTIMA,FINALIZADA,IMBIRIBEIRA,AV MARECHAL MASCARENHAS DE MORAES,,EM FRENTE AO SEMAFORO 287 - EM FRENTE A LASER ELETRO,IMBIRIBEIRA,,COLISÃO TRASEIRA,1,1,0,0,0,0,0,1,0
2875,202323410,2023-10-06 0:00:00,1:04:00,COM VÍTIMA,FINALIZADA,BOA VIAGEM,RUA VISCONDE DE JEQUITINHONHA,,APÓS O POSTO DE GASOLINA DO CANAL /CRUZANDO A RUA BARÃO DE SOUZA LEÃO,BOA VIAGEM,,COLISÃO LATERAL,0,1,0,0,0,0,0,1,0
2876,202323413,2023-10-06 0:00:00,1:16:00,COM VÍTIMA,FINALIZADA,CAXANGA,AV CAXANGA,,E/F A PARADA DO BRT   E LOJA  MOTOS MEGA MOTOS S/T SUB,CAXANGA,,COLISÃO TRASEIRA,1,1,0,0,0,0,0,1,0
2877,202323415,2023-10-06 0:00:00,1:20:00,COM VÍTIMA,FINALIZADA,CAMPO GRANDE,RUA JERONIMO VILELA,,PROXIMO AO LAR DO IDOSO CASA SANTA CLARA,CAMPO GRANDE,,COLISÃO LATERAL,0,1,0,0,0,0,0,1,0
2878,202323420,2023-10-06 0:00:00,1:49:00,COM VÍTIMA,DUPLICIDADE,BOA VIAGEM,RUA ENGENHEIRO ZAEL DIOGENES,,APOS O POSTO SHEL // ANTES DO PARQUE DONA LINDU,BOA VIAGEM,,COLISÃO,1,1,0,0,0,0,0,1,0
2879,202323422,2023-10-06 0:00:00,2:18:00,COM VÍTIMA,FINALIZADA,MADALENA,RUA BENFICA,,FRENTE CLUBE INTERNACIONAL/ PRAÇA CLUBE INTERNACIONAL,MADALENA,,COLISÃO,1,1,0,0,0,0,0,1,0
2880,202323424,2023-10-06 0:00:00,3:05:00,COM VÍTIMA,FINALIZADA,CABANGA,AV SATURNINO DE BRITO,,PROX AO CREFIR ( CONSELHO REGIONAL DOS CORRETORES ) / PROX AO CABANGA IATE CLUBE,CABANGA,,COLISÃO,0,1,0,0,0,0,0,1,0
2881,202323440,2023-10-06 0:00:00,5:55:00,COM VÍTIMA,FINALIZADA,CAMPO GRANDE,RUA JERONIMO VILELA,,PROXIMO AO CLUBE DAS PAS,CAMPO GRANDE,,COLISÃO,0,1,0,0,0,0,0,1,0
2882,202323443,2023-10-06 0:00:00,6:32:00,COM VÍTIMA,FINALIZADA,BREJO DA GUABIRABA,AV VEREADOR OTACILIO AZEVEDO,,PROXIMO A LANCHONETE DO RAMOS,BREJO DA GUABIRABA,,COLISÃO,0,1,0,0,0,0,0,1,0
2883,202323450,2023-10-06 0:00:00,7:18:00,COM VÍTIMA,FINALIZADA,GRACAS,RUA AMARO BEZERRA,,QUATRO CANTOS,GRACAS,,COLISÃO,1,1,0,0,0,0,0,2,0
2884,202323452,2023-10-06 0:00:00,7:30:00,COM VÍTIMA,CANCELADA,DOIS IRMAOS,RUA MANUEL DE MEDEIROS,,PROX A UNIVERSIDADE RURAL,DOIS IRMAOS,,COLISÃO,0,1,0,0,0,0,0,1,0
2885,202323453,2023-10-06 0:00:00,7:31:00,COM VÍTIMA,CANCELADA,SAO JOSE,AV SUL,,PROX AO SEDE DO GALO ANTES DA DANTAS BARRETO,SAO JOSE,,COLISÃO,0,1,0,0,0,0,0,1,0
2886,202323461,2023-10-07 0:00:00,12:10:00,COM VÍTIMA,FINALIZADA,BOA VIAGEM,RUA BRUNO VELOSO,AV FERNANDO SIMOES BARBOSA,CRUZAMENTO DO SHOPPING RECIFE,BOA VIAGEM,,COLISÃO COM CICLISTA,0,0,1,0,0,0,0,1,0
2887,202323462,2023-10-07 0:00:00,12:15:00,COM VÍTIMA,FINALIZADA,IBURA,RUA CAMPO VERDE,,TERMINAL DO UR 2,IBURA,,COLISÃO FRONTAL,0,0,0,0,0,0,0,2,0
2888,202323463,2023-10-07 0:00:00,12:20:00,COM VÍTIMA,CANCELADA,JORDAO,PRC DO JORDAO,,PRÓXIMO AO NÚCLEO,JORDAO,,COLISÃO LATERAL,0,0,0,0,0,0,0,1,0
2889,202323464,2023-10-07 0:00:00,12:28:00,COM VÍTIMA,CANCELADA,CASA AMARELA,EST MORRO DA CONCEICAO,,NA DESCIDA DO MORRO DA CONCEIÇÃO,CASA AMARELA,,COLISÃO,0,0,0,0,0,0,0,1,0
2890,202323467,2023-10-07 0:00:00,1:38:00,COM VÍTIMA,CANCELADA,CAMPO GRANDE,RUA JERONIMO VILELA,,,CAMPO GRANDE,,,0,0,0,0,0,0,0,2,0
2891,202323468,2023-10-07 0:00:00,2:29:00,COM VÍTIMA,FINALIZADA,ARRUDA,AV BEBERIBE,RUA ALEGRE,PROX CANAL DE CONTRUÇÃO,ARRUDA,,COLISÃO,0,0,0,0,0,0,0,1,0
2892,202323490,2023-10-07 0:00:00,8:50:00,COM VÍTIMA,FINALIZADA,BOA VIAGEM,RUA BRUNO VELOSO,,PROX AO SHOPPING RECIFE E ACADEMIA SELFIT,BOA VIAGEM,,COLISÃO,0,1,0,0,0,0,0,1,0
2893,202323491,2023-10-07 0:00:00,9:25:00,COM VÍTIMA,FINALIZADA,CAMPO GRANDE,AV CORREIA DE BRITO,,PROX AO MERCADO SITIO NOVO,CAMPO GRANDE,,COLISÃO,0,1,0,0,0,0,0,1,0
2894,202323519,2023-10-07 0:00:00,12:38:00,COM VÍTIMA,FINALIZADA,BAIRRO DO RECIFE,AV RIO BRANCO,,EM FRENTE AO BANCO DO BRASIL,BAIRRO DO RECIFE,,COLISÃO,0,1,0,0,0,0,0,1,0
2895,202323520,2023-10-07 0:00:00,12:55:00,COM VÍTIMA,FINALIZADA,IMBIRIBEIRA,AV MARECHAL MASCARENHAS DE MORAES,,EM FRENTE AO DER CLUBE RODOVIARIO/ SENTIDO JABOATÃO,IMBIRIBEIRA,,COLISÃO LATERAL,0,2,0,0,0,0,0,2,0
2896,202323542,2023-10-07 0:00:00,6:35:00,COM VÍTIMA,CANCELADA,CORDEIRO,RUA CONS SILVEIRA DE SOUZA,,PROXIMO AO PORTAL DA CARNE DE SOL,CORDEIRO,,COLISÃO,0,1,0,0,0,0,0,1,0
2897,202323561,2023-10-07 0:00:00,8:25:00,COM VÍTIMA,FINALIZADA,MANGABEIRA,AV NORTE MIGUEL ARRAES DE ALENCAR,,PRÓXIMO A ENTRADA DO ALTO JOSÉ DO PINHO,MANGABEIRA,,ATROPELAMENTO DE PESSOA,0,1,0,1,0,0,0,2,0
2898,202323567,2023-10-07 0:00:00,9:11:00,COM VÍTIMA,CANCELADA,IPSEP,AV RECIFE,,"APÓS AO ANTIGO BOMPREÇO, SENTIDO SAL E BRASA",IPSEP,,COLISÃO,0,1,0,0,0,0,0,1,0
2899,202323571,2023-10-07 0:00:00,11:46:00,COM VÍTIMA,CANCELADA,IBURA,AV DOIS RIOS,RUA RIO XINGU,E/F A AUTO ESCOLA PILOTO,IBURA,,COLISÃO FRONTAL,1,1,0,0,0,0,0,1,0
2900,202323591,2023-10-08 0:00:00,8:31:00,COM VÍTIMA,FINALIZADA,CASA AMARELA,AV NORTE MIGUEL ARRAES DE ALENCAR,,"PROX. A FARMACIA PAGUE MENOS, AO LADO DO REI DA PICANHA",CASA AMARELA,,COLISÃO LATERAL,0,1,0,0,0,0,0,1,0
2901,202323596,2023-10-08 0:00:00,9:25:00,COM VÍTIMA,FINALIZADA,IMBIRIBEIRA,AV MARECHAL MASCARENHAS DE MORAES,,EM FRENTE A ENTRADA DO AEROPORTO,IMBIRIBEIRA,,COLISÃO LATERAL,0,1,0,0,0,0,0,1,0
2902,202323601,2023-10-08 0:00:00,10:53:00,COM VÍTIMA,FINALIZADA,IPSEP,AV RECIFE,,"APOS A CONCESSIONARIA JJK,  PROX. AO SEMAFORO 247",IPSEP,,COLISÃO LATERAL,1,1,0,0,0,0,0,1,0
2903,202323606,2023-10-08 0:00:00,11:45:00,COM VÍTIMA,DUPLICIDADE,AREIAS,AV RECIFE,,EM FRENTE A BQ BRASIL VEICULOS,AREIAS,,COLISÃO LATERAL,1,0,0,0,0,0,0,1,0
2904,202323607,2023-10-08 0:00:00,11:49:00,COM VÍTIMA,FINALIZADA,ESPINHEIRO,RUA AMELIA,,PROX. A GALERIA MODA MANIA E BANCA DE BICHO MONTE CARLOS,ESPINHEIRO,,COLISÃO LATERAL,0,1,0,0,0,0,0,1,0
2905,202323608,2023-10-08 0:00:00,11:51:00,VÍTIMA FATAL,FINALIZADA,ESTANCIA,AV RECIFE,,APOS SEMAFORO 059/ SENTIDO UFPE,ESTANCIA,,COLISÃO,2,0,0,0,0,0,0,0,1
2906,202323613,2023-10-08 0:00:00,1:06:00,SEM VÍTIMA,DUPLICIDADE,ESTANCIA,AV RECIFE,,APOS SEMAFORO 059/ SENTIDO UFPE,ESTANCIA,,COLISÃO,0,0,0,0,0,0,0,0,0
2907,202323627,2023-10-08 0:00:00,3:49:00,COM VÍTIMA,FINALIZADA,TORRE,RUA CONDE DE IRAJA,AV BEIRA RIO,NA DESCIDA PONTE,TORRE,,COLISÃO FRONTAL,2,0,0,0,0,0,0,1,0
2908,202323639,2023-10-08 0:00:00,6:56:00,SEM VÍTIMA,FINALIZADA,TEJIPIO,AV DR JOSE RUFINO,,PROX A ESTAÇÃO DO METRO DE TJIPIO,TEJIPIO,,COLISÃO TRASEIRA,2,0,0,0,0,0,0,0,0
2909,202323652,2023-10-08 0:00:00,10:28:00,SEM VÍTIMA,FINALIZADA,SAO JOSE,C SANTA RITA,,PONTE GIRATÓRIA,SAO JOSE,,CHOQUE,0,0,0,0,0,1,0,0,0
2910,202323653,2023-10-08 0:00:00,10:51:00,COM VÍTIMA,FINALIZADA,BOA VISTA,RUA DA AURORA,AV CONDE DA BOA VISTA,ESQUINA DO CINEMA SÃO LUIS,BOA VISTA,,COLISÃO TRANSVERSAL,2,0,0,0,0,0,0,1,0
2911,202323655,2023-10-08 0:00:00,11:17:00,COM VÍTIMA,FINALIZADA,ILHA DO LEITE,PTE JOSE DE BARROS LIMA,AV GOVERNADOR AGAMENON MAGALHAES,DESCIDA DO VIADUTO EM FRENTE AO HOPE,ILHA DO LEITE,,COLISÃO,1,1,0,0,0,0,0,2,0
2912,202323666,2023-10-09 0:00:00,5:40:00,COM VÍTIMA,FINALIZADA,AFOGADOS,RUA MOTOCOLOMBO,RUA PROFESSOR AUGUSTO WANDERLEY FILHO,PONTE MOTOCOLOMBÓ,AFOGADOS,,COLISÃO,0,0,0,0,0,0,0,1,0
2913,202323675,2023-10-09 0:00:00,7:05:00,COM VÍTIMA,FINALIZADA,SAO JOSE,RUA IMPERIAL,TRV DO RAPOSO,ESQUINA DO BAR DA BETANIA,SAO JOSE,,COLISÃO,2,0,0,0,0,0,0,1,0
2914,202323679,2023-10-09 0:00:00,7:58:00,COM VÍTIMA,FINALIZADA,SANTO AMARO,RUA ANTONIO SIMOES,,"EM FRENTE A FREITA MOTO PEÇAS , PROX. A AGAMENON VEICULOS",SANTO AMARO,,COLISÃO LATERAL,0,1,0,0,0,0,0,1,0
2915,202323681,2023-10-09 0:00:00,8:33:00,COM VÍTIMA,FINALIZADA,AFOGADOS,AV DR JOSE RUFINO,,"PROX. AO ARMAZEM CORAL, COMERCIAL GUSTAVO E RESTAURANTE BODE DO NO",AFOGADOS,,COLISÃO LATERAL,0,1,0,0,0,0,0,1,0
2916,202323682,2023-10-09 0:00:00,8:35:00,COM VÍTIMA,FINALIZADA,AFOGADOS,RUA SAO MIGUEL,,PROX. AO ARMAZEM  CORAL  .,AFOGADOS,,COLISÃO LATERAL,1,1,0,0,0,0,0,1,0
2917,202323685,2023-10-09 0:00:00,8:46:00,COM VÍTIMA,FINALIZADA,AGUA FRIA,AV BEBERIBE,,PROX. AO MADRUGÃO BURGUER,AGUA FRIA,,COLISÃO TRASEIRA,1,1,0,0,0,0,0,1,0
2918,202323686,2023-10-09 0:00:00,8:47:00,COM VÍTIMA,FINALIZADA,TORRE,RUA MARCOS ANDRE,,EM FRENTE AO CARREFOUR,TORRE,,COLISÃO LATERAL,1,0,0,0,0,0,0,1,0
2919,202323690,2023-10-09 0:00:00,9:41:00,COM VÍTIMA,FINALIZADA,AFOGADOS,RUA SAO MIGUEL,RUA DO DESPACHO,POSTO DE GASOLONBA DISLUB,AFOGADOS,,COLISÃO LATERAL,1,1,0,0,0,0,0,1,0
2920,202323710,2023-10-09 0:00:00,12:34:00,COM VÍTIMA,FINALIZADA,ROSARINHO,RUA GERSON DE BARROS PINANGE,,APOS A PADARIA DO ROSARINHO,ROSARINHO,,COLISÃO LATERAL,1,1,0,0,0,0,0,1,0