_id,Protocolo,data,hora,natureza,situacao,bairro,endereco,detalhe_endereco_acidente,complemento,bairro_cruzamento,sentido_via,tipo,auto,moto,ciclista,pedestre,onibus,caminhao,viatura,vitimas,vitimasfatais
2921,202323723,2023-10-09 0:00:00,3:44:00,COM VÍTIMA,FINALIZADA,CAMPO GRANDE,RUA VISCONDE DE CAIRU,,BODEGA DO PIRATA,CAMPO GRANDE,,COLISÃO LATERAL,0,1,0,0,0,0,1,1,0
2922,202323725,2023-10-09 0:00:00,3:56:00,COM VÍTIMA,FINALIZADA,CORDEIRO,RUA SANTA LUCIA,,AO LADO DO PARQUE DO CAIARA ESQUINA DO ARMAZEM PARALELA DA CONSTRUÇÃO,CORDEIRO,,COLISÃO LATERAL,0,0,0,0,0,0,0,1,0
2923,202323730,2023-10-09 0:00:00,4:45:00,COM VÍTIMA,FINALIZADA,IMBIRIBEIRA,AV MARECHAL MASCARENHAS DE MORAES,,E/F AO GERALDAO,IMBIRIBEIRA,,COLISÃO LATERAL,0,0,0,0,0,0,0,1,0
2924,202323736,2023-10-09 0:00:00,5:20:00,COM VÍTIMA,FINALIZADA,MACAXEIRA,RUA ALTO DO PITU,,PROX AO CAMPO DO UNIAO E A COMPESA,MACAXEIRA,,COLISÃO LATERAL,0,0,0,0,1,1,0,1,0
2925,202323738,2023-10-09 0:00:00,5:22:00,COM VÍTIMA,FINALIZADA,IMBIRIBEIRA,AV MARECHAL MASCARENHAS DE MORAES,,E/F A HONDA,IMBIRIBEIRA,,COLISÃO LATERAL,0,1,0,0,0,0,0,1,0
2926,202323751,2023-10-09 0:00:00,6:53:00,COM VÍTIMA,CANCELADA,AFOGADOS,EST DOS REMEDIOS,,PROX A OFICINA DEL UCIANO E AO CABOCLINHO,AFOGADOS,,COLISÃO,0,1,0,0,0,0,0,1,0
2927,202323753,2023-10-09 0:00:00,7:50:00,COM VÍTIMA,CANCELADA,IBURA,AV DOIS RIOS,,"IGREJA DOS MORMOS, DEPOIS DO POSTO SHELL",IBURA,,,0,1,0,0,0,0,0,1,0
2928,202323766,2023-10-10 0:00:00,5:09:00,SEM VÍTIMA,FINALIZADA,ILHA DO LEITE,RUA DR JOAO ASFORA,,EM FRENTE HOSPITAL ILHA DO LEITE,ILHA DO LEITE,SUBURBIO,CHOQUE,0,0,0,0,0,1,0,0,0
2929,202323767,2023-10-10 0:00:00,5:38:00,COM VÍTIMA,FINALIZADA,PONTO DE PARADA,AV BEBERIBE,,COM A MEN SÁ,PONTO DE PARADA,,COLISÃO LATERAL,1,1,0,0,0,0,0,1,0
2930,202323790,2023-10-10 0:00:00,8:50:00,COM VÍTIMA,FINALIZADA,TORRE,RUA JOSE BONIFACIO,,"EM FRENTE AO CARREFOUR, SENT. PARNAMIRIM",TORRE,,COLISÃO LATERAL,1,0,0,0,0,0,0,1,0
2931,202323792,2023-10-10 0:00:00,9:16:00,COM VÍTIMA,FINALIZADA,AFOGADOS,RUA SAO MIGUEL,,EM FRENTE AO CHINA IN BOX,AFOGADOS,,COLISÃO FRONTAL,0,2,0,0,0,0,0,3,0
2932,202323793,2023-10-10 0:00:00,9:17:00,COM VÍTIMA,FINALIZADA,MADALENA,AV CAXANGA,,EM FRENTE AO COMPAZ,MADALENA,,COLISÃO LATERAL,1,0,0,0,1,0,0,1,0
2933,202323797,2023-10-10 0:00:00,9:31:00,COM VÍTIMA,FINALIZADA,SANTO AMARO,RUA BARROS BARRETO,RUA DO SOSSEGO,PERTO DA HIPER METAL,SANTO AMARO,,COLISÃO LATERAL,2,0,0,0,0,0,0,1,0
2934,202323805,2023-10-10 0:00:00,10:29:00,COM VÍTIMA,FINALIZADA,ESPINHEIRO,AV GOVERNADOR AGAMENON MAGALHAES,,NA SAIDA DA RUA LEOPOLDO LINS,ESPINHEIRO,,COLISÃO,1,1,0,0,0,0,0,1,0
2935,202323816,2023-10-10 0:00:00,11:23:00,COM VÍTIMA,DUPLICIDADE,PINA,AV HERCULANO BANDEIRA,,PROX. AO RIO MAR SENT. CIDADE,PINA,,COLISÃO LATERAL,0,1,0,0,0,0,0,1,0
2936,202323817,2023-10-10 0:00:00,11:32:00,COM VÍTIMA,FINALIZADA,PINA,AV GOVERNADOR PAULO GUERRA,,,PINA,,COLISÃO,0,0,0,0,0,0,0,1,0
2937,202323818,2023-10-10 0:00:00,11:54:00,COM VÍTIMA,FINALIZADA,IMBIRIBEIRA,AV MARECHAL MASCARENHAS DE MORAES,,EM FRENTE A TOYOTA,IMBIRIBEIRA,,COLISÃO LATERAL,0,1,0,0,0,0,0,1,0
2938,202323824,2023-10-10 0:00:00,12:48:00,COM VÍTIMA,FINALIZADA,JARDIM SAO PAULO,AV LIBERDADE,,PROX A IGREJA CONGRECIONAL DA LIBERDADE / PROX AO MARTEILINDO DE OURO,JARDIM SAO PAULO,,COLISÃO TRASEIRA,1,1,0,0,0,0,0,1,0
2939,202323831,2023-10-10 0:00:00,1:53:00,COM VÍTIMA,FINALIZADA,MADALENA,RUA LOPES DE CARVALHO,RUA HERMOGENES DE MORAIS,APOS O BOMPREÇO DA BEM FICA PRIMEIRA RUA A ESQUERDA,MADALENA,,COLISÃO LATERAL,1,1,0,0,0,0,0,1,0
2940,202323848,2023-10-10 0:00:00,5:06:00,COM VÍTIMA,DUPLICIDADE,CORDEIRO,AV CAXANGA,,E/F AO TI GETULIO VARGAS,CORDEIRO,,COLISÃO LATERAL,0,2,0,0,0,0,0,1,0
2941,202323850,2023-10-10 0:00:00,5:18:00,COM VÍTIMA,FINALIZADA,CORDEIRO,AV CAXANGA,,EM FRENTE AO TERMINAL GETULIO VARGAS,CORDEIRO,,COLISÃO LATERAL,0,0,0,0,0,0,0,1,0
2942,202323856,2023-10-10 0:00:00,6:11:00,COM VÍTIMA,FINALIZADA,CASA FORTE,AV DEZESSETE DE AGOSTO,,EM FRENTE AO RESTAURANTE RECANTO PARAIBANO,CASA FORTE,,COLISÃO LATERAL,1,1,0,0,0,0,0,1,0
2943,202323894,2023-10-11 0:00:00,8:09:00,COM VÍTIMA,FINALIZADA,IMBIRIBEIRA,AV MARECHAL MASCARENHAS DE MORAES,,EM FRENTE A UPA SENT. AFOGADOS,IMBIRIBEIRA,,COLISÃO LATERAL,0,1,0,0,0,0,0,1,0
2944,202323909,2023-10-11 0:00:00,9:12:00,COM VÍTIMA,FINALIZADA,SANTO AMARO,AV CRUZ CABUGA,,NA FRENTE DO HOSPITAL DO CANCER,SANTO AMARO,,COLISÃO TRASEIRA,1,0,0,0,1,0,0,1,0
2945,202323926,2023-10-11 0:00:00,12:08:00,COM VÍTIMA,FINALIZADA,IPUTINGA,AV MAURICIO DE NASSAU,RUA N S DA SAUDE,PERTO DO PARQUE DO CAIARA,IPUTINGA,,COLISÃO LATERAL,1,1,0,0,0,0,0,1,0
2946,202323931,2023-10-11 0:00:00,12:47:00,COM VÍTIMA,FINALIZADA,PINA,AV REPUBLICA DO LIBANO,RUA NOGUEIRA DE SOUZA,PROX AO CALDINHO DO NENEM,PINA,,COLISÃO LATERAL,1,1,0,0,0,0,0,1,0
2947,202323943,2023-10-11 0:00:00,2:38:00,COM VÍTIMA,FINALIZADA,CABANGA,AV ENGENHEIRO JOSE ESTELITA,,AO LADO DO CABANGA IATE CLUBE,CABANGA,,COLISÃO LATERAL,1,1,0,0,0,0,0,1,0
2948,202323947,2023-10-11 0:00:00,3:25:00,COM VÍTIMA,FINALIZADA,IPSEP,AV RECIFE,,E/F AO ANTIGO BOMPREÇO S/T AEROPORTO,IPSEP,,ATROPELAMENTO DE PESSOA,1,0,0,1,0,0,0,1,0
2949,202323948,2023-10-11 0:00:00,3:32:00,COM VÍTIMA,FINALIZADA,DERBY,AV GOVERNADOR AGAMENON MAGALHAES,,E/F A LOJA PEPV,DERBY,,COLISÃO LATERAL,1,0,0,0,1,0,0,1,0
2950,202323950,2023-10-11 0:00:00,3:34:00,COM VÍTIMA,FINALIZADA,BOA VIAGEM,RUA CARLOS PEREIRA FALCAO,,PROX AO SUPERMERCADO SOBERANO  E RESTAURANTE BODE DO NO,BOA VIAGEM,,COLISÃO LATERAL,0,1,0,0,0,0,0,1,0
2951,202323960,2023-10-11 0:00:00,5:13:00,COM VÍTIMA,FINALIZADA,TAMARINEIRA,AV NORTE MIGUEL ARRAES DE ALENCAR,,E/F AO NEXOS MOTEL,TAMARINEIRA,,COLISÃO LATERAL,0,1,0,0,0,0,0,1,0
2952,202323976,2023-10-11 0:00:00,7:03:00,SEM VÍTIMA,CANCELADA,PINA,AVENIDA CELSO FURTADO (VIA MANGUE),,"KM2,4",PINA,,COLISÃO,2,0,0,0,0,0,0,0,0
2953,202323977,2023-10-11 0:00:00,7:05:00,SEM VÍTIMA,CANCELADA,SAO JOSE,RUA IMPERIAL,,PRÓXIMO A ESCOLA DE REFERÊNCIA EM ENSINO MÉDIO JOAQUIM NABUCO,SAO JOSE,,COLISÃO,2,0,0,0,0,0,0,0,0
2954,202323984,2023-10-11 0:00:00,9:56:00,COM VÍTIMA,FINALIZADA,CAXANGA,RUA RIBEIRO PESSOA,,PRÓXIMO AO MOTEL NINJA,CAXANGA,,COLISÃO LATERAL,0,1,0,0,1,0,0,1,0
2955,202324008,2023-10-12 0:00:00,10:36:00,COM VÍTIMA,FINALIZADA,CORDEIRO,AV ENGENHEIRO ABDIAS DE CARVALHO,EST DO FORTE DO ARRAIAL N. DO B. JESUS,SEMAFORO 375,CORDEIRO,,COLISÃO,1,1,0,0,0,0,0,1,0
2956,202324010,2023-10-12 0:00:00,10:59:00,COM VÍTIMA,DUPLICIDADE,TORROES,AV ENGENHEIRO ABDIAS DE CARVALHO,,PROX. A UPA DOS TORROES,TORROES,,COLISÃO LATERAL,0,1,0,0,0,0,0,1,0
2957,202324011,2023-10-12 0:00:00,11:00:00,COM VÍTIMA,FINALIZADA,BAIRRO DO RECIFE,CAIS DO APOLO,,EM FRENTE A PREFEITURA DO RECIFE,BAIRRO DO RECIFE,,COLISÃO LATERAL,0,1,0,0,0,0,0,1,0
2958,202324016,2023-10-12 0:00:00,12:16:00,COM VÍTIMA,FINALIZADA,MADALENA,RUA BENFICA,,E/F A PRAÇA DO INTERNACIONAL,MADALENA,,QUEDA,0,1,0,0,0,0,0,1,0
2959,202324018,2023-10-12 0:00:00,12:41:00,COM VÍTIMA,FINALIZADA,PINA,PTE GOVERNADOR PAULO GUERRA,,NO VIADUTO DO PINA S/T CID,PINA,,COLISÃO LATERAL,1,1,0,0,0,0,0,1,0
2960,202324024,2023-10-12 0:00:00,1:26:00,COM VÍTIMA,FINALIZADA,TORROES,AV ENGENHEIRO ABDIAS DE CARVALHO,,E/F AO YOKI,TORROES,,COLISÃO LATERAL,0,1,0,0,0,0,0,1,0
2961,202324029,2023-10-12 0:00:00,3:06:00,COM VÍTIMA,FINALIZADA,JARDIM SAO PAULO,RUA ALVENOPOLIS,,PROX A ESCOLA DOM BOSCO,JARDIM SAO PAULO,,COLISÃO LATERAL,1,0,0,0,0,0,0,1,0
2962,202324043,2023-10-12 0:00:00,6:27:00,COM VÍTIMA,FINALIZADA,BOA VIAGEM,TRV DR PEDRO DE MELO CAHU,RUA PROFESSOR JOSE BRANDAO,PROX AO COLEGIO SANTA MARIA  E EM FRENTE AO BEATH CLASS,BOA VIAGEM,,COLISÃO LATERAL,2,0,0,0,0,0,0,1,0
2963,202324049,2023-10-12 0:00:00,7:15:00,COM VÍTIMA,FINALIZADA,SAN MARTIN,AV GENERAL SAN MARTIN,,EM FRENTE À SORVETERIA MUG. SOLICITANTE INFORMA QUE NÃO EXISTEM MAIS PONTOS DE REFERÊNCIAS / ENTRE O SEMÁFORO DA GOMES TABORDA E O HOSPITAL GETÚLIO VARGAS,SAN MARTIN,,COLISÃO,0,1,0,0,0,0,0,1,0
2964,202324050,2023-10-12 0:00:00,7:18:00,COM VÍTIMA,DUPLICIDADE,BOA VIAGEM,RUA PROFESSOR JOSE BRANDAO,,PROXIMO AO COLEGIO DE BOA VIAGEM,BOA VIAGEM,,COLISÃO,0,0,0,0,0,0,0,1,0
2965,202324057,2023-10-13 0:00:00,12:45:00,SEM VÍTIMA,FINALIZADA,BOA VIAGEM,AVENIDA CELSO FURTADO (VIA MANGUE),,,BOA VIAGEM,,COLISÃO,2,0,0,0,0,0,0,0,0
2966,202324065,2023-10-13 0:00:00,6:15:00,COM VÍTIMA,FINALIZADA,AFLITOS,AV CONS ROSA E SILVA,,"APOS O CLUB NAUTICO, EM FRENTE AO BOM PREÇO",AFLITOS,,COLISÃO,1,0,0,0,0,0,0,1,0
2967,202324072,2023-10-13 0:00:00,7:23:00,COM VÍTIMA,FINALIZADA,ESPINHEIRO,RUA QUARENTA E OITO,,APOS A FARMACIA PAGUE MENOS,ESPINHEIRO,,COLISÃO LATERAL,0,1,0,0,0,0,0,1,0
2968,202324074,2023-10-13 0:00:00,7:48:00,COM VÍTIMA,FINALIZADA,CAMPO GRANDE,RUA PROFESSOR FRANCISCO DA TRINDADE,,PROX. AO CLUBE DAS PAS E PRAÇA DE CAMPO GRANDE,CAMPO GRANDE,,COLISÃO LATERAL,0,1,0,0,0,0,0,1,0
2969,202324075,2023-10-13 0:00:00,8:01:00,COM VÍTIMA,FINALIZADA,HIPODROMO,RUA CARLOS FERNANDES,,PROX. AO COLEGIO CLOVIS BEVILAQUA,HIPODROMO,,COLISÃO FRONTAL,1,1,0,0,0,0,0,2,0
2970,202324079,2023-10-13 0:00:00,8:56:00,COM VÍTIMA,FINALIZADA,AFOGADOS,RUA VINTE E UM DE ABRIL,,PROX A PRAÇA DO GIRADOURO / EM FRENTE JOEL DAS BEBIDAS. SENTIDO AFOGADOS,AFOGADOS,,COLISÃO COM CICLISTA,1,0,1,0,0,0,0,1,0
2971,202324086,2023-10-13 0:00:00,9:16:00,SEM VÍTIMA,FINALIZADA,CIDADE UNIVERSITARIA,RUA PROFESSOR ANTONIO COELHO,RUA EMILIANO BRAGA,AO LADO DO TERMINAL T.I DA CAXANGA,CIDADE UNIVERSITARIA,,COLISÃO LATERAL,1,1,0,0,0,0,0,0,0
2972,202324091,2023-10-13 0:00:00,10:31:00,COM VÍTIMA,FINALIZADA,IBURA,RUA BARAO DE ANTONINA,,ULTIMO RETORNO DA CHURRASCARIA SAL E BRASA // FATO COMERCIO,IBURA,,COLISÃO LATERAL,1,1,0,0,0,0,0,1,0
2973,202324096,2023-10-13 0:00:00,12:17:00,COM VÍTIMA,FINALIZADA,VARZEA,AV CAXANGA,,EM FRENTE AO TERMINAL T.I CAXANGA,VARZEA,,ATROPELAMENTO DE PESSOA,0,0,1,1,0,0,0,1,0
2974,202324101,2023-10-13 0:00:00,2:06:00,COM VÍTIMA,CANCELADA,ESPINHEIRO,AV JOAO DE BARROS,,PROX AO EXTRA,ESPINHEIRO,,COLISÃO COM CICLISTA,1,0,1,0,0,0,0,1,0
2975,202324113,2023-10-13 0:00:00,4:57:00,SEM VÍTIMA,CANCELADA,JOANA BEZERRA,AV BEIRA RIO,,NO CAMPO DO BARRO NA DESCIDA DO VIADUTO  ANTES DO FORUM,JOANA BEZERRA,,COLISÃO LATERAL,1,1,0,0,0,0,0,0,0
2976,202324114,2023-10-13 0:00:00,5:41:00,COM VÍTIMA,FINALIZADA,DOIS UNIDOS,RUA DIVISOPOLIS,,APOS A ESCOLA MARACANA NA SEGUNDA CURVA,DOIS UNIDOS,,COLISÃO FRONTAL,0,1,0,0,1,0,0,1,0
2977,202324122,2023-10-13 0:00:00,6:38:00,SEM VÍTIMA,FINALIZADA,DOIS UNIDOS,RUA VERTENTES DO LERIO,,,DOIS UNIDOS,,CHOQUE,1,1,0,0,0,1,0,0,0
2978,202324124,2023-10-13 0:00:00,6:49:00,SEM VÍTIMA,CANCELADA,BOMBA DO HEMETERIO,RUA BOMBA DO HEMETERIO,,PROX A SERGIO ORTO FRUITS,BOMBA DO HEMETERIO,,COLISÃO LATERAL,2,0,0,0,0,0,0,0,0
2979,202324134,2023-10-14 0:00:00,12:31:00,COM VÍTIMA,FINALIZADA,BOA VIAGEM,RUA ANTONIO FALCAO,,PROX. AO CARREFU,BOA VIAGEM,,COLISÃO LATERAL,1,1,0,0,0,0,0,1,0
2980,202324135,2023-10-14 0:00:00,1:26:00,SEM VÍTIMA,CANCELADA,IBURA,AV SAO PAULO,,TERMINAL DO ONIBUS DE TRES CARNEIROS ALTO,IBURA,,COLISÃO LATERAL,0,0,0,0,1,1,0,0,0
2981,202324162,2023-10-14 0:00:00,2:17:00,COM VÍTIMA,FINALIZADA,BOA VIAGEM,AV ANTONIO DE GOES,,PROX AO MCDONALD´S,BOA VIAGEM,,COLISÃO LATERAL,0,1,0,0,0,0,0,1,0
2982,202324163,2023-10-14 0:00:00,3:10:00,COM VÍTIMA,FINALIZADA,CORDEIRO,RUA VISCONDE DE ITABORAI,,PERTO DO COLEGIO ALBERTO SABIN,CORDEIRO,,COLISÃO LATERAL,1,1,0,0,0,0,0,1,0
2983,202324164,2023-10-14 0:00:00,3:23:00,COM VÍTIMA,FINALIZADA,TORROES,EST DO FORTE DO ARRAIAL N. DO B. JESUS,,EM FRENTE A SUPREMA LAVANDERIA,TORROES,,COLISÃO COM CICLISTA,1,0,1,0,0,0,0,1,0
2984,202324166,2023-10-14 0:00:00,3:39:00,COM VÍTIMA,FINALIZADA,BOA VIAGEM,RUA HENRIQUE CAPITULINO,RUA DOS NAVEGANTES,POX AO QUIOSQUE 13 NA RUA DO BRIGADEIRO DA AERONAULTICA,BOA VIAGEM,,COLISÃO LATERAL,1,1,0,0,0,0,0,1,0
2985,202324167,2023-10-14 0:00:00,4:12:00,COM VÍTIMA,FINALIZADA,SANTO AMARO,AV MARIO MELO,RUA PALMARES,E/F AO INSS,SANTO AMARO,,COLISÃO LATERAL,1,1,0,0,0,0,0,1,0
2986,202324168,2023-10-14 0:00:00,5:02:00,COM VÍTIMA,FINALIZADA,CASA AMARELA,AV NORTE MIGUEL ARRAES DE ALENCAR,RUA MANDACARU,AO LADO DA FARMACIA MANDACARU,CASA AMARELA,,COLISÃO,0,2,0,0,0,0,0,1,0
2987,202324174,2023-10-14 0:00:00,5:43:00,COM VÍTIMA,FINALIZADA,BOA VIAGEM,RUA DONA MAGINA PONTUAL,,E/F A GREJA  NOSSA SENHORA DE FATIMA,BOA VIAGEM,,CAPOTAMENTO,0,0,0,0,0,0,0,1,0
2988,202324180,2023-10-14 0:00:00,9:13:00,COM VÍTIMA,FINALIZADA,TORROES,AV BICENTENARIO DA REVOLUCAO FRANCESA,,FARMACIA POUPE MAIS,TORROES,,COLISÃO,0,1,0,1,0,1,0,2,0
2989,202324181,2023-10-14 0:00:00,9:20:00,SEM VÍTIMA,FINALIZADA,BEBERIBE,AV BEBERIBE,,EM FRENTE AO POSTO SHELL,BEBERIBE,,COLISÃO FRONTAL,1,1,0,0,0,0,0,0,0
2990,202324182,2023-10-14 0:00:00,10:02:00,SEM VÍTIMA,FINALIZADA,BOA VIAGEM,RUA JOAO DIAS MARTINS,RUA DONA MAGINA PONTUAL,,BOA VIAGEM,,CAPOTAMENTO,2,0,0,0,0,0,0,0,0
2991,202324201,2023-10-15 0:00:00,7:20:00,COM VÍTIMA,FINALIZADA,GRACAS,AV RUI BARBOSA,,PROX AO MUSEU DO ESTADO / AO LADO DA PEDRAGON,GRACAS,,COLISÃO,0,1,0,0,0,0,0,1,0
2992,202324206,2023-10-15 0:00:00,8:54:00,COM VÍTIMA,FINALIZADA,SANTO AMARO,RUA DR LEOPOLDO LINS,,DE FRENTE A FACULDADE DE CIENCIAS HUMANA,SANTO AMARO,,COLISÃO,0,1,0,0,0,0,0,1,0
2993,202324207,2023-10-15 0:00:00,8:54:00,COM VÍTIMA,FINALIZADA,ARRUDA,AV PROFESSOR JOSE DOS ANJOS,,POR TRÁS DO CAMPO DO ARRUDA,ARRUDA,,COLISÃO,0,1,0,0,0,0,0,1,0
2994,202324214,2023-10-15 0:00:00,11:10:00,COM VÍTIMA,FINALIZADA,CORDEIRO,RUA ANGELICA,,PROX A PADARIA DO FORTE  / PROX AO AO SUPERMERCADO DO PREÇO,CORDEIRO,,COLISÃO,1,1,0,0,0,0,0,1,0
2995,202324223,2023-10-15 0:00:00,2:16:00,COM VÍTIMA,FINALIZADA,IMBIRIBEIRA,AV MARECHAL MASCARENHAS DE MORAES,,PROXIMO A FACULDADE UNIVERSO E SKAYFIT,IMBIRIBEIRA,,COLISÃO,0,1,0,0,0,0,0,1,0
2996,202324232,2023-10-15 0:00:00,4:17:00,COM VÍTIMA,FINALIZADA,CASA AMARELA,RUA BELA VISTA,,PADARIA BELA VISTA,CASA AMARELA,,COLISÃO LATERAL,1,1,0,0,0,0,0,1,0
2997,202324251,2023-10-15 0:00:00,11:39:00,SEM VÍTIMA,CANCELADA,IMBIRIBEIRA,RUA ITACARE,,PROXIMO AO BAR ESPAÇO ABERTO,IMBIRIBEIRA,,CHOQUE,2,0,0,0,0,0,0,0,0
2998,202324260,2023-10-16 0:00:00,7:37:00,COM VÍTIMA,FINALIZADA,AFOGADOS,RUA SAO MIGUEL,,EM FRENTE AO RESTAURANTE CHINE BOX / PROX AO QUARTEL,AFOGADOS,,COLISÃO,1,1,0,1,0,0,0,1,0
2999,202324261,2023-10-16 0:00:00,7:37:00,COM VÍTIMA,FINALIZADA,NOVA DESCOBERTA,RUA NOVA DESCOBERTA,,EM FRENTE AO ARMAZEM IMPERIO DA CONSTRUÇÃO,NOVA DESCOBERTA,,COLISÃO,0,1,0,0,0,0,0,1,0
3000,202324267,2023-10-16 0:00:00,8:34:00,COM VÍTIMA,FINALIZADA,ARRUDA,RUA MUNIZ GALVAO,,BAR MISTUREBA,ARRUDA,,COLISÃO FRONTAL,1,1,0,0,0,0,0,1,0
3001,202324269,2023-10-16 0:00:00,8:41:00,COM VÍTIMA,FINALIZADA,BOA VIAGEM,AV CONSELHEIRO AGUIAR,RUA PADRE BERNADINO PESSOA,"PROX A TUTU E PRIMA CASA, NA RUA DA PADARIA BOA VIAGEM",BOA VIAGEM,,COLISÃO,1,1,0,0,0,0,0,1,0
3002,202324277,2023-10-16 0:00:00,10:10:00,COM VÍTIMA,FINALIZADA,CAMPO GRANDE,AV GOVERNADOR AGAMENON MAGALHAES,,PROX AO POSTO BR /  PROX AO HOSPITAL MANDACARU,CAMPO GRANDE,,COLISÃO,0,1,0,0,0,0,0,1,0
3003,202324281,2023-10-16 0:00:00,12:02:00,COM VÍTIMA,FINALIZADA,BAIRRO DO RECIFE,CAIS DO APOLO,,PROX AO TRIBUNAL REGIONAL FEDERAL,BAIRRO DO RECIFE,,COLISÃO LATERAL,2,0,0,0,0,0,0,1,0
3004,202324283,2023-10-16 0:00:00,12:15:00,COM VÍTIMA,FINALIZADA,SANTO AMARO,AV GOVERNADOR AGAMENON MAGALHAES,,"PROX AO HAP VIDA , PROX AO SHOPPING TACARUNA , SENTIDO  BOA VIAGEM",SANTO AMARO,SUBURBIO,COLISÃO LATERAL,1,1,0,0,0,0,0,2,0
3005,202324288,2023-10-16 0:00:00,1:42:00,SEM VÍTIMA,FINALIZADA,BOA VISTA,RUA LUIZ BARBALHO,AV GOVERNADOR AGAMENON MAGALHAES,EM FRENTE A PRONTO PELE,BOA VISTA,,CHOQUE,1,0,0,0,0,0,0,0,0
3006,202324289,2023-10-16 0:00:00,1:59:00,COM VÍTIMA,FINALIZADA,LINHA DO TIRO,RUA URIEL DE HOLANDA,,SEMÁFORO 641,LINHA DO TIRO,,COLISÃO FRONTAL,0,2,0,0,0,0,0,1,0
3007,202324295,2023-10-16 0:00:00,3:21:00,COM VÍTIMA,FINALIZADA,IMBIRIBEIRA,RUA JULIO VERNE,,NA RUA DO SINDICATO DOS TAXISTA,IMBIRIBEIRA,,COLISÃO LATERAL,0,2,0,0,0,0,0,3,0
3008,202324297,2023-10-16 0:00:00,3:39:00,COM VÍTIMA,FINALIZADA,CASA AMARELA,RUA PADRE LEMOS,,KINITOS,CASA AMARELA,,COLISÃO LATERAL,1,1,0,0,0,0,0,2,0
3009,202324302,2023-10-16 0:00:00,4:42:00,COM VÍTIMA,FINALIZADA,MADALENA,AV VISCONDE DE ALBUQUERQUE,RUA JOSE OSORIO,PROX EXTRA FARMA E A FARMACIA DO TRABALHADOR,MADALENA,SUBURBIO,COLISÃO LATERAL,1,1,0,0,0,0,0,1,0
3010,202324309,2023-10-16 0:00:00,6:32:00,COM VÍTIMA,FINALIZADA,ILHA DO LEITE,AV FREI MATIAS TEVES,RUA SENADOR JOSE HENRIQUE,PROX A MULTI IMAGEM E AO LADO DO HOSPITAL ALBERT  SABIN,ILHA DO LEITE,,COLISÃO FRONTAL,1,1,0,0,0,0,0,1,0
3011,202324315,2023-10-17 0:00:00,12:29:00,COM VÍTIMA,FINALIZADA,IMBIRIBEIRA,RUA SARGENTO SILVINO DE MACEDO,RUA JOAQUIM BANDEIRA,ESQUINA COM O HOTEL PRAIA SUL,IMBIRIBEIRA,,COLISÃO,1,1,0,0,0,0,0,1,0
3012,202324341,2023-10-17 0:00:00,8:12:00,COM VÍTIMA,FINALIZADA,CAXANGA,AV CAXANGA,,GOLF CLUBE // E/F A PARADA DO BRT,CAXANGA,,COLISÃO FRONTAL,4,0,0,0,0,0,0,2,0
3013,202324343,2023-10-17 0:00:00,8:27:00,COM VÍTIMA,FINALIZADA,IMBIRIBEIRA,AV MARECHAL MASCARENHAS DE MORAES,,PROX. A FLOR E ARTE E POSTO IPIRANGA SENT. CIDADE,IMBIRIBEIRA,,COLISÃO LATERAL,0,1,0,0,0,0,0,1,0
3014,202324344,2023-10-17 0:00:00,8:33:00,COM VÍTIMA,FINALIZADA,BOA VIAGEM,AV ENGENHEIRO DOMINGOS FERREIRA,,"EM FRENTE A REI DOS GALETOS, SENTIDO PIEDADE",BOA VIAGEM,,COLISÃO TRASEIRA,1,1,0,0,0,0,0,1,0
3015,202324345,2023-10-17 0:00:00,9:02:00,COM VÍTIMA,FINALIZADA,CASA FORTE,AV DEZESSETE DE AGOSTO,,EM FRENTE AO POSTO DE GASOLINA PETROCAL,CASA FORTE,,COLISÃO TRASEIRA,2,1,0,0,0,0,0,1,0
3016,202324363,2023-10-17 0:00:00,11:04:00,SEM VÍTIMA,FINALIZADA,IBURA,AV DOIS RIOS,,OTICA PRECISÃO,IBURA,CIDADE,COLISÃO TRASEIRA,1,0,0,0,0,1,0,0,0
3017,202324373,2023-10-17 0:00:00,12:22:00,COM VÍTIMA,FINALIZADA,AFLITOS,AV CONS ROSA E SILVA,,AO LADO DO CLUBE PORTUGUÊS / SENTINDO AFLITOS,AFLITOS,,COLISÃO,0,1,0,0,0,0,0,1,0
3018,202324376,2023-10-17 0:00:00,12:58:00,COM VÍTIMA,FINALIZADA,MADALENA,RUA JOSE OSORIO,,SOBRE A PONTE DA CAPUNGA,MADALENA,,COLISÃO,0,1,0,0,0,0,0,1,0
3019,202324383,2023-10-17 0:00:00,2:07:00,SEM VÍTIMA,FINALIZADA,BOA VIAGEM,RUA FELIX DE BRITO E MELO,AV CONSELHEIRO AGUIAR,AO LADO DO BANCO BRADESCO,BOA VIAGEM,,,1,0,0,0,0,0,1,0,0