_id,Protocolo,data,hora,natureza,situacao,bairro,endereco,detalhe_endereco_acidente,complemento,bairro_cruzamento,sentido_via,tipo,auto,moto,ciclista,pedestre,onibus,caminhao,viatura,vitimas,vitimasfatais
3020,202324390,2023-10-17 0:00:00,2:59:00,COM VÍTIMA,FINALIZADA,BOA VIAGEM,AV ENGENHEIRO DOMINGOS FERREIRA,,EMPRESARIAL ALEXANDRE DE CASTRO,BOA VIAGEM,,CHOQUE,1,0,0,0,0,0,0,1,0
3021,202324396,2023-10-17 0:00:00,5:03:00,COM VÍTIMA,FINALIZADA,BOA VIAGEM,AV CONSELHEIRO AGUIAR,,PROXIMO A FARMACIA DROGASIL E A PARLA DELI,BOA VIAGEM,,COLISÃO,2,0,0,0,0,0,0,2,0
3022,202324420,2023-10-17 0:00:00,7:44:00,COM VÍTIMA,FINALIZADA,SANTO AMARO,AV GOVERNADOR AGAMENON MAGALHAES,,DEPOIS DO VIADUTO DA AV NORTE,SANTO AMARO,OLINDA,COLISÃO LATERAL,0,1,1,0,0,0,0,2,0
3023,202324424,2023-10-17 0:00:00,9:38:00,COM VÍTIMA,FINALIZADA,BAIRRO DO RECIFE,AV MILITAR,,POR TRAZ DA FABRICA DE BISCOITOS PILAR,BAIRRO DO RECIFE,CIDADE,COLISÃO,0,1,0,0,0,0,0,1,0
3024,202324441,2023-10-18 0:00:00,8:08:00,COM VÍTIMA,FINALIZADA,ROSARINHO,RUA DR JOSE MARIA,,LADO OPOSTO À PADARIA PÃO RECIFE,ROSARINHO,,COLISÃO TRANSVERSAL,1,1,0,0,0,0,0,2,0
3025,202324451,2023-10-18 0:00:00,8:50:00,COM VÍTIMA,FINALIZADA,MADALENA,RUA DR JOAO COIMBRA,RUA ERNANI BRAGA,PROX. AO MERCADO PUBLIDO DA MADALENA,MADALENA,,COLISÃO LATERAL,1,1,0,0,0,0,0,1,0
3026,202324463,2023-10-18 0:00:00,10:29:00,SEM VÍTIMA,FINALIZADA,JOANA BEZERRA,RUA CABO EUTROPIO,RUA MALHADA,MERCEARIA POSTO IPIRANGA,JOANA BEZERRA,CIDADE,COLISÃO TRASEIRA,0,1,0,0,0,0,1,0,0
3027,202324475,2023-10-18 0:00:00,11:15:00,COM VÍTIMA,FINALIZADA,BOA VISTA,RUA HENRIQUE DIAS,AV GOVERNADOR AGAMENON MAGALHAES,AO LADO DA FARMACIA PAGUE MENOS,BOA VISTA,,COLISÃO LATERAL,1,0,0,0,0,0,0,1,0
3028,202324482,2023-10-18 0:00:00,12:45:00,COM VÍTIMA,FINALIZADA,BOA VIAGEM,RUA RIBEIRO DE BRITO,,E/F A HONDA,BOA VIAGEM,,ATROPELAMENTO DE PESSOA,0,0,0,0,0,0,0,1,0
3029,202324487,2023-10-18 0:00:00,1:32:00,COM VÍTIMA,FINALIZADA,IPUTINGA,AV CAXANGA,RUA GENERAL POLIDORO,EM FRENTE À ITALIANA,IPUTINGA,,COLISÃO,0,0,0,0,0,0,0,1,0
3030,202324490,2023-10-18 0:00:00,1:47:00,COM VÍTIMA,FINALIZADA,BOA VIAGEM,RUA JOSE MOREIRA LEAL,,COLÉGIO ELO,BOA VIAGEM,,COLISÃO LATERAL,1,1,0,0,0,0,0,1,0
3031,202324498,2023-10-18 0:00:00,2:53:00,COM VÍTIMA,FINALIZADA,COHAB,AV SANTOS,,UR2 / EM FRENTE AO FERRO VELHO MOZÁ,COHAB,,COLISÃO,0,0,0,0,0,0,0,1,0
3032,202324501,2023-10-18 0:00:00,3:39:00,COM VÍTIMA,FINALIZADA,ESTANCIA,AV RECIFE,,PROXIMO O GALETOS E AO RESIDENCIAL IGNEZ ANDREAZZA,ESTANCIA,,COLISÃO,0,1,0,0,0,0,0,1,0
3033,202324504,2023-10-18 0:00:00,4:08:00,COM VÍTIMA,FINALIZADA,PRADO,RUA HERCULES FLORENCE,,PROX A BIG CAR,PRADO,,COLISÃO LATERAL,1,1,0,0,0,0,0,1,0
3034,202324506,2023-10-18 0:00:00,4:20:00,SEM VÍTIMA,FINALIZADA,IPSEP,RUA SAO NICOLAU,RUA ABDIAS CABRAL DE MOURA,EM FRENTE A SPORT CAR,IPSEP,,,1,0,0,0,0,0,0,0,0
3035,202324513,2023-10-18 0:00:00,5:11:00,COM VÍTIMA,FINALIZADA,COHAB,RUA DR BENIGNO JORDAO DE VASCONCELOS,,PROXIMO A ESCOLA LAGOA ENCANTADA E AO SALÃO DE BELEZA SAMANTA MOURA,COHAB,,COLISÃO,0,1,0,0,0,0,0,1,0
3036,202324516,2023-10-18 0:00:00,5:59:00,COM VÍTIMA,FINALIZADA,SANTO AMARO,AV CRUZ CABUGA,,PROXIMO AO PARQUE TREZE DE MAIO E CAIXA ECONOMICA,SANTO AMARO,,COLISÃO,0,1,0,0,0,0,0,1,0
3037,202324527,2023-10-18 0:00:00,7:43:00,COM VÍTIMA,FINALIZADA,IBURA,AV DOM HELDER CAMARA,,CRUZAMENTO DA LINHA FÉRREA,IBURA,,COLISÃO,0,1,1,0,0,0,0,1,0
3038,202324532,2023-10-19 0:00:00,12:17:00,COM VÍTIMA,FINALIZADA,BOA VIAGEM,RUA VISCONDE DE JEQUITINHONHA,RUA ERNESTO DE PAULA SANTOS,SUPER MERCADO SOBERANO,BOA VIAGEM,,COLISÃO,0,0,0,0,0,0,0,1,0
3039,202324556,2023-10-19 0:00:00,7:43:00,COM VÍTIMA,FINALIZADA,ARRUDA,AV PROFESSOR JOSE DOS ANJOS,,EM FRENTE A COOPERATIVA PALHA DE ARROZ,ARRUDA,,COLISÃO LATERAL,0,1,0,0,0,0,0,1,0
3040,202324566,2023-10-19 0:00:00,9:12:00,COM VÍTIMA,FINALIZADA,SANTO AMARO,AV CRUZ CABUGA,,"PROX. AO MINISTERIO MADUREIRA, ANTIGA HONDA E CASA FUNERARIA MORADA DA PAZ",SANTO AMARO,,COLISÃO LATERAL,1,1,0,0,1,0,0,2,0
3041,202324574,2023-10-19 0:00:00,10:27:00,COM VÍTIMA,FINALIZADA,AREIAS,AV DR JOSE RUFINO,,"AO LADO DO SENAI, PACIENTE DENTRO DA ACADEMIA GRIBLOX",AREIAS,,COLISÃO LATERAL,0,1,0,0,0,0,0,1,0
3042,202324578,2023-10-19 0:00:00,10:27:00,COM VÍTIMA,FINALIZADA,TORROES,RUA WASHINGTON DUARTE ESPINDOLA,,VIA QUE LIGA A AV. RECIFE A BR-101,TORROES,,ATROPELAMENTO DE PESSOA,0,0,0,1,1,0,0,1,0
3043,202324591,2023-10-19 0:00:00,11:57:00,COM VÍTIMA,FINALIZADA,BOA VIAGEM,RUA MAMANGUAPE,,PROX. AO CARREFOUR,BOA VIAGEM,,COLISÃO COM CICLISTA,1,0,1,0,0,0,0,1,0
3044,202324602,2023-10-19 0:00:00,2:02:00,COM VÍTIMA,FINALIZADA,JARDIM SAO PAULO,AV RECIFE,,DENTRO DO SUPEMERCADO ASSAI,JARDIM SAO PAULO,,COLISÃO TRANSVERSAL,1,1,0,0,0,0,0,1,0
3045,202324610,2023-10-19 0:00:00,2:42:00,COM VÍTIMA,FINALIZADA,ESPINHEIRO,RUA DO ESPINHEIRO,,PROXIMO AO RESTAURANTE VIA PALADAR E A FARMACIA DROGASIL,ESPINHEIRO,,COLISÃO,0,1,0,0,0,0,0,1,0
3046,202324640,2023-10-19 0:00:00,7:20:00,COM VÍTIMA,FINALIZADA,SANTO AMARO,PRC GENERAL ABREU E LIMA,,POR TRÁS DA ESCOLA ALMIRANTE SOARES DULTRA,SANTO AMARO,,ATROPELAMENTO DE ANIMAL,0,1,0,0,0,0,0,1,0
3047,202324650,2023-10-20 0:00:00,12:42:00,COM VÍTIMA,FINALIZADA,SANTO AMARO,AV NORTE MIGUEL ARRAES DE ALENCAR,AV CRUZ CABUGA,CEMITERIO DOS INGLESES,SANTO AMARO,,COLISÃO TRANSVERSAL,2,0,0,0,0,0,0,3,0
3048,202324661,2023-10-20 0:00:00,6:47:00,COM VÍTIMA,FINALIZADA,PINA,AV ANTONIO DE GOES,,PROX. AO SHOPPING RIO MAR E COMPESA,PINA,,COLISÃO LATERAL,0,1,0,0,0,0,0,1,0
3049,202324669,2023-10-20 0:00:00,7:40:00,COM VÍTIMA,FINALIZADA,SANTO AMARO,AV DR JAYME DA FONTE,,PROX. AO SUPERMERCADO MAIS VOCE E ELAINE MODAS,SANTO AMARO,,COLISÃO LATERAL,0,1,0,0,0,0,0,1,0
3050,202324696,2023-10-20 0:00:00,10:19:00,COM VÍTIMA,FINALIZADA,BOA VIAGEM,AV ENGENHEIRO DOMINGOS FERREIRA,,EM FRENTE AO RESTAURANTE FAMILIA JULIANO,BOA VIAGEM,,COLISÃO,0,1,0,0,0,0,0,1,0
3051,202324699,2023-10-20 0:00:00,10:30:00,COM VÍTIMA,FINALIZADA,AREIAS,AV RECIFE,,"PROX AO POSTO SHELL, SENTIDO SAN MARTIN  ( DEPOIS DO ATACADAO )",AREIAS,,ATROPELAMENTO DE PESSOA,0,1,0,1,0,0,0,1,0
3052,202324700,2023-10-20 0:00:00,10:39:00,COM VÍTIMA,FINALIZADA,BOA VIAGEM,AV ENGENHEIRO DOMINGOS FERREIRA,,EM FRENTE AO ASSAI,BOA VIAGEM,,COLISÃO TRASEIRA,0,2,0,0,1,0,0,1,0
3053,202324714,2023-10-20 0:00:00,1:07:00,COM VÍTIMA,FINALIZADA,IMBIRIBEIRA,AV MARECHAL MASCARENHAS DE MORAES,,LADO OPOSTO A GRILO/ SENTIDO AEROPORTO,IMBIRIBEIRA,,COLISÃO LATERAL,3,0,0,0,0,0,0,1,0
3054,202324716,2023-10-20 0:00:00,1:30:00,COM VÍTIMA,FINALIZADA,BEBERIBE,AV BEBERIBE,AV PROFESSOR JOSE DOS ANJOS,,BEBERIBE,,COLISÃO COM CICLISTA,1,0,2,0,0,0,0,1,0
3055,202324717,2023-10-20 0:00:00,1:43:00,COM VÍTIMA,FINALIZADA,JORDAO,AV MARIA IRENE,,BASE AEREA DE RECIFE,JORDAO,,COLISÃO LATERAL,0,0,0,0,0,0,0,1,0
3056,202324720,2023-10-20 0:00:00,2:45:00,COM VÍTIMA,FINALIZADA,BOA VISTA,AV CONDE DA BOA VISTA,,PROXIMO AO SHOPPING BOA VISTA E DROGARIA SÃO PAULO,BOA VISTA,,COLISÃO,0,1,0,0,2,0,0,1,0
3057,202324721,2023-10-20 0:00:00,2:49:00,COM VÍTIMA,FINALIZADA,AFOGADOS,RUA PADRE JOSE DE SA LEITAO,AV SUL,,AFOGADOS,,COLISÃO,1,0,0,1,0,0,0,1,0
3058,202324724,2023-10-20 0:00:00,3:06:00,COM VÍTIMA,FINALIZADA,IMBIRIBEIRA,AV PINHEIROS,AV MARECHAL MASCARENHAS DE MORAES,,IMBIRIBEIRA,,COLISÃO,1,1,0,0,0,0,0,1,0
3059,202324733,2023-10-20 0:00:00,3:59:00,COM VÍTIMA,FINALIZADA,ALTO JOSE DO PINHO,RUA MARAGOGI,,E/F A IGRJA UNIVERSAL,ALTO JOSE DO PINHO,,COLISÃO FRONTAL,0,2,0,0,0,0,0,1,0
3060,202324736,2023-10-20 0:00:00,4:32:00,COM VÍTIMA,DUPLICIDADE,ALTO JOSE DO PINHO,RUA MARAGOGIPE,,EM FRENTE A IGREJA UNIVERSAL,ALTO JOSE DO PINHO,,COLISÃO,0,1,0,0,0,0,0,1,0
3061,202324744,2023-10-20 0:00:00,5:57:00,COM VÍTIMA,FINALIZADA,CAMPO GRANDE,RUA JERONIMO VILELA,,PROXIMO A PADARIA SANTO ANTONIO,CAMPO GRANDE,,COLISÃO,0,1,0,0,0,0,0,1,0
3062,202324751,2023-10-20 0:00:00,6:58:00,COM VÍTIMA,CANCELADA,IMBIRIBEIRA,AV MARECHAL MASCARENHAS DE MORAES,,JUIZADO ESPECIAIS DO RECIFE / POSTO DE SAUDE,IMBIRIBEIRA,,QUEDA,0,1,0,0,0,0,0,1,0
3063,202324762,2023-10-20 0:00:00,8:12:00,COM VÍTIMA,FINALIZADA,JOANA BEZERRA,VIADUTO CAPITAO TEMUDO,,SUBIDA DO VIADUTO,JOANA BEZERRA,,COLISÃO,0,2,0,0,1,0,0,1,0
3064,202324766,2023-10-20 0:00:00,11:14:00,COM VÍTIMA,FINALIZADA,CASA AMARELA,EST DO ARRAIAL,RUA PAULA BATISTA,AGENCIA NACIONAL DE MINERAÇÃO,CASA AMARELA,,COLISÃO,1,1,0,0,0,0,0,1,0
3065,202324769,2023-10-20 0:00:00,11:39:00,SEM VÍTIMA,FINALIZADA,SAO JOSE,RUA JARAGUARI,,,SAO JOSE,SUBURBIO,COLISÃO LATERAL,0,1,0,0,0,0,0,0,0
3066,202324770,2023-10-21 0:00:00,12:10:00,SEM VÍTIMA,FINALIZADA,TAMARINEIRA,RUA SILVEIRA DE CARVALHO,,,TAMARINEIRA,SUBURBIO,COLISÃO LATERAL,2,0,0,0,0,0,0,0,0
3067,202324780,2023-10-21 0:00:00,4:45:00,COM VÍTIMA,FINALIZADA,BAIRRO DO RECIFE,CAIS DO APOLO,,PROXIMO A PCR,BAIRRO DO RECIFE,,ATROPELAMENTO DE PESSOA,1,0,0,1,0,0,0,1,0
3068,202324820,2023-10-21 0:00:00,12:50:00,COM VÍTIMA,FINALIZADA,AREIAS,RUA IPOJUCA,,PROXIMO A ESCOLA PROFISSIONALIZANTE DE AREIAS,AREIAS,,COLISÃO,0,1,0,0,0,0,0,1,0
3069,202324821,2023-10-21 0:00:00,1:02:00,COM VÍTIMA,FINALIZADA,TORRE,RUA REAL DA TORRE,,PROXIMO AO RECIBOM DA TORRE,TORRE,,COLISÃO,0,1,0,0,0,0,0,1,0
3070,202324822,2023-10-21 0:00:00,1:09:00,COM VÍTIMA,FINALIZADA,BOA VIAGEM,RUA CAPITAO ZUZINHA,,PROXIMO AO BAR DA AZINHA,BOA VIAGEM,,COLISÃO,0,1,0,0,0,0,0,1,0
3071,202324823,2023-10-21 0:00:00,1:55:00,COM VÍTIMA,FINALIZADA,ESPINHEIRO,RUA QUARENTA E OITO,,EM FRENTE AO RESTAURANTE SABOR DO RANCHO,ESPINHEIRO,,COLISÃO,0,1,0,0,0,0,0,1,0
3072,202324824,2023-10-21 0:00:00,2:23:00,COM VÍTIMA,FINALIZADA,DOIS IRMAOS,RUA MANUEL DE MEDEIROS,,PROXIMO AO ARMAZEM COUTO E A UFRPE,DOIS IRMAOS,,COLISÃO,0,1,0,0,0,0,0,1,0
3073,202324831,2023-10-21 0:00:00,4:08:00,COM VÍTIMA,FINALIZADA,AREIAS,RUA RIO SOLIMOES,,PADARIA SOLIMOES,AREIAS,,COLISÃO LATERAL,0,0,0,0,0,0,0,1,0
3074,202324834,2023-10-21 0:00:00,4:39:00,COM VÍTIMA,FINALIZADA,SANTO AMARO,RUA AURORA,,INSTITUTO TAVARES BURIL,SANTO AMARO,,COLISÃO LATERAL,0,0,0,0,0,0,0,1,0
3075,202324836,2023-10-21 0:00:00,5:39:00,COM VÍTIMA,FINALIZADA,BOA VIAGEM,AV ENGENHEIRO DOMINGOS FERREIRA,RUA CORONEL SERGIO HENRIQUE CARDIM,,BOA VIAGEM,,ATROPELAMENTO DE PESSOA,0,0,0,1,0,0,0,1,0
3076,202324848,2023-10-21 0:00:00,10:18:00,COM VÍTIMA,FINALIZADA,CASA FORTE,AV DEZESSETE DE AGOSTO,,EM FRENTE AO ERMIRIO DE MORAES,CASA FORTE,,COLISÃO LATERAL,1,1,0,0,0,0,0,1,0
3077,202324883,2023-10-22 0:00:00,2:29:00,COM VÍTIMA,FINALIZADA,IBURA,AV DOIS RIOS,,,IBURA,,COLISÃO FRONTAL,1,1,0,0,0,0,0,1,0
3078,202324886,2023-10-22 0:00:00,3:33:00,SEM VÍTIMA,FINALIZADA,BOA VIAGEM,RUA DEZ DE JULHO,RUA CAMBOIM,PRÓXIMO AO ESTABELECIMENTO ALUGUEL BRASIL DE CARROS,BOA VIAGEM,CIDADE,COLISÃO,2,0,0,0,0,0,0,0,0
3079,202324906,2023-10-22 0:00:00,9:05:00,COM VÍTIMA,FINALIZADA,IMBIRIBEIRA,AV MARECHAL MASCARENHAS DE MORAES,,EM FRENTE A ENCRUZILHADA PNEUS,IMBIRIBEIRA,,COLISÃO,2,0,0,0,0,0,0,1,0
3080,202324909,2023-10-23 0:00:00,4:27:00,COM VÍTIMA,FINALIZADA,MADALENA,RUA REAL DA TORRE,RUA PADRE ANCHIETA,NO CRUZAMENTO,MADALENA,,COLISÃO,0,1,0,0,1,0,0,1,0
3081,202324912,2023-10-23 0:00:00,6:10:00,COM VÍTIMA,FINALIZADA,SAO JOSE,AV SUL,,PROX. A FENIX PROMAGEM E GALVANIZAÇÃO SUL,SAO JOSE,,COLISÃO LATERAL,0,1,0,0,0,0,0,1,0
3082,202324920,2023-10-23 0:00:00,7:30:00,COM VÍTIMA,FINALIZADA,PONTO DE PARADA,RUA PROFESSOR JERONIMO GUEIROS,,PROX A MARTENIDADE DA ENCRUZILHADA E PROX A FERREIRA PINTO,PONTO DE PARADA,,COLISÃO,0,1,0,0,0,0,0,1,0
3083,202324922,2023-10-23 0:00:00,7:52:00,COM VÍTIMA,FINALIZADA,AREIAS,AV RECIFE,,EM FRENTE AO ATACADÃO / SENTIDO BR 232 ',AREIAS,,COLISÃO,0,1,0,0,0,0,0,1,0
3084,202324923,2023-10-23 0:00:00,7:58:00,COM VÍTIMA,FINALIZADA,BOA VIAGEM,RUA WALDEMAR NERY CARNEIRO MONTEIRO,,PROX. AO RESTAURANTE DONA GULA E COLEGIO PEQUENOS PASSOS,BOA VIAGEM,,COLISÃO LATERAL,0,1,0,0,0,0,0,1,0
3085,202324929,2023-10-23 0:00:00,8:52:00,COM VÍTIMA,FINALIZADA,PRADO,RUA CARLOS GOMES,RUA JAPECANGA,PROX AO CAVALO DOURADO / EM FRENTE DO ARMAZEM COMECERCIAL VEGA,PRADO,,COLISÃO FRONTAL,1,1,0,0,0,0,0,1,0
3086,202324933,2023-10-23 0:00:00,9:41:00,COM VÍTIMA,FINALIZADA,ILHA JOANA BEZERRA,VDO PAPA JOAO PAULO II,,"EM FRENTE A ESTAÇÃO JOANA BEZERRA, SENT. BOA VIAGEM",ILHA JOANA BEZERRA,,COLISÃO LATERAL,0,1,0,0,0,0,0,1,0
3087,202324941,2023-10-23 0:00:00,11:12:00,COM VÍTIMA,FINALIZADA,ILHA JOANA BEZERRA,AV DES GUERRA BARRETO,,AO LADO DO FORUM JOANA BEZERRA,ILHA JOANA BEZERRA,,COLISÃO,0,0,0,0,0,0,0,1,0
3088,202324954,2023-10-23 0:00:00,2:12:00,COM VÍTIMA,FINALIZADA,ENCRUZILHADA,AV BEBERIBE,,BANCO DO BRASIL,ENCRUZILHADA,,COLISÃO LATERAL,0,0,0,0,0,0,0,1,0
3089,202324966,2023-10-23 0:00:00,3:58:00,COM VÍTIMA,FINALIZADA,CAMPO GRANDE,EST DE BELEM,,PROX AO ANTIGO TERMINAL DE CAMPO GRANDE,CAMPO GRANDE,,COLISÃO LATERAL,0,0,0,0,0,0,0,1,0
3090,202324980,2023-10-23 0:00:00,6:50:00,COM VÍTIMA,FINALIZADA,TORROES,AV ENGENHEIRO ABDIAS DE CARVALHO,,PROX. AO CAMARÃO DO LÉONO SENTIDO BR-232,TORROES,SU,COLISÃO LATERAL,0,0,0,0,0,0,0,1,0
3091,202324986,2023-10-23 0:00:00,9:49:00,COM VÍTIMA,FINALIZADA,IPSEP,RUA JEAN EMILE FAVRE,,EM FRENTE AO POSTO BR,IPSEP,,COLISÃO FRONTAL,1,1,0,0,0,0,0,1,0
3092,202324991,2023-10-24 0:00:00,2:52:00,COM VÍTIMA,CANCELADA,NOVA DESCOBERTA,,,HOSPITAL DA RESTAURAÇÃO,NOVA DESCOBERTA,,COLISÃO TRANSVERSAL,0,1,0,0,0,0,0,1,0
3093,202324998,2023-10-24 0:00:00,7:26:00,COM VÍTIMA,FINALIZADA,ESPINHEIRO,AV GOVERNADOR AGAMENON MAGALHAES,,EM FRENTE AO SUPERMERCADO BOMPREÇO / SENTIDO OLINDA,ESPINHEIRO,,COLISÃO TRASEIRA,1,1,0,0,0,0,0,1,0
3094,202325004,2023-10-24 0:00:00,8:04:00,COM VÍTIMA,FINALIZADA,IBURA,AV RECIFE,,SENT. SAN MARTIN PROX. A JJK AUTOS,IBURA,,COLISÃO TRASEIRA,1,1,0,0,0,0,0,1,0
3095,202325007,2023-10-24 0:00:00,8:42:00,SEM VÍTIMA,FINALIZADA,CORDEIRO,AV GENERAL SAN MARTIN,,EM FRENTE AO SEMÁFORO DE Nº 058,CORDEIRO,SUBURBIO,COLISÃO LATERAL,1,1,0,0,0,0,0,0,0
3096,202325008,2023-10-24 0:00:00,8:47:00,COM VÍTIMA,FINALIZADA,IMBIRIBEIRA,AV MARECHAL MASCARENHAS DE MORAES,,"EM FRENTE A LASER ELETRO, SENT. AFOGADOS",IMBIRIBEIRA,,COLISÃO LATERAL,1,1,0,0,0,0,0,1,0
3097,202325012,2023-10-24 0:00:00,9:05:00,COM VÍTIMA,FINALIZADA,TAMARINEIRA,RUA CONEGO BARATA,,AO LADO DA CASA DAS PLANTAS,TAMARINEIRA,,COLISÃO,0,1,0,0,0,0,0,1,0
3098,202325013,2023-10-24 0:00:00,9:14:00,COM VÍTIMA,FINALIZADA,SANTO AMARO,AV NORTE MIGUEL ARRAES DE ALENCAR,,SOBRE O VIADUTO DA AV NORTE /,SANTO AMARO,,COLISÃO,0,1,0,0,0,0,0,1,0
3099,202325018,2023-10-24 0:00:00,10:08:00,COM VÍTIMA,FINALIZADA,CORDEIRO,RUA COSME VIANA,,PRÓXIMO AO CRUZAMENTO DA AV. SÃO MIGUEL,CORDEIRO,,COLISÃO,0,0,0,0,0,0,0,1,0
3100,202325020,2023-10-24 0:00:00,10:41:00,SEM VÍTIMA,FINALIZADA,IMBIRIBEIRA,RUA ENGENHEIRO JOSE BRANDAO CAVALCANTE,,ENTRADA PRINCIPAL DA LAGOA DO ARAÇA,IMBIRIBEIRA,,COLISÃO LATERAL,1,0,0,0,1,0,0,0,0
3101,202325022,2023-10-24 0:00:00,10:46:00,COM VÍTIMA,FINALIZADA,IPSEP,RUA ITAIMBE,,"EM FRENTE A LOJA MEU SOFA, PROX. A CADEMIA SELFIT",IPSEP,,COLISÃO LATERAL,0,1,0,0,0,0,0,1,0
3102,202325030,2023-10-24 0:00:00,1:11:00,COM VÍTIMA,FINALIZADA,ILHA DO LEITE,RUA SAO GONCALO,,,ILHA DO LEITE,,COLISÃO,0,0,0,0,0,0,0,1,0
3103,202325031,2023-10-24 0:00:00,1:16:00,SEM VÍTIMA,FINALIZADA,VARZEA,RUA CORONEL PACHECO,,PRAÇA DA VÁRZEA,VARZEA,CIDADE,COLISÃO LATERAL,1,0,0,0,0,0,1,0,0
3104,202325043,2023-10-24 0:00:00,4:26:00,SEM VÍTIMA,FINALIZADA,GRACAS,RUA SENADOR ALBERTO PAIVA,,PORTÃO LATERAL DO MUSEU DO ESTADO DE PERNAMBUCO,GRACAS,SUBURBIO,COLISÃO TRASEIRA,1,0,0,0,0,0,1,0,0
3105,202325044,2023-10-24 0:00:00,5:00:00,COM VÍTIMA,FINALIZADA,BEBERIBE,AV BEBERIBE,,PROXIMO AO POSTO DE GASOLINA SUVINE E AO INOCOOP,BEBERIBE,,COLISÃO,1,0,0,0,0,0,0,1,0
3106,202325046,2023-10-24 0:00:00,5:38:00,COM VÍTIMA,FINALIZADA,IPSEP,RUA JEAN EMILE FAVRE,,PROXIMO A PADARIA VILA DO PÃO,IPSEP,,COLISÃO LATERAL,1,1,0,0,0,0,0,2,0
3107,202325048,2023-10-24 0:00:00,6:26:00,COM VÍTIMA,FINALIZADA,SAO JOSE,RUA IMPERIAL,,PROX AO VIADUTO DE JOANA BEZERRA,SAO JOSE,,COLISÃO TRANSVERSAL,2,0,0,0,0,0,0,2,0
3108,202325055,2023-10-24 0:00:00,6:55:00,COM VÍTIMA,FINALIZADA,GUABIRABA,AV DA RECUPERACAO,,OFICINA DE MOLAS,GUABIRABA,,COLISÃO LATERAL,0,0,0,0,0,0,0,1,0
3109,202325056,2023-10-24 0:00:00,6:55:00,COM VÍTIMA,FINALIZADA,JOANA BEZERRA,RUA IMPERIAL,,EM BAIXO DO VIADUTO CAPITÃO TEMUDO,JOANA BEZERRA,,COLISÃO LATERAL,0,0,0,0,0,0,0,1,0
3110,202325061,2023-10-24 0:00:00,8:13:00,COM VÍTIMA,FINALIZADA,JORDAO,AV MARIA IRENE,,EM FRENTE A IGREJA DE DEUS NOVO TEMPO E O POSTO TOTAL,JORDAO,,COLISÃO,0,0,0,0,0,0,0,1,0
3111,202325064,2023-10-24 0:00:00,8:38:00,SEM VÍTIMA,CANCELADA,ARRUDA,AV BEBERIBE,,EM FRENTE AO CAMPO DO ARRUDA E DO ARMAZÉM CORAL,ARRUDA,,COLISÃO,0,0,0,0,0,0,0,0,0
3112,202325066,2023-10-24 0:00:00,9:57:00,COM VÍTIMA,FINALIZADA,IMBIRIBEIRA,VIADUTO TANCREDO NEVES,,"ALÇA DE ACESSO A MASCARENHAS, SENTIDO UPA DA IMBIRIBEIRA",IMBIRIBEIRA,,CAPOTAMENTO,2,0,0,0,0,0,0,2,0
3113,202325070,2023-10-24 0:00:00,11:51:00,COM VÍTIMA,FINALIZADA,JOANA BEZERRA,VIADUTO CAPITAO TEMUDO,,SOBRE O VIADUTO,JOANA BEZERRA,,COLISÃO,0,0,0,0,0,0,0,1,0
3114,202325071,2023-10-25 0:00:00,12:05:00,COM VÍTIMA,FINALIZADA,IPSEP,AV RECIFE,,ANTES DO PAN DE AREIAS,IPSEP,,COLISÃO,0,0,0,0,0,0,0,2,0
3115,202325078,2023-10-25 0:00:00,5:36:00,COM VÍTIMA,FINALIZADA,MACAXEIRA,AV NORTE MIGUEL ARRAES DE ALENCAR,,PRÓXIMO AO TERMINAL DA MACAXEIRA,MACAXEIRA,,CHOQUE,0,0,0,0,0,0,0,1,0
3116,202325097,2023-10-25 0:00:00,8:21:00,COM VÍTIMA,FINALIZADA,CASA AMARELA,RUA PADRE LEMOS,,EM FRENTE A KINITOS E ARMAZEM FERREIRA PINTO,CASA AMARELA,,COLISÃO LATERAL,0,1,0,0,0,0,0,1,0
3117,202325098,2023-10-25 0:00:00,8:22:00,COM VÍTIMA,FINALIZADA,BEBERIBE,AV BEBERIBE,,EM FRENTE AO ATACAREJO SUPER MIX,BEBERIBE,,ATROPELAMENTO DE PESSOA,0,1,0,1,0,0,0,1,0
3118,202325101,2023-10-25 0:00:00,9:18:00,COM VÍTIMA,FINALIZADA,SAO JOSE,AV SUL,,"APOS AS TORRES GEMEAS, PROX. AO CAIS DE SANTA RITA EM FRENTE AO HOTEL EM CONSTRUÇÃO",SAO JOSE,,COLISÃO LATERAL,0,1,0,0,0,0,0,1,0
3119,202325109,2023-10-25 0:00:00,9:47:00,COM VÍTIMA,FINALIZADA,AGUA FRIA,EST VELHA DE AGUA FRIA,,EM FRENTE ACADEMIA MEGA BOX / PROX A POLICLINICA SALOMÃO KELMER,AGUA FRIA,,COLISÃO,0,1,0,0,0,0,0,1,0
3120,202325110,2023-10-25 0:00:00,9:53:00,COM VÍTIMA,FINALIZADA,ARRUDA,AV PROFESSOR JOSE DOS ANJOS,,PROX A PADARIA PAN CRISTAL,ARRUDA,,COLISÃO COM CICLISTA,1,0,1,1,0,0,0,2,0