_id,Protocolo,data,hora,natureza,situacao,bairro,endereco,detalhe_endereco_acidente,complemento,bairro_cruzamento,sentido_via,tipo,auto,moto,ciclista,pedestre,onibus,caminhao,viatura,vitimas,vitimasfatais
3121,202325128,2023-10-25 0:00:00,12:24:00,SEM VÍTIMA,FINALIZADA,AREIAS,AV DR JOSE RUFINO,,ARMAZEM COMERCIAL NOVO LAR,AREIAS,SUBURBIO,COLISÃO TRASEIRA,3,0,0,0,0,0,0,0,0
3122,202325136,2023-10-25 0:00:00,1:41:00,COM VÍTIMA,FINALIZADA,MADALENA,AV VISCONDE DE ALBUQUERQUE,,PROX GALERIA MADALENA CENTER,MADALENA,,COLISÃO FRONTAL,1,1,0,0,0,0,0,1,0
3123,202325139,2023-10-25 0:00:00,2:16:00,COM VÍTIMA,FINALIZADA,ROSARINHO,AV NORTE MIGUEL ARRAES DE ALENCAR,,PROXIMO A PADARIA ROSARINHO,ROSARINHO,,COLISÃO,0,1,0,0,0,0,0,1,0
3124,202325140,2023-10-25 0:00:00,2:26:00,COM VÍTIMA,FINALIZADA,TORREAO,AV NORTE MIGUEL ARRAES DE ALENCAR,,PROXIMO AO VIADUTO DA AV NORTE E AO LADO DA CONCESSIONARIA CHEVROLET,TORREAO,CIDADE,COLISÃO,0,1,0,0,0,0,0,1,0
3125,202325147,2023-10-25 0:00:00,3:16:00,COM VÍTIMA,FINALIZADA,DOIS IRMAOS,RUA MANUEL DE MEDEIROS,,ZOOTECNIA DA UNIVERSIDADE RURAL,DOIS IRMAOS,,COLISÃO LATERAL,0,0,0,0,0,0,0,1,0
3126,202325150,2023-10-25 0:00:00,4:21:00,SEM VÍTIMA,FINALIZADA,,AV GOVERNADOR AGAMENON MAGALHAES,,EM FRENTE AO TRIBUNAL REGIONAL ELEITORAL  DE PERNAMBUCO,,CIDADE,COLISÃO LATERAL,0,0,0,0,1,0,1,0,0
3127,202325151,2023-10-25 0:00:00,4:21:00,COM VÍTIMA,FINALIZADA,BARRO,AV DR JOSE RUFINO,,ESCOLA CRECHE  PRESIDENTE TANGREDO NEVES,BARRO,,COLISÃO LATERAL,0,0,0,0,0,0,0,1,0
3128,202325154,2023-10-25 0:00:00,4:53:00,COM VÍTIMA,FINALIZADA,CAMPO GRANDE,RUA JERONIMO VILELA,RUA ODORICO MENDES,PROX AO COLEGIO JESUS CRUCIFICADO,CAMPO GRANDE,,COLISÃO TRASEIRA,1,1,0,0,0,0,0,1,0
3129,202325160,2023-10-25 0:00:00,5:59:00,COM VÍTIMA,FINALIZADA,FUNDAO,AV BEBERIBE,,INDO PELA ESTRADA VELHA DE ÁGUA FRIA ANTES DO POSTO CAJUEIRO,FUNDAO,,COLISÃO LATERAL,0,0,0,0,0,0,0,1,0
3130,202325172,2023-10-25 0:00:00,8:04:00,SEM VÍTIMA,FINALIZADA,SANTO ANTONIO,AV MARTINS DE BARROS,,APÓS A ESTAÇÃO DO BRT MAURICIO DE NASSAU,SANTO ANTONIO,SUBURBIO,COLISÃO LATERAL,0,0,0,0,1,0,1,0,0
3131,202325180,2023-10-26 0:00:00,7:08:00,COM VÍTIMA,FINALIZADA,BOA VISTA,AV GOVERNADOR AGAMENON MAGALHAES,,"NA SAÍDA RUA DOM BOSCO, PROXIMO A RESTAURAÇÃO, SENTIDO OLINDA",BOA VISTA,,COLISÃO,0,2,0,0,0,0,0,2,0
3132,202325188,2023-10-26 0:00:00,8:14:00,SEM VÍTIMA,FINALIZADA,ARRUDA,RUA DAS MOCAS,,AO LADO ESTÁDIO DO SANTA CRUZ,ARRUDA,CIDADE,COLISÃO LATERAL,1,1,0,0,0,0,0,0,0
3133,202325190,2023-10-26 0:00:00,8:33:00,COM VÍTIMA,FINALIZADA,BOA VISTA,AV CONDE DA BOA VISTA,,"EM FRENTE AO COPE, SENTIDO GUARARAPES",BOA VISTA,,COLISÃO TRASEIRA,0,0,1,0,1,0,0,1,0
3134,202325193,2023-10-26 0:00:00,8:41:00,COM VÍTIMA,FINALIZADA,PINA,AV CONSELHEIRO AGUIAR,AV ANTONIO DE GOES,EM FRENTE A PERNAMBUCO MOTOS,PINA,,COLISÃO FRONTAL,1,1,0,0,0,0,0,1,0
3135,202325198,2023-10-26 0:00:00,9:03:00,COM VÍTIMA,FINALIZADA,PONTO DE PARADA,AV BEBERIBE,,"EM FRENTE A LOJA PEDRAGON, PROX. AO CAMPO DO ARRUDA",PONTO DE PARADA,,COLISÃO LATERAL,0,1,0,0,0,0,0,1,0
3136,202325217,2023-10-26 0:00:00,11:31:00,COM VÍTIMA,FINALIZADA,MADALENA,RUA JOSE OSORIO,,PROX AO MERCADO PUBLICO DA MADALENA,MADALENA,,COLISÃO,0,1,0,0,0,0,0,1,0
3137,202325218,2023-10-26 0:00:00,11:32:00,COM VÍTIMA,FINALIZADA,IBURA,LAD DA COHAB,,LADEIRA DA COHAB,IBURA,,COLISÃO,0,0,0,0,0,0,0,1,0
3138,202325235,2023-10-26 0:00:00,3:38:00,SEM VÍTIMA,FINALIZADA,CASA AMARELA,RUA PADRE LEMOS,RUA DR TOME DIAS,CASA PIO CALÇADOS,CASA AMARELA,CIDADE,COLISÃO TRASEIRA,2,0,0,0,0,0,0,0,0
3139,202325236,2023-10-26 0:00:00,3:52:00,SEM VÍTIMA,FINALIZADA,SAO JOSE,AV DANTAS BARRETO,,EM FRENTE A DISTRIBUIDORA MIX,SAO JOSE,SUBURBIO,COLISÃO LATERAL,0,0,0,0,0,0,1,0,0
3140,202325247,2023-10-26 0:00:00,6:30:00,COM VÍTIMA,FINALIZADA,JORDAO,AV MARIA IRENE,,AO LADO DA BASE AEREA,JORDAO,,COLISÃO LATERAL,0,1,0,0,0,0,0,1,0
3141,202325248,2023-10-26 0:00:00,6:30:00,COM VÍTIMA,FINALIZADA,IBURA,AV DOIS RIOS,,MERCADINHO M R,IBURA,,COLISÃO LATERAL,0,1,0,0,0,0,0,1,0
3142,202325279,2023-10-27 0:00:00,7:07:00,COM VÍTIMA,FINALIZADA,PINA,AV ENGENHEIRO DOMINGOS FERREIRA,,"EM FRENTE A ESCOLA MUNICIPAL OSVALDO LIMA FILHO /  EM FRENTE AO ARMAZEM BOA VIAGEM, SENTIDO BOA VIAGEM",PINA,,COLISÃO,0,1,0,0,0,0,0,1,0
3143,202325282,2023-10-27 0:00:00,7:46:00,COM VÍTIMA,FINALIZADA,BOA VIAGEM,RUA ERNESTO DE PAULA SANTOS,,RUA DA UNINASSAU,BOA VIAGEM,,COLISÃO LATERAL,0,1,0,0,0,0,0,1,0
3144,202325287,2023-10-27 0:00:00,8:10:00,COM VÍTIMA,FINALIZADA,CAXANGA,AV CAXANGA,,APÓS A GREGORIO JUNIOR,CAXANGA,,ATROPELAMENTO DE PESSOA,0,1,0,1,0,0,0,3,0
3145,202325293,2023-10-27 0:00:00,8:35:00,COM VÍTIMA,FINALIZADA,IMBIRIBEIRA,AV PRESIDENTE DUTRA,,PRÓXIMO À LOCAVEL E AO SAL E BRASA,IMBIRIBEIRA,,COLISÃO LATERAL,0,0,0,0,0,0,0,1,0
3146,202325297,2023-10-27 0:00:00,9:30:00,COM VÍTIMA,FINALIZADA,IMBIRIBEIRA,AV RECIFE,,"SUB. DO VIADUTO TANCREDO NEVES, NO FINAL DA AV. RECIFE",IMBIRIBEIRA,,COLISÃO LATERAL,0,1,0,0,0,0,0,1,0
3147,202325305,2023-10-27 0:00:00,10:42:00,COM VÍTIMA,FINALIZADA,BOA VIAGEM,AV CONSELHEIRO AGUIAR,RUA FELIX DE BRITO E MELO,,BOA VIAGEM,,ATROPELAMENTO DE PESSOA,0,1,0,1,0,0,0,1,0
3148,202325309,2023-10-27 0:00:00,10:47:00,VÍTIMA FATAL,FINALIZADA,NOVA DESCOBERTA,RUA NOVA DESCOBERTA,,EM FRENTE AO BAR DO VVVI E ASSEMBLEIA DE DEUS,NOVA DESCOBERTA,,COLISÃO COM CICLISTA,1,0,1,0,0,0,0,1,1
3149,202325319,2023-10-27 0:00:00,11:49:00,COM VÍTIMA,FINALIZADA,BOA VISTA,PTE SEIS DE MARCO,,"EM CIMA DA PONTE VELHA, SENT. CASA DA CULTURA",BOA VISTA,,COLISÃO LATERAL,0,1,0,0,0,0,0,1,0
3150,202325320,2023-10-27 0:00:00,12:12:00,COM VÍTIMA,FINALIZADA,IBURA,AV DOM HELDER CAMARA,,"SENTIDO BR, IBURA DE BAIXO PISTA NOVA PROX AO ARMAZEM CORAL",IBURA,,COLISÃO,0,1,0,0,0,0,0,1,0
3151,202325337,2023-10-27 0:00:00,3:35:00,COM VÍTIMA,FINALIZADA,IMBIRIBEIRA,RUA OLIVIA MENELAU,,EM FRENTE AO GRILO,IMBIRIBEIRA,,COLISÃO LATERAL,0,1,0,0,0,1,0,1,0
3152,202325341,2023-10-27 0:00:00,4:26:00,COM VÍTIMA,FINALIZADA,CORDEIRO,RUA CORONEL FERNANDO FURTADO,,AO LADO DA EXPOSIÇÃO DE ANIMAIS,CORDEIRO,,COLISÃO LATERAL,0,0,0,0,0,0,0,1,0
3153,202325348,2023-10-27 0:00:00,5:23:00,COM VÍTIMA,FINALIZADA,BAIRRO DO RECIFE,CAIS DO APOLO,,ENTRE  O BANCO DO BRASIL E O PORTO DIGITAL,BAIRRO DO RECIFE,,COLISÃO LATERAL,0,1,0,0,1,0,0,1,0
3154,202325349,2023-10-27 0:00:00,5:14:00,COM VÍTIMA,DUPLICIDADE,PINA,AV ANTONIO DE GOES,,,PINA,,COLISÃO LATERAL,0,0,0,0,0,0,0,1,0
3155,202325352,2023-10-27 0:00:00,5:23:00,COM VÍTIMA,FINALIZADA,PINA,AV ANTONIO DE GOES,,CIA DO SORRISO,PINA,,ATROPELAMENTO DE PESSOA,0,1,0,1,0,0,0,1,0
3156,202325387,2023-10-28 0:00:00,7:36:00,COM VÍTIMA,FINALIZADA,ARRUDA,RUA DAS MOCAS,RUA DA REGENERACAO,PROX AO SEMAFORO 472 / PROX AO MERDINHO MIX,ARRUDA,,COLISÃO,1,1,0,0,0,0,0,2,0
3157,202325389,2023-10-28 0:00:00,7:52:00,COM VÍTIMA,FINALIZADA,BOA VIAGEM,RUA DES JOAO PAES,,PROX. AO RETAURANTE GUAIAMUM,BOA VIAGEM,,COLISÃO LATERAL,0,1,0,0,0,0,0,1,0
3158,202325409,2023-10-28 0:00:00,10:22:00,SEM VÍTIMA,FINALIZADA,ESPINHEIRO,RUA DO ESPINHEIRO,,,ESPINHEIRO,CIDADE,COLISÃO TRASEIRA,1,1,0,0,0,0,0,0,0
3159,202325415,2023-10-28 0:00:00,10:48:00,COM VÍTIMA,DUPLICIDADE,TORRE,RUA TOMAZ GONZAGA,AV PROFESSOR ESTEVAO FRANCISCO DA COSTA,NO SEMAFORO 280 PROX. AO MERCADINHO SANTIAGO,TORRE,,COLISÃO LATERAL,1,1,0,0,0,0,0,2,0
3160,202325417,2023-10-28 0:00:00,11:04:00,COM VÍTIMA,FINALIZADA,CORDEIRO,AV PROFESSOR ESTEVAO FRANCISCO DA COSTA,,PROX AO MERCADINHO SANTIAGO / SENTIDO HOSPITAL GETULHO  VARGAS,CORDEIRO,,COLISÃO LATERAL,1,1,0,0,0,0,0,1,0
3161,202325418,2023-10-28 0:00:00,11:19:00,COM VÍTIMA,FINALIZADA,IBURA,RUA RIO DA PRATA,,PROX. AO SUPERMERCADO MR E VIDRAÇARIA DOIS RIOS IBURA DE BAIXO,IBURA,,COLISÃO LATERAL,1,1,0,0,0,0,0,1,0
3162,202325427,2023-10-28 0:00:00,12:13:00,COM VÍTIMA,FINALIZADA,SAO JOSE,RUA VINTE E TRES DE MARCO,,AO LADO DA CASA DA CULTURA / SOBRE PONTE VELHA,SAO JOSE,,COLISÃO TRASEIRA,1,1,0,0,0,0,0,1,0
3163,202325438,2023-10-28 0:00:00,2:50:00,COM VÍTIMA,FINALIZADA,CAMPO GRANDE,AV PROFESSOR JOSE DOS ANJOS,,LANCHONETE MATA FOME,CAMPO GRANDE,,QUEDA,0,0,0,0,0,0,0,1,0
3164,202325443,2023-10-28 0:00:00,3:36:00,COM VÍTIMA,FINALIZADA,CAXANGA,AV CAXANGA,,PACIENTE DENTRO DO GOLF COUNTRY CLUB,CAXANGA,,COLISÃO LATERAL,0,0,0,0,0,0,0,1,0
3165,202325447,2023-10-28 0:00:00,4:48:00,SEM VÍTIMA,FINALIZADA,CASA AMARELA,EST DO ARRAIAL,,LADO MERCADO DE CASA AMARELA,CASA AMARELA,,CHOQUE,0,0,0,0,0,0,0,0,0
3166,202325453,2023-10-28 0:00:00,5:44:00,COM VÍTIMA,FINALIZADA,DERBY,AV GOVERNADOR AGAMENON MAGALHAES,,EM FRENTE A MECDONALDS,DERBY,,COLISÃO COM CICLISTA,0,1,1,0,0,0,0,1,0
3167,202325454,2023-10-28 0:00:00,5:53:00,COM VÍTIMA,FINALIZADA,SAO JOSE,RUA BOM SUCESSO,,PROX AO VIADUTO CAPITÃO TEMUDO,SAO JOSE,,COLISÃO FRONTAL,2,0,0,0,0,0,0,2,0
3168,202325469,2023-10-28 0:00:00,11:07:00,COM VÍTIMA,FINALIZADA,SAN MARTIN,AV GENERAL SAN MARTIN,,PRÓXIMO A PRAÇA DA INFANCIA,SAN MARTIN,,COLISÃO,0,0,0,0,0,0,0,1,0
3169,202325493,2023-10-29 0:00:00,8:07:00,COM VÍTIMA,FINALIZADA,GRACAS,RUA CRUZ DAS GRACAS,,"PROX A IGREJA DAS GRAÇAS, EM FRENTE AO EDF NOSSA SENHORA DAS GRAÇAS",GRACAS,,COLISÃO,1,1,0,0,0,0,0,2,0
3170,202325499,2023-10-29 0:00:00,9:26:00,COM VÍTIMA,FINALIZADA,CASA FORTE,AV FLOR DE SANTANA,,PROX AO BURGUER KING / PROX AO LAVA JATO,CASA FORTE,,COLISÃO,0,1,0,0,0,0,0,1,0
3171,202325508,2023-10-29 0:00:00,11:34:00,COM VÍTIMA,CANCELADA,GUABIRABA,AV DA RECUPERACAO,,"PROX A FABRICA COREMAR, FABRICA SANEAPE, SENTIDO PAULISTA / REGISTRADO PELO SAMU AS  11:27 HRS",GUABIRABA,,COLISÃO,0,1,0,0,0,0,0,1,0
3172,202325510,2023-10-29 0:00:00,12:33:00,COM VÍTIMA,FINALIZADA,PARNAMIRIM,AV PARNAMIRIM,,GALERIA PARNAMIRIM CENTER,PARNAMIRIM,,COLISÃO LATERAL,1,1,0,0,0,0,0,1,0
3173,202325514,2023-10-29 0:00:00,1:42:00,COM VÍTIMA,FINALIZADA,MACAXEIRA,RUA ALTO DO PITU,,SUBIDA DO CAMPO DO UNIÃO/  PROXIMO A BARRACA NATAL,MACAXEIRA,,COLISÃO,0,1,0,0,0,0,0,1,0
3174,202325532,2023-10-29 0:00:00,5:47:00,COM VÍTIMA,FINALIZADA,MACAXEIRA,RUA MARIA AMALIA,,PROX AO PARQUE URBANO DA MACAXEIRA,MACAXEIRA,,COLISÃO LATERAL,0,1,0,0,0,0,0,1,0
3175,202325547,2023-10-29 0:00:00,7:33:00,COM VÍTIMA,FINALIZADA,COHAB,RUA DR BENIGNO JORDAO DE VASCONCELOS,,PROXIMO A UPA DA LOGOA ENCANTADA,COHAB,,COLISÃO LATERAL,0,1,0,0,0,0,0,1,0
3176,202325548,2023-10-29 0:00:00,8:03:00,COM VÍTIMA,FINALIZADA,AFOGADOS,RUA AUGUSTO CALHEIROS,,EM FRENTE AO GREMURB,AFOGADOS,,COLISÃO LATERAL,0,2,0,0,0,0,0,1,0
3177,202325549,2023-10-29 0:00:00,9:36:00,COM VÍTIMA,FINALIZADA,SANTO AMARO,AV PREFEITO ARTUR LIMA CAVALCANTI,AV CRUZ CABUGA,PROXIMO  A APAC,SANTO AMARO,,COLISÃO TRANSVERSAL,2,0,0,0,0,0,0,2,0
3178,202325551,2023-10-29 0:00:00,11:27:00,COM VÍTIMA,FINALIZADA,BOA VIAGEM,AV ENGENHEIRO DOMINGOS FERREIRA,,PROXIMO AO CLINICAL CENTER,BOA VIAGEM,,COLISÃO TRASEIRA,1,1,0,0,0,0,0,2,0
3179,202325563,2023-10-30 0:00:00,7:07:00,COM VÍTIMA,FINALIZADA,MADALENA,AV VISCONDE DE ALBUQUERQUE,RUA JANUARIO BARBOSA,EM FRENTE A CLINICA INTERPERIO / PROX A CLINICA TERAUPETICA ENDO,MADALENA,,COLISÃO LATERAL,1,1,0,0,0,0,0,1,0
3180,202325574,2023-10-30 0:00:00,8:36:00,COM VÍTIMA,FINALIZADA,MADALENA,RUA PESSOA DE MELO,,AO LADO DO HOSPITAL D´AVILA,MADALENA,,COLISÃO FRONTAL,1,1,0,0,0,0,0,1,0
3181,202325575,2023-10-30 0:00:00,8:37:00,SEM VÍTIMA,FINALIZADA,AFOGADOS,RUA VINTE E UM DE ABRIL,RUA COSME VIANA,,AFOGADOS,CIDADE,COLISÃO TRASEIRA,2,1,0,0,0,0,0,0,0
3182,202325577,2023-10-30 0:00:00,8:50:00,COM VÍTIMA,FINALIZADA,CAMPO GRANDE,EST DE BELEM,,EM FRENTE A IGREJA MEMORIAL  DE BELEM,CAMPO GRANDE,,COLISÃO,1,1,0,0,0,0,0,1,0
3183,202325581,2023-10-30 0:00:00,9:34:00,COM VÍTIMA,FINALIZADA,AFOGADOS,EST DOS REMEDIOS,,EM FRENTE AO SUPERMERCADO NOVO ATACAREJO E VALENCIA QUIMICA,AFOGADOS,,COLISÃO,0,1,0,0,0,0,0,1,0
3184,202325588,2023-10-30 0:00:00,11:38:00,COM VÍTIMA,FINALIZADA,IMBIRIBEIRA,AV MARECHAL MASCARENHAS DE MORAES,,PROX AO GERALDAO SENTIDO PRAZERES,IMBIRIBEIRA,,COLISÃO,0,1,0,0,0,0,0,1,0
3185,202325589,2023-10-30 0:00:00,11:51:00,COM VÍTIMA,FINALIZADA,JOANA BEZERRA,VDO PAPA JOAO PAULO II,,"PRÓXIMO AO FÓRUM E À PASSARELA, SENTIDO BOA VIAGEM",JOANA BEZERRA,,COLISÃO,0,0,0,0,0,0,0,1,0
3186,202325593,2023-10-30 0:00:00,12:12:00,COM VÍTIMA,FINALIZADA,SANTO AMARO,RUA TREZE DE MAIO,RUA PEDRO AFONSO,PROX AO SESC,SANTO AMARO,,COLISÃO LATERAL,0,1,0,0,0,0,0,1,0
3187,202325608,2023-10-30 0:00:00,4:39:00,COM VÍTIMA,FINALIZADA,BOA VIAGEM,AV ENGENHEIRO DOMINGOS FERREIRA,,E/F A SUDENE  SUPERINTENDÊNCIA DO DESENVOLVIMENTO DO NORDESTE  S/T SUB,BOA VIAGEM,,COLISÃO TRASEIRA,1,1,0,0,0,0,0,1,0
3188,202325625,2023-10-30 0:00:00,7:50:00,COM VÍTIMA,FINALIZADA,SANTO AMARO,AV CRUZ CABUGA,,EM FRENTE AO HOSPITAL DO CANCER E ENTRADA  DA MARINHA,SANTO AMARO,,COLISÃO,0,1,0,0,0,0,0,1,0
3189,202325627,2023-10-30 0:00:00,8:31:00,COM VÍTIMA,FINALIZADA,SANTO AMARO,AV CRUZ CABUGA,AV NORTE MIGUEL ARRAES DE ALENCAR,EM FRENTE AO CEMITERIO DOS INGLESES PROX A CASA DA INDUSTRIA E SENAI SANTO AMARO,SANTO AMARO,,COLISÃO,0,1,0,0,0,0,0,1,0
3190,202325628,2023-10-30 0:00:00,8:31:00,COM VÍTIMA,FINALIZADA,ENCRUZILHADA,AV NORTE MIGUEL ARRAES DE ALENCAR,,PROXIMO AO HOSPITAL JORGE DE MEDEIROS,ENCRUZILHADA,,COLISÃO,0,1,0,0,0,0,0,1,0
3191,202325630,2023-10-30 0:00:00,9:54:00,COM VÍTIMA,FINALIZADA,IMBIRIBEIRA,AV DES JOSE NEVES,RUA JOAQUIM PINHEIRO,,IMBIRIBEIRA,,COLISÃO,0,2,0,0,0,0,0,3,0
3192,202325632,2023-10-30 0:00:00,10:29:00,COM VÍTIMA,FINALIZADA,IBURA,AV SANTA FE,,ENTRADA DA UR-2,IBURA,,ATROPELAMENTO DE PESSOA,0,0,0,0,0,0,0,1,0
3193,202325661,2023-10-31 0:00:00,8:07:00,COM VÍTIMA,FINALIZADA,VARZEA,AV CAXANGA,,APOS A UPA SENTIDO RECIFE / PROX A INTEGRAÇÃO DA CAXANGA,VARZEA,CIDADE,ATROPELAMENTO DE PESSOA,0,1,0,1,0,0,0,2,0
3194,202325665,2023-10-31 0:00:00,8:28:00,COM VÍTIMA,FINALIZADA,BOA VISTA,RUA BERNARDO GUIMARAES,,EM FRENTE A UNIVERSIDADE CATOLICA,BOA VISTA,,COLISÃO,0,1,0,0,0,0,0,1,0
3195,202325666,2023-10-31 0:00:00,8:28:00,COM VÍTIMA,FINALIZADA,BOA VIAGEM,RUA DEZ DE JULHO,,PROX. A CONCESSIONARIA ALUGUE BRASIL E INTEGRAÇÃO DO AEROPORTO,BOA VIAGEM,,COLISÃO LATERAL,0,1,0,0,0,0,0,1,0
3196,202325672,2023-10-31 0:00:00,9:23:00,SEM VÍTIMA,FINALIZADA,AFOGADOS,RUA QUITERIO INACIO DE MELLO,RUA SAO MIGUEL,SEMÁFORO Nº 333,AFOGADOS,,COLISÃO LATERAL,1,0,0,0,0,0,1,0,0
3197,202325673,2023-10-31 0:00:00,9:27:00,COM VÍTIMA,CANCELADA,IPUTINGA,RUA BOM PASTOR,,EM FRENTE A ACADEMIA BIOFORMA,IPUTINGA,,COLISÃO,1,1,0,0,0,0,0,2,0
3198,202325682,2023-10-31 0:00:00,11:58:00,COM VÍTIMA,FINALIZADA,JOANA BEZERRA,AV GOVERNADOR AGAMENON MAGALHAES,,EM FRENTE AO FORUM,JOANA BEZERRA,,COLISÃO,0,1,0,0,0,0,0,1,0
3199,202325687,2023-10-31 0:00:00,12:44:00,COM VÍTIMA,FINALIZADA,CORDEIRO,AV INACIO MONTEIRO,,EM FRENTE A EXPOSIÇÃO DE ANIMAIS / SENTIDO SUBURBIO,CORDEIRO,,COLISÃO,0,1,0,0,0,0,0,1,0
3200,202325713,2023-10-31 0:00:00,4:38:00,COM VÍTIMA,FINALIZADA,IPSEP,AV RECIFE,AV DOM HELDER CAMARA,ENTRADA DO IBURA,IPSEP,,ATROPELAMENTO DE PESSOA,1,0,0,1,0,0,0,1,0
3201,202325715,2023-10-31 0:00:00,4:55:00,COM VÍTIMA,FINALIZADA,DERBY,AV GOVERNADOR CARLOS DE LIMA CAVALCANTI,AV GOVERNADOR AGAMENON MAGALHAES,PROXIMO A MCDONALDS / EM CIMA DA PONTE/ SENTIDO PRAÇA DO DERBY,DERBY,,COLISÃO LATERAL,1,1,0,0,0,0,0,1,0
3202,202325717,2023-10-31 0:00:00,5:34:00,COM VÍTIMA,FINALIZADA,PINA,AV ANTONIO DE GOES,,EM FRENTE A PRF,PINA,,COLISÃO,0,1,0,0,0,0,0,1,0
3203,202325718,2023-10-31 0:00:00,5:44:00,COM VÍTIMA,FINALIZADA,IBURA,AV DOIS RIOS,,PROXIMO A UPAE,IBURA,,COLISÃO,0,0,0,0,0,0,0,1,0
3204,202325722,2023-10-31 0:00:00,6:10:00,COM VÍTIMA,CANCELADA,MADALENA,RUA BENFICA,,AO LADO DA GPCA / MARTELINHO DE OURO,MADALENA,,COLISÃO,1,1,0,0,0,0,0,1,0
3205,202325726,2023-10-31 0:00:00,6:53:00,COM VÍTIMA,CANCELADA,VARZEA,AV PROFESSOR ARTUR DE SA,,PROX AO PORTÃO DE EMERGENCIA DO HOSPITAL DAS CLINICAS,VARZEA,,COLISÃO,0,1,0,0,0,0,0,1,0
3206,202325738,2023-10-31 0:00:00,8:41:00,COM VÍTIMA,CANCELADA,IPUTINGA,RUA MONSENHOR FABRICIO,,PROX. AO DETRAN,IPUTINGA,,COLISÃO,0,1,0,0,0,0,0,1,0
3207,202325741,2023-10-31 0:00:00,9:56:00,COM VÍTIMA,CANCELADA,BOA VIAGEM,AV ARMINDO MOURA,,EM FRENTE A ENTRADA DA VILA MILITAR,BOA VIAGEM,,COLISÃO,0,1,0,0,0,0,0,1,0
3208,202325743,2023-11-01 0:00:00,12:22:00,COM VÍTIMA,FINALIZADA,IPSEP,AV RECIFE,,"NA ENTRADA DO IBURA, PROX. A CASA DAS BATERIAS",IPSEP,,COLISÃO LATERAL,1,2,0,0,0,0,0,2,0
3209,202325781,2023-11-01 0:00:00,9:30:00,COM VÍTIMA,FINALIZADA,TORREAO,AV NORTE MIGUEL ARRAES DE ALENCAR,,EM FRENTE A CONCESSIONARIA PEDRAGON E RESTAURANTE PRAÇA DA PICANHA,TORREAO,,COLISÃO LATERAL,0,1,0,0,0,0,0,1,0
3210,202325782,2023-11-01 0:00:00,9:39:00,COM VÍTIMA,FINALIZADA,IMBIRIBEIRA,RUA JEAN EMILE FAVRE,,PROX. A FACULDADE BOA VIAGEM E SAIDA DO IPSEP,IMBIRIBEIRA,,COLISÃO LATERAL,0,1,0,0,0,0,0,1,0
3211,202325793,2023-11-01 0:00:00,11:02:00,COM VÍTIMA,FINALIZADA,JOANA BEZERRA,TRV DO RAPOSO,,PROX AO FORUM JOANA BEZERRA,JOANA BEZERRA,,COLISÃO FRONTAL,1,1,0,0,0,0,0,1,0
3212,202325799,2023-11-01 0:00:00,11:51:00,COM VÍTIMA,FINALIZADA,VARZEA,RUA GASTAO VIDIGAL,,APÓS A UPA DA CAXANGA / SENTIDO UR-07 VARZEA,VARZEA,,COLISÃO,0,1,0,0,0,0,0,1,0
3213,202325800,2023-11-01 0:00:00,11:54:00,COM VÍTIMA,FINALIZADA,DERBY,AV GOVERNADOR AGAMENON MAGALHAES,,"EM FRENTE AO BANCO DO BRASIL, SENTIDO OLINDA / LADO CONTRARIO AO HOSPITAL DA RESTAURAÇÃO",DERBY,,COLISÃO,0,1,0,0,0,0,0,1,0
3214,202325802,2023-11-01 0:00:00,12:14:00,COM VÍTIMA,FINALIZADA,DERBY,RUA JENER DE SOUZA,,EM FRENTE A ANTIGA FACULDADE DE MEDICINA /  PROX A PRAÇA DO DERBY,DERBY,,QUEDA,0,2,0,0,0,0,0,1,0
3215,202325803,2023-11-01 0:00:00,12:17:00,COM VÍTIMA,FINALIZADA,VASCO DA GAMA,AV VEREADOR OTACILIO AZEVEDO,,EM FRENTE A UPA DA NOVA DESCOBERTA,VASCO DA GAMA,,ATROPELAMENTO DE PESSOA,0,1,0,1,0,0,0,1,0
3216,202325804,2023-11-01 0:00:00,12:20:00,SEM VÍTIMA,FINALIZADA,MADALENA,RUA ALIADOS,,,MADALENA,,CHOQUE,0,0,0,0,0,0,1,0,0
3217,202325825,2023-11-01 0:00:00,3:42:00,COM VÍTIMA,FINALIZADA,JARDIM SAO PAULO,AV LIBERDADE,,AO LADO DA LOTERICA,JARDIM SAO PAULO,,COLISÃO LATERAL,0,0,0,0,0,0,0,1,0
3218,202325843,2023-11-01 0:00:00,7:30:00,COM VÍTIMA,FINALIZADA,CASA FORTE,RUA JOAO TUDE DE MELO,,POR TRÁS DO SHOPPING PLAZA / EMBAIXO DO VIADUTO,CASA FORTE,,COLISÃO,1,1,0,0,0,0,0,1,0
3219,202325844,2023-11-01 0:00:00,7:58:00,COM VÍTIMA,FINALIZADA,BOA VIAGEM,VIADUTO TANCREDO NEVES,,,BOA VIAGEM,,COLISÃO,0,1,1,0,0,0,0,2,0