_id,Protocolo,data,hora,natureza,situacao,bairro,endereco,detalhe_endereco_acidente,complemento,bairro_cruzamento,sentido_via,tipo,auto,moto,ciclista,pedestre,onibus,caminhao,viatura,vitimas,vitimasfatais
3220,202325848,2023-11-01 0:00:00,9:43:00,SEM VÍTIMA,FINALIZADA,CAXANGA,AV AFONSO OLINDENSE,,EM FRENTE AO EDFÍCIO PARQUE RESIDENCIAL CAXANGÁ,CAXANGA,,COLISÃO,2,0,0,0,0,0,0,0,0
3221,202325861,2023-11-02 0:00:00,6:57:00,COM VÍTIMA,FINALIZADA,ESTANCIA,AV RECIFE,,PROX AO ARMAZEM CORAL,ESTANCIA,,COLISÃO TRASEIRA,2,0,0,0,0,0,0,1,0
3222,202325867,2023-11-02 0:00:00,8:08:00,COM VÍTIMA,FINALIZADA,BAIRRO DO RECIFE,AV MILITAR,,PROX A PREFEITURA DO RECIFE E AO POSTO DE GASOLINA BR,BAIRRO DO RECIFE,,COLISÃO,0,1,0,0,0,0,0,1,0
3223,202325883,2023-11-02 0:00:00,11:44:00,COM VÍTIMA,FINALIZADA,BOA VISTA,RUA DO PROGRESSO,,EM FRENTE AO EMPRESARIAL PROGRESSO E O INST. LUZ,BOA VISTA,,COLISÃO,1,1,0,0,0,0,0,1,0
3224,202325886,2023-11-02 0:00:00,12:02:00,COM VÍTIMA,FINALIZADA,SAO JOSE,AV SUL,,ANTES DO PONTILHÃO PONTILHÃO,SAO JOSE,,COLISÃO,0,0,0,0,0,0,0,1,0
3225,202325889,2023-11-02 0:00:00,12:42:00,COM VÍTIMA,FINALIZADA,MADALENA,RUA CARLOS GOMES,RUA RICARDO SALAZAR,PROX A CELPE / ANTIGO BAILE PERFUMADO / E DA IGREJA BATISTA DO RIO,MADALENA,,COLISÃO,1,1,0,0,0,0,0,1,0
3226,202325906,2023-11-02 0:00:00,6:27:00,COM VÍTIMA,FINALIZADA,ENCRUZILHADA,AV BEBERIBE,,CASA DO CONSTRUTOR,ENCRUZILHADA,,COLISÃO LATERAL,1,1,0,0,0,0,0,1,0
3227,202325918,2023-11-02 0:00:00,9:03:00,COM VÍTIMA,CANCELADA,CAMPO GRANDE,RUA OTHON PARAISO,,E/F AO EDF JACYRA - PRÓXIMO AO SUPERMERCADO CENTRAL,CAMPO GRANDE,,COLISÃO,0,1,0,0,0,0,0,1,0
3228,202325929,2023-11-03 0:00:00,6:10:00,COM VÍTIMA,FINALIZADA,PINA,PTE VICE PRESIDENTE JOSE ALENCAR,,ANTES DA VIA MANGUE SENT. RIO MAR,PINA,,CAPOTAMENTO,1,0,0,0,0,0,0,1,0
3229,202325931,2023-11-03 0:00:00,6:44:00,COM VÍTIMA,CANCELADA,PINA,PTE VICE PRESIDENTE JOSE ALENCAR,,ANTES DA VIA MANGUE SENT. RIO MAR,PINA,,COLISÃO,0,1,0,0,0,0,0,1,0
3230,202325932,2023-11-03 0:00:00,6:44:00,COM VÍTIMA,CANCELADA,PINA,PTE VICE PRESIDENTE JOSE ALENCAR,,ANTES DA VIA MANGUE SENT. RIO MAR,PINA,,COLISÃO,0,1,0,0,0,0,0,1,0
3231,202325947,2023-11-03 0:00:00,9:25:00,COM VÍTIMA,FINALIZADA,IBURA,AV DOIS RIOS,,PROX A CESTA BASICA TRÊS IRMÃO /  PROX A DOIS RIOS VEÍCULOS / IBURA DEBAIXO,IBURA,,COLISÃO,0,1,0,0,0,0,0,1,0
3232,202325959,2023-11-03 0:00:00,11:04:00,COM VÍTIMA,FINALIZADA,GRACAS,AV RUI BARBOSA,,EM FRENTE AO MUSEU DO ESTADO / PROX A PEDRAGON,GRACAS,,COLISÃO,0,2,0,0,0,0,0,2,0
3233,202325961,2023-11-03 0:00:00,11:16:00,COM VÍTIMA,FINALIZADA,MACAXEIRA,AV NORTE MIGUEL ARRAES DE ALENCAR,,"PROX. AO PARQUE DA MACAXEIRA, NA ENTRADA DO BURITY",MACAXEIRA,,COLISÃO LATERAL,0,1,0,0,0,0,0,1,0
3234,202325968,2023-11-03 0:00:00,11:49:00,COM VÍTIMA,FINALIZADA,SANTO ANTONIO,RUA DA PALMA,,EM FRENTE AO REI DOS PARAFUSOS,SANTO ANTONIO,,COLISÃO,0,1,0,0,0,0,0,1,0
3235,202325982,2023-11-03 0:00:00,1:23:00,COM VÍTIMA,FINALIZADA,ESTANCIA,AV RECIFE,,CONJ INES ANDREAZA,ESTANCIA,,COLISÃO LATERAL,1,0,0,0,0,0,0,1,0
3236,202325983,2023-11-03 0:00:00,1:40:00,COM VÍTIMA,FINALIZADA,CAXANGA,AV CAXANGA,,SAL E BRASA,CAXANGA,,COLISÃO LATERAL,0,0,0,0,0,0,0,1,0
3237,202325999,2023-11-03 0:00:00,4:46:00,COM VÍTIMA,FINALIZADA,IBURA,RUA PORTO MOZ,,APOS A POLICLINICA D UR1,IBURA,,COLISÃO LATERAL,0,1,0,0,0,0,0,1,0
3238,202326000,2023-11-03 0:00:00,4:52:00,COM VÍTIMA,FINALIZADA,SAO JOSE,AV SUL,,E/F A DISTRIBUIDORA PORTELA,SAO JOSE,,COLISÃO LATERAL,0,1,0,0,0,0,0,1,0
3239,202326011,2023-11-03 0:00:00,5:45:00,COM VÍTIMA,FINALIZADA,MADALENA,AV BEIRA RIO,,EDF ARLINDO GOLVEIA,MADALENA,,COLISÃO LATERAL,0,0,0,0,0,0,0,1,0
3240,202326017,2023-11-03 0:00:00,8:22:00,COM VÍTIMA,FINALIZADA,PINA,AV HERCULANO BANDEIRA,,DESCIDA DA PONTE PAULO GUERRA,PINA,,COLISÃO,1,1,0,0,0,0,0,1,0
3241,202326035,2023-11-04 0:00:00,8:46:00,COM VÍTIMA,FINALIZADA,AREIAS,AV RECIFE,,PROX AO ASSAI ATACADISTA SENTIDO BR-101,AREIAS,,COLISÃO,0,1,0,0,0,0,0,1,0
3242,202326039,2023-11-04 0:00:00,9:10:00,COM VÍTIMA,FINALIZADA,BOA VIAGEM,RUA PADRE CARAPUCEIRO,AV CONSELHEIRO AGUIAR,EM FRENTE AO VERDE FRUTTI,BOA VIAGEM,,COLISÃO,1,1,0,0,0,0,0,1,0
3243,202326048,2023-11-04 0:00:00,11:34:00,COM VÍTIMA,FINALIZADA,AREIAS,RUA DR VILAS BOAS,,NA RUA DO MIX MATHEUS,AREIAS,,COLISÃO,0,1,0,0,0,0,0,1,0
3244,202326051,2023-11-04 0:00:00,1:15:00,COM VÍTIMA,FINALIZADA,VARZEA,AV CAXANGA,,INTEGRAÇÃO DA CAXANGÁ,VARZEA,,COLISÃO TRASEIRA,1,1,0,0,0,0,0,2,0
3245,202326056,2023-11-04 0:00:00,3:46:00,COM VÍTIMA,FINALIZADA,CAXANGA,AV CAXANGA,,UPA CAXANGA,CAXANGA,,COLISÃO LATERAL,0,0,0,0,0,0,0,1,0
3246,202326057,2023-11-04 0:00:00,3:46:00,COM VÍTIMA,FINALIZADA,BOA VIAGEM,AV DES JOSE NEVES,,FERREIRA PINTO,BOA VIAGEM,,COLISÃO LATERAL,1,1,0,0,0,0,0,1,0
3247,202326082,2023-11-04 0:00:00,11:13:00,COM VÍTIMA,FINALIZADA,ESPINHEIRO,RUA DO ESPINHEIRO,RUA SANTO ELIAS,PROX. AO POSTO DE GASOLINA,ESPINHEIRO,,COLISÃO TRANSVERSAL,1,1,0,0,0,0,0,2,0
3248,202326091,2023-11-05 0:00:00,6:15:00,COM VÍTIMA,FINALIZADA,TAMARINEIRA,AV PROFESSOR JOSE DOS ANJOS,,PROX. AO DNOCS E CLUBE  SANTA CRUZ,TAMARINEIRA,,COLISÃO LATERAL,0,1,0,0,0,0,0,1,0
3249,202326095,2023-11-05 0:00:00,8:47:00,COM VÍTIMA,FINALIZADA,CORDEIRO,AV INACIO MONTEIRO,,PROX. AO CROSSFIT HAKAI,CORDEIRO,,COLISÃO LATERAL,0,1,0,0,0,0,0,1,0
3250,202326098,2023-11-05 0:00:00,9:56:00,COM VÍTIMA,FINALIZADA,VASCO DA GAMA,RUA CAMBORIU,,PROX. A UPA DE NOVA DESCOBERTA E ATELIE DE MIRIAN,VASCO DA GAMA,,COLISÃO LATERAL,0,1,0,0,0,0,0,1,0
3251,202326109,2023-11-05 0:00:00,11:38:00,COM VÍTIMA,FINALIZADA,AGUA FRIA,AV BEBERIBE,,"SENT. ARRUDA, PROX. A LOJA MILENA MOVEIS",AGUA FRIA,,COLISÃO LATERAL,0,1,0,0,0,0,0,1,0
3252,202326115,2023-11-05 0:00:00,12:54:00,COM VÍTIMA,FINALIZADA,AREIAS,AV CENTRAL,,E/F AO METROREC NA LATERAL  DA ESTAÇAO WERNEK,AREIAS,,COLISÃO LATERAL,0,1,0,0,0,0,0,1,0
3253,202326116,2023-11-05 0:00:00,1:05:00,COM VÍTIMA,FINALIZADA,BOA VIAGEM,RUA PADRE CABRAL,,EM FRENTE AO EDIFICIO PARADOR BARCELONA E PROX A PIZZARIA LUPE,BOA VIAGEM,,COLISÃO,0,1,0,0,0,0,0,1,0
3254,202326132,2023-11-05 0:00:00,5:29:00,COM VÍTIMA,FINALIZADA,SANTO AMARO,RUA AURORA,,PROX A PONTE DO LIMOEIRO  E A TV GUARARAPES,SANTO AMARO,,COLISÃO LATERAL,0,1,0,0,0,0,0,1,0
3255,202326133,2023-11-05 0:00:00,5:31:00,COM VÍTIMA,FINALIZADA,IMBIRIBEIRA,RUA ITACARI,,PROX AO BAU ITAU  EA EMPRESA GOCIL,IMBIRIBEIRA,,COLISÃO LATERAL,0,1,0,0,0,0,0,1,0
3256,202326134,2023-11-05 0:00:00,5:34:00,COM VÍTIMA,FINALIZADA,IMBIRIBEIRA,AV MARECHAL MASCARENHAS DE MORAES,,E/F A ESTAÇAO MONTE GUARARAPES,IMBIRIBEIRA,,COLISÃO LATERAL,0,1,0,0,0,0,0,1,0
3257,202326142,2023-11-05 0:00:00,8:20:00,COM VÍTIMA,FINALIZADA,BOA VISTA,AV GOVERNADOR CARLOS DE LIMA CAVALCANTI,RUA SILVA RAMOS,ESQUINA COM HAPVIDA,BOA VISTA,,COLISÃO,0,0,1,0,0,0,1,1,0
3258,202326144,2023-11-05 0:00:00,8:32:00,SEM VÍTIMA,FINALIZADA,JOANA BEZERRA,AV CENTRAL,,CRUZAMENTO COM A PONTE JOAQUIM CARDOSO,JOANA BEZERRA,SUBURBIO,COLISÃO,1,0,0,0,0,0,1,0,0
3259,202326147,2023-11-05 0:00:00,10:16:00,COM VÍTIMA,FINALIZADA,IPSEP,AV RECIFE,,NA ENTRADA DO IBURA,IPSEP,,COLISÃO,0,1,1,0,0,0,0,2,0
3260,202326162,2023-11-06 0:00:00,6:42:00,COM VÍTIMA,FINALIZADA,MADALENA,RUA JOSE BONIFACIO,,DE FRENTE AO COLEGIO CULTURA INGLESA,MADALENA,,COLISÃO FRONTAL,3,0,0,0,0,0,0,2,0
3261,202326178,2023-11-06 0:00:00,8:53:00,COM VÍTIMA,FINALIZADA,CAJUEIRO,AV BEBERIBE,,EM FRENTE A ACADEMIA DA CIDADE,CAJUEIRO,,COLISÃO LATERAL,0,1,0,0,0,0,0,1,0
3262,202326182,2023-11-06 0:00:00,10:06:00,SEM VÍTIMA,FINALIZADA,BOA VIAGEM,AVENIDA CELSO FURTADO (VIA MANGUE),,AO LADO DO POSTE J 013427,BOA VIAGEM,CIDADE,COLISÃO LATERAL,1,0,0,0,0,0,1,0,0
3263,202326186,2023-11-06 0:00:00,10:52:00,COM VÍTIMA,FINALIZADA,TORRE,RUA VISCONDE DE ITAPARICA,,PROX. A FARMACIA DROGASIL E CARREFOUR,TORRE,,COLISÃO LATERAL,0,1,0,0,0,0,0,1,0
3264,202326191,2023-11-06 0:00:00,11:28:00,COM VÍTIMA,FINALIZADA,BOA VIAGEM,RUA PROFESSOR EDUARDO WANDERLEY FILHO,,PROXA ESCOLA BOA VIAGEM,BOA VIAGEM,,COLISÃO,0,1,0,0,0,0,0,1,0
3265,202326200,2023-11-06 0:00:00,12:35:00,COM VÍTIMA,FINALIZADA,IMBIRIBEIRA,AV MARECHAL MASCARENHAS DE MORAES,,EM FRENTE AO ARMAZEM CORAL SENTIDO AFOGADOS,IMBIRIBEIRA,,COLISÃO,0,1,0,0,0,0,0,1,0
3266,202326201,2023-11-06 0:00:00,12:54:00,COM VÍTIMA,FINALIZADA,BOA VIAGEM,VIADUTO TANCREDO NEVES,,NO FINAL DA AV RECIFE / PROX AO ATACADÃO,BOA VIAGEM,,COLISÃO,0,1,0,0,0,0,0,1,0
3267,202326203,2023-11-06 0:00:00,1:19:00,COM VÍTIMA,FINALIZADA,IMBIRIBEIRA,RUA JAMAICA,,VALTER LOPES ENGENHARIA,IMBIRIBEIRA,,COLISÃO FRONTAL,2,1,0,0,0,0,0,1,0
3268,202326206,2023-11-06 0:00:00,1:38:00,COM VÍTIMA,FINALIZADA,IMBIRIBEIRA,AV MARECHAL MASCARENHAS DE MORAES,,EM BAIXO DO VIADUTO DA AV RECIFE / APÓS A TOYOLEX / SENTIDO JABOATÃO,IMBIRIBEIRA,,COLISÃO LATERAL,0,0,0,0,0,0,0,1,0
3269,202326207,2023-11-06 0:00:00,1:46:00,COM VÍTIMA,FINALIZADA,CAXANGA,AV CAXANGA,,"PROX A PAGUE MENOS, EM BAIXO DO VIADUTO",CAXANGA,,COLISÃO LATERAL,0,0,0,0,0,0,0,1,0
3270,202326210,2023-11-06 0:00:00,2:25:00,COM VÍTIMA,FINALIZADA,SAN MARTIN,AV GENERAL SAN MARTIN,,EM FRENTE AO INSTITUTO AGRONOMICO DE PE,SAN MARTIN,,COLISÃO LATERAL,0,0,0,0,0,0,0,1,0
3271,202326219,2023-11-06 0:00:00,4:38:00,SEM VÍTIMA,FINALIZADA,IMBIRIBEIRA,AV MARECHAL MASCARENHAS DE MORAES,,CASA CONSTRUTOR,IMBIRIBEIRA,CIDADE,COLISÃO LATERAL,1,0,0,0,0,0,1,0,0
3272,202326220,2023-11-06 0:00:00,4:46:00,COM VÍTIMA,FINALIZADA,BOA VIAGEM,RUA DEZ DE JULHO,,E/FLOCADORA  ALUGUE BRASIL,BOA VIAGEM,,COLISÃO LATERAL,1,1,0,0,0,0,0,1,0
3273,202326222,2023-11-06 0:00:00,4:55:00,COM VÍTIMA,FINALIZADA,TAMARINEIRA,RUA CONEGO BARATA,,DENTRO DO ESTACIONAMENTO DA FERREIRA COSTA,TAMARINEIRA,,COLISÃO LATERAL,0,1,0,0,0,0,0,1,0
3274,202326225,2023-11-06 0:00:00,5:24:00,COM VÍTIMA,FINALIZADA,VARZEA,RUA FRANCISCO LACERDA,,RESTAURANTE MANGO,VARZEA,,COLISÃO LATERAL,0,1,1,0,0,0,0,1,0
3275,202326230,2023-11-06 0:00:00,5:59:00,COM VÍTIMA,FINALIZADA,TORREAO,RUA DJALMA FARIAS,,PROX AO RESTAURANTE ARVO,TORREAO,,COLISÃO LATERAL,1,1,0,0,0,0,0,1,0
3276,202326249,2023-11-06 0:00:00,6:53:00,COM VÍTIMA,FINALIZADA,BOA VIAGEM,AV CONSELHEIRO AGUIAR,,FARMACIA PAGUE MENOS,BOA VIAGEM,,COLISÃO LATERAL,1,1,0,0,0,0,0,1,0
3277,202326250,2023-11-06 0:00:00,6:53:00,COM VÍTIMA,CANCELADA,VARZEA,RUA VALE DO SIRIJI,,INSTITUTO RICARDO BRENNAND,VARZEA,,COLISÃO LATERAL,0,0,0,0,0,0,0,1,0
3278,202326253,2023-11-06 0:00:00,10:15:00,COM VÍTIMA,FINALIZADA,SITIO DOS PINTOS,RUA MANUEL DE MEDEIROS,,PRÓXIMO AO DPTO DE ZOOTECNIA DA UFRPE,SITIO DOS PINTOS,,COLISÃO TRANSVERSAL,1,1,0,0,0,0,0,1,0
3279,202326297,2023-11-07 0:00:00,9:24:00,COM VÍTIMA,FINALIZADA,BOA VIAGEM,RUA DEZ DE JULHO,,PROX A LOCADORA ALUGUE BRASIL,BOA VIAGEM,,COLISÃO LATERAL,1,1,0,0,0,0,0,1,0
3280,202326322,2023-11-07 0:00:00,12:19:00,COM VÍTIMA,FINALIZADA,PORTO DA MADEIRA,AV BEBERIBE,,E/F A FARMACIA MILENIO,PORTO DA MADEIRA,,ATROPELAMENTO DE PESSOA,1,0,0,1,0,0,0,1,0
3281,202326325,2023-11-07 0:00:00,12:25:00,COM VÍTIMA,FINALIZADA,CORDEIRO,AV CAXANGA,,EM FRENTE A IGREJA UNIVERSAL / PROX A DELICIA DAS PRAZERES,CORDEIRO,SUBURBIO,COLISÃO LATERAL,1,1,0,0,0,0,0,1,0
3282,202326327,2023-11-07 0:00:00,12:31:00,COM VÍTIMA,FINALIZADA,ESPINHEIRO,AV JOAO DE BARROS,,SOB O VIADUTO DA AV. JOÃO DE BARROS,ESPINHEIRO,,COLISÃO,0,0,0,0,0,0,0,1,0
3283,202326342,2023-11-07 0:00:00,2:14:00,COM VÍTIMA,FINALIZADA,IMBIRIBEIRA,AV MARECHAL MASCARENHAS DE MORAES,,PROXIMO AO AEROPORTO E A PRAÇA MINISTRO SALGADO FILHO,IMBIRIBEIRA,,COLISÃO,0,1,0,0,0,0,0,1,0
3284,202326346,2023-11-07 0:00:00,3:38:00,COM VÍTIMA,FINALIZADA,ESPINHEIRO,RUA CONS PORTELA,,PROX A GALERIA CONSELHEIRO PORTELA CENTER,ESPINHEIRO,,CHOQUE,1,0,0,0,0,0,0,1,0
3285,202326356,2023-11-07 0:00:00,5:10:00,COM VÍTIMA,FINALIZADA,IPUTINGA,AV CAXANGA,,IGREJA DA CAXANGÁ / SUBWAY,IPUTINGA,,COLISÃO TRASEIRA,1,1,0,0,0,0,0,1,0
3286,202326357,2023-11-07 0:00:00,5:21:00,COM VÍTIMA,FINALIZADA,SANTO ANTONIO,RUA FLORIANO PEIXOTO,,E/F AO BRADESCO,SANTO ANTONIO,,ATROPELAMENTO DE PESSOA,0,0,0,1,1,0,0,1,0
3287,202326358,2023-11-07 0:00:00,5:49:00,COM VÍTIMA,FINALIZADA,CORREGO DO JENIPAPO,AV NORTE MIGUEL ARRAES DE ALENCAR,,PROX A ENTRADA DO CORREGO DO JENIPAPO / POSTO DESATIVADO DA AV NORTE,CORREGO DO JENIPAPO,,COLISÃO LATERAL,0,0,0,0,0,0,0,1,0
3288,202326360,2023-11-07 0:00:00,6:35:00,COM VÍTIMA,FINALIZADA,ROSARINHO,AV NORTE MIGUEL ARRAES DE ALENCAR,,PRAÇA DO ROSARINHO!,ROSARINHO,,QUEDA,0,0,0,0,0,0,1,1,0
3289,202326361,2023-11-07 0:00:00,6:37:00,COM VÍTIMA,FINALIZADA,VASCO DA GAMA,RUA PLANALTO,,NA SUBIDA DO ALTO NOSSA SENHORA DE FATIMA,VASCO DA GAMA,,COLISÃO LATERAL,0,0,0,0,0,0,0,1,0
3290,202326369,2023-11-07 0:00:00,7:20:00,COM VÍTIMA,FINALIZADA,DOIS IRMAOS,RUA DOIS IRMAOS,,EM FRENTE A LAFEPE,DOIS IRMAOS,,COLISÃO,1,1,0,0,0,0,0,2,0
3291,202326375,2023-11-07 0:00:00,10:05:00,COM VÍTIMA,FINALIZADA,MACAXEIRA,AV NORTE MIGUEL ARRAES DE ALENCAR,,EM FRENTE AO COLÉGIO NADIR,MACAXEIRA,SUBURBIO,COLISÃO,1,1,0,0,0,0,0,2,0
3292,202326376,2023-11-07 0:00:00,10:46:00,COM VÍTIMA,FINALIZADA,AGUA FRIA,AV BEBERIBE,,EM FRENTE A DROGASIL,AGUA FRIA,,COLISÃO,0,1,1,0,0,0,0,1,0
3293,202326398,2023-11-08 0:00:00,7:53:00,COM VÍTIMA,FINALIZADA,JARDIM SAO PAULO,AV RECIFE,,NA FRENTE DA JUSTIÇA FEDERAL,JARDIM SAO PAULO,,COLISÃO,1,1,0,0,0,0,0,2,0
3294,202326400,2023-11-08 0:00:00,8:00:00,COM VÍTIMA,FINALIZADA,CASA FORTE,AV DEZESSETE DE AGOSTO,,PRÓXIMO À ESCOLA SILVA JARDIM,CASA FORTE,,COLISÃO,1,1,0,0,0,0,0,1,0
3295,202326402,2023-11-08 0:00:00,8:25:00,COM VÍTIMA,FINALIZADA,APIPUCOS,RUA DE APIPUCOS,,,APIPUCOS,,COLISÃO,0,0,0,0,0,0,0,1,0
3296,202326403,2023-11-08 0:00:00,8:28:00,COM VÍTIMA,FINALIZADA,IMBIRIBEIRA,AV MARECHAL MASCARENHAS DE MORAES,,EM FRENTE A FLORART SENTIDO AFOGADOS / PROX AO PONTO FRIO,IMBIRIBEIRA,,COLISÃO,0,1,0,0,0,0,0,1,0
3297,202326409,2023-11-08 0:00:00,8:47:00,COM VÍTIMA,CANCELADA,IPSEP,AV RECIFE,,"PROX. AO SAL E BRASA E O POSTO BR, SENT. BOA VIAGEM",IPSEP,,COLISÃO LATERAL,0,1,0,0,0,0,0,1,0
3298,202326410,2023-11-08 0:00:00,8:50:00,COM VÍTIMA,FINALIZADA,DERBY,AV GOVERNADOR AGAMENON MAGALHAES,,"VIA LOCAL, EM FRENTE AO HOSPITAL MEMORIAL SÃO JOSE, SENT. OLINDA",DERBY,,COLISÃO TRASEIRA,2,1,0,0,0,0,0,2,0
3299,202326411,2023-11-08 0:00:00,8:58:00,COM VÍTIMA,FINALIZADA,JOANA BEZERRA,AV CENTRAL,,NO INICIO DO VIADUTO SENTIDO OLINDA / PROX ACDD,JOANA BEZERRA,,COLISÃO,0,1,0,0,0,0,0,1,0
3300,202326423,2023-11-08 0:00:00,9:54:00,COM VÍTIMA,FINALIZADA,BOA VIAGEM,RUA RIBEIRO DE BRITO,,PROX. A UNINASSAU E HOTEL NACIONAL,BOA VIAGEM,,COLISÃO LATERAL,0,1,0,0,0,0,0,1,0
3301,202326424,2023-11-08 0:00:00,10:23:00,COM VÍTIMA,FINALIZADA,JARDIM SAO PAULO,AV SAO PAULO,,PROX. A ESTAÇÃO WERNECK,JARDIM SAO PAULO,,COLISÃO LATERAL,0,1,0,0,0,0,0,1,0
3302,202326433,2023-11-08 0:00:00,11:02:00,COM VÍTIMA,FINALIZADA,MADALENA,RUA ERNANI BRAGA,,PROX AO CARTORIO DA MADALENA / PROX A PRAÇA PROFESSOR CALAZANHAS,MADALENA,,COLISÃO,0,1,0,0,0,0,0,1,0
3303,202326434,2023-11-08 0:00:00,11:04:00,COM VÍTIMA,FINALIZADA,IMBIRIBEIRA,AV ENGENHEIRO ALVES DE SOUZA,,AO LADO DA HONDA,IMBIRIBEIRA,,COLISÃO LATERAL,1,1,0,0,0,0,0,1,0
3304,202326435,2023-11-08 0:00:00,11:09:00,COM VÍTIMA,FINALIZADA,AFOGADOS,EST DOS REMEDIOS,,,AFOGADOS,,COLISÃO LATERAL,2,0,0,0,0,0,0,1,0
3305,202326453,2023-11-08 0:00:00,2:12:00,SEM VÍTIMA,FINALIZADA,BOA VIAGEM,RUA COSMORAMA,,Centro de Saúde Prof. Djair Brindeiro,BOA VIAGEM,,COLISÃO TRASEIRA,1,0,0,0,0,0,1,0,0
3306,202326458,2023-11-08 0:00:00,3:06:00,COM VÍTIMA,FINALIZADA,IBURA,AV DOIS RIOS,,EM FRENTE A IGREJA DOS MORMOS,IBURA,,COLISÃO,1,1,0,0,0,0,0,1,0
3307,202326460,2023-11-08 0:00:00,3:21:00,COM VÍTIMA,DUPLICIDADE,IBURA,AV DOIS RIOS,,IGREJA DOS MORMOS,IBURA,,COLISÃO LATERAL,0,0,0,0,0,0,0,1,0
3308,202326461,2023-11-08 0:00:00,3:24:00,COM VÍTIMA,FINALIZADA,AFOGADOS,EST DOS REMEDIOS,,,AFOGADOS,,COLISÃO LATERAL,1,1,0,0,0,0,0,1,0
3309,202326464,2023-11-08 0:00:00,3:54:00,COM VÍTIMA,FINALIZADA,BOA VISTA,AV JOAO DE BARROS,,EM FRENTE AO CORPO DE BOMBEIROS,BOA VISTA,,COLISÃO LATERAL,1,1,0,0,0,0,0,1,0
3310,202326477,2023-11-08 0:00:00,6:16:00,COM VÍTIMA,CANCELADA,CASA FORTE,AV DEZESSETE DE AGOSTO,,CPOR,CASA FORTE,,COLISÃO LATERAL,0,0,0,0,0,0,0,1,0
3311,202326492,2023-11-08 0:00:00,8:32:00,COM VÍTIMA,CANCELADA,IBURA,AV DOIS RIOS,RUA RIO XINGU,EM FRENTE AO POSTO DE GASOLINA,IBURA,,COLISÃO TRANSVERSAL,1,1,0,0,0,0,0,1,0
3312,202326493,2023-11-08 0:00:00,10:12:00,COM VÍTIMA,CANCELADA,BEBERIBE,AV BEBERIBE,,EM FRENTE AO SESC,BEBERIBE,,COLISÃO TRANSVERSAL,1,1,0,0,0,0,0,1,0
3313,202326521,2023-11-09 0:00:00,6:39:00,COM VÍTIMA,FINALIZADA,SANTO AMARO,AV GOVERNADOR AGAMENON MAGALHAES,,NA FRENTE DO HOSPITAL DA RESTAURAÇÃO,SANTO AMARO,,COLISÃO,1,1,0,0,0,0,0,1,0
3314,202326525,2023-11-09 0:00:00,7:24:00,COM VÍTIMA,FINALIZADA,CAXANGA,AV CAXANGA,,EM FRENTE A GMAG ESTOFADOS / START AUTOMOVEIS,CAXANGA,,COLISÃO,0,1,0,0,0,0,0,1,0
3315,202326531,2023-11-09 0:00:00,7:50:00,COM VÍTIMA,FINALIZADA,PINA,AVENIDA CELSO FURTADO (VIA MANGUE),,PROX. AO RIO MAR,PINA,,COLISÃO LATERAL,0,1,0,0,0,0,0,1,0
3316,202326533,2023-11-09 0:00:00,7:58:00,COM VÍTIMA,FINALIZADA,IPUTINGA,EST DO BARBALHO,,EM FRENTE AO DENTRAN,IPUTINGA,,COLISÃO FRONTAL,1,1,0,0,0,0,0,1,0
3317,202326549,2023-11-09 0:00:00,10:05:00,COM VÍTIMA,FINALIZADA,IBURA,AV DOIS RIOS,,"EM FRENTE A ACADEMIA MOTIVE, PROX. AO POSTO BR",IBURA,,COLISÃO LATERAL,0,1,0,0,0,0,0,1,0
3318,202326559,2023-11-09 0:00:00,10:56:00,COM VÍTIMA,FINALIZADA,BOA VISTA,AV CONDE DA BOA VISTA,RUA DA UNIAO,AO LADO DO BANCO ITAU,BOA VISTA,,COLISÃO COM CICLISTA,1,0,1,0,0,0,0,2,0
3319,202326560,2023-11-09 0:00:00,11:02:00,COM VÍTIMA,FINALIZADA,BOA VIAGEM,AV CONSELHEIRO AGUIAR,,PROX A GALERIA TRADE CENTER /  PROX A PHARMAPELE E DROGASIL,BOA VIAGEM,,COLISÃO,1,2,0,0,0,0,0,1,0
3320,202326576,2023-11-09 0:00:00,1:35:00,COM VÍTIMA,FINALIZADA,IBURA,RUA EMILIO MONTEIRO FONSECA,,AO ALADO DA ASSEMBLEIA DE DEUS,IBURA,,COLISÃO LATERAL,1,1,0,0,0,0,0,1,0
3321,202326593,2023-11-09 0:00:00,4:20:00,COM VÍTIMA,DUPLICIDADE,AFOGADOS,RUA SAO MIGUEL,,EM FRENTE AO PONTO DAS BATERIAS,AFOGADOS,,COLISÃO COM CICLISTA,0,0,1,0,0,0,0,1,0
3322,202326594,2023-11-09 0:00:00,4:22:00,COM VÍTIMA,CANCELADA,0,AV NORTE MIGUEL ARRAES DE ALENCAR,,PADARIA DO ROSARINHO,0,,COLISÃO LATERAL,0,0,0,0,0,0,0,1,0