_id,Protocolo,data,hora,natureza,situacao,bairro,endereco,detalhe_endereco_acidente,complemento,bairro_cruzamento,sentido_via,tipo,auto,moto,ciclista,pedestre,onibus,caminhao,viatura,vitimas,vitimasfatais
3323,202326595,2023-11-09 0:00:00,4:38:00,COM VÍTIMA,FINALIZADA,AFOGADOS,RUA SAO MIGUEL,,E/F A IGREJA DA FE DO BRASIL  VT  18 NO LOCAL,AFOGADOS,,COLISÃO COM CICLISTA,0,0,1,0,0,0,0,1,0
3324,202326606,2023-11-09 0:00:00,5:15:00,COM VÍTIMA,FINALIZADA,SAO JOSE,RUA DO PEIXOTO,,,SAO JOSE,,COLISÃO,0,0,0,0,0,0,0,1,0
3325,202326607,2023-11-09 0:00:00,5:36:00,COM VÍTIMA,FINALIZADA,VARZEA,RUA VISCONDE DE BARBACENA,RUA AGRICOLANDIA,PROX AO HOSPITAL HAPVIDA POR TRAS DA PRAÇA DE TAXI,VARZEA,,COLISÃO LATERAL,1,1,0,0,0,0,0,1,0
3326,202326608,2023-11-09 0:00:00,5:52:00,COM VÍTIMA,FINALIZADA,ENGENHO DO MEIO,RUA ANTONIO CURADO,,APÓS O PRESIDIO BOM PASTOR,ENGENHO DO MEIO,,COLISÃO LATERAL,0,0,0,0,0,0,0,1,0
3327,202326610,2023-11-09 0:00:00,6:33:00,SEM VÍTIMA,FINALIZADA,SANTO ANTONIO,AV RIO CAPIBARIBE,,EM CIMA DA PORTE DUARTE COELHO,SANTO ANTONIO,,COLISÃO LATERAL,0,0,0,0,1,0,1,0,0
3328,202326612,2023-11-09 0:00:00,7:43:00,COM VÍTIMA,DUPLICIDADE,SANTO AMARO,RUA DOS PALMARES,RUA TREZE DE MAIO,,SANTO AMARO,,COLISÃO FRONTAL,0,0,0,0,0,0,0,1,0
3329,202326613,2023-11-09 0:00:00,7:53:00,COM VÍTIMA,FINALIZADA,SANTO AMARO,RUA DOS PALMARES,,PRÓX. AO INSS,SANTO AMARO,,COLISÃO,1,1,0,0,0,0,0,1,0
3330,202326615,2023-11-09 0:00:00,8:20:00,COM VÍTIMA,FINALIZADA,PINA,AV ENGENHEIRO DOMINGOS FERREIRA,,EM FRENTE AO POSTO SHELL,PINA,,ATROPELAMENTO DE PESSOA,0,0,0,1,1,0,0,1,0
3331,202326625,2023-11-10 0:00:00,3:28:00,SEM VÍTIMA,FINALIZADA,BOA VIAGEM,RUA SA E SOUZA,RUA BARAO DE SOUZA LEAO,EM FRENTE À ESCOLA BRIGADEIRO EDUARDO GOMES,BOA VIAGEM,CIDADE,COLISÃO TRASEIRA,1,0,0,0,0,0,1,0,0
3332,202326645,2023-11-10 0:00:00,8:57:00,COM VÍTIMA,FINALIZADA,SANTO AMARO,AV GOVERNADOR AGAMENON MAGALHAES,,EM FRENTE A FÁBRICA TACARUNA ( SENTIDO CIDADE ),SANTO AMARO,SUBURBIO,COLISÃO LATERAL,1,1,0,0,0,0,0,1,0
3333,202326676,2023-11-10 0:00:00,2:51:00,COM VÍTIMA,FINALIZADA,PARNAMIRIM,RUA SEBASTIAO ALVES,,E/F AO  FAACA  BOTECO  E PARRILLA,PARNAMIRIM,,COLISÃO FRONTAL,1,1,0,0,0,0,0,1,0
3334,202326679,2023-11-10 0:00:00,2:59:00,COM VÍTIMA,FINALIZADA,ENCRUZILHADA,RUA CONS PORTELA,,BANCO ITAU DA ENCRUZILHADA,ENCRUZILHADA,,COLISÃO LATERAL,0,0,0,0,0,0,0,1,0
3335,202326685,2023-11-10 0:00:00,4:21:00,COM VÍTIMA,FINALIZADA,IBURA,AV DOIS RIOS,,BANCA DE JOGO CAMINHO DA SORTE,IBURA,,COLISÃO LATERAL,0,1,0,0,1,0,0,1,0
3336,202326686,2023-11-10 0:00:00,4:21:00,COM VÍTIMA,FINALIZADA,SANTO AMARO,AV MARIO MELO,,ESCOLA SILVIO RABELO,SANTO AMARO,,COLISÃO LATERAL,0,0,0,0,0,0,0,1,0
3337,202326700,2023-11-10 0:00:00,5:51:00,COM VÍTIMA,CANCELADA,IBURA,AV DOIS RIOS,,E/F AO POSTO SHEL,IBURA,,COLISÃO TRASEIRA,1,1,0,0,0,0,0,1,0
3338,202326718,2023-11-10 0:00:00,6:55:00,COM VÍTIMA,FINALIZADA,ARRUDA,RUA RAMIZ GALVAO,,PROX AO ESTÁDIO DO SANTA CRUZ,ARRUDA,,COLISÃO FRONTAL,1,1,0,0,0,0,0,1,0
3339,202326719,2023-11-10 0:00:00,7:09:00,COM VÍTIMA,FINALIZADA,BAIRRO DO RECIFE,RUA DO BRUM,,EM FRENTE AO TRF,BAIRRO DO RECIFE,,COLISÃO TRANSVERSAL,1,1,0,0,0,0,0,1,0
3340,202326720,2023-11-10 0:00:00,7:20:00,COM VÍTIMA,FINALIZADA,JARDIM SAO PAULO,AV SAO PAULO,,EM FRENTE AO MINI SHOPPING,JARDIM SAO PAULO,,COLISÃO TRASEIRA,1,1,0,0,0,0,0,1,0
3341,202326722,2023-11-10 0:00:00,7:37:00,COM VÍTIMA,CANCELADA,ENGENHO DO MEIO,RUA ANTONIO CURADO,,COM A RUA MANOEL  CORTE  REAL,ENGENHO DO MEIO,,COLISÃO TRANSVERSAL,1,1,0,0,0,0,0,1,0
3342,202326725,2023-11-10 0:00:00,7:53:00,COM VÍTIMA,CANCELADA,TORROES,AV ENGENHEIRO ABDIAS DE CARVALHO,,"APÓS O POSTO SHELL , SENTIDO BR 232",TORROES,,ATROPELAMENTO DE PESSOA,1,0,0,2,0,0,0,2,0
3343,202326738,2023-11-11 0:00:00,1:26:00,COM VÍTIMA,FINALIZADA,CORDEIRO,AV CAXANGA,RUA CLAUDIO BROTHERHOOD,DEFRONTE AO PARQUE DE EXPOSIÇÃO DE ANIMAIS DO CORDEIRO - SENTIDO CIDADE,CORDEIRO,CIDADE,COLISÃO,1,1,0,0,0,0,0,2,0
3344,202326743,2023-11-11 0:00:00,3:51:00,COM VÍTIMA,FINALIZADA,MADALENA,RUA REAL DA TORRE,,PRÓXIMO A RUA JOSÉ OSÓRIO,MADALENA,,COLISÃO TRANSVERSAL,1,1,0,0,0,0,0,2,0
3345,202326754,2023-11-11 0:00:00,5:42:00,COM VÍTIMA,FINALIZADA,AFOGADOS,RUA PROFESSOR AUGUSTO WANDERLEY FILHO,,COM A RUA MOCOTOLOMBÓ,AFOGADOS,,COLISÃO,0,1,0,0,0,0,0,2,0
3346,202326795,2023-11-11 0:00:00,11:27:00,COM VÍTIMA,FINALIZADA,BOA VIAGEM,RUA ANTONIO FALCAO,,"PROX A SONHARES COLCHÕES E ASSESSÓRIOS,  PROX  A VILMA  AUTO CENTER,   PROX A ESTAÇÃO ANTONIO FALCÃO",BOA VIAGEM,,COLISÃO LATERAL,0,1,0,0,0,0,0,1,0
3347,202326807,2023-11-11 0:00:00,2:11:00,COM VÍTIMA,FINALIZADA,CAXANGA,RUA ELIZEU CAVALCANTE,,PROX A ENTRADA DA ESTAÇAO DO BRT NO SEMFORO 265,CAXANGA,,COLISÃO COM CICLISTA,0,0,1,0,0,0,0,1,0
3348,202326808,2023-11-11 0:00:00,2:39:00,COM VÍTIMA,FINALIZADA,AFOGADOS,TRV SAO MIGUEL,,EM FRENTE AO SHOPPING SAO MIGUEL CENTER,AFOGADOS,,COLISÃO TRASEIRA,1,1,0,0,0,0,0,1,0
3349,202326809,2023-11-11 0:00:00,2:45:00,COM VÍTIMA,FINALIZADA,CASA FORTE,AV DEZESSETE DE AGOSTO,,E/F AO BAR CHEF,CASA FORTE,,COLISÃO LATERAL,1,1,0,0,0,0,0,1,0
3350,202326812,2023-11-11 0:00:00,3:06:00,COM VÍTIMA,FINALIZADA,BOA VIAGEM,RUA ANTONIO FALCAO,RUA FRANCISCO DA CUNHA,EM FRENTE A FARMACIA DROGASIL,BOA VIAGEM,,COLISÃO TRASEIRA,1,1,0,0,0,0,0,2,0
3351,202326813,2023-11-11 0:00:00,3:08:00,COM VÍTIMA,FINALIZADA,ILHA DO RETIRO,EST DOS REMEDIOS,,E/F A VIA TOTAL PNEUS  AO RESTAURANTE  PONTO DO GAUCHO,ILHA DO RETIRO,,COLISÃO LATERAL,0,0,0,0,0,0,0,1,0
3352,202326823,2023-11-11 0:00:00,4:39:00,COM VÍTIMA,FINALIZADA,SAO JOSE,AV SUL,,PROX AO POSTO BR  EM BAIXO DO VIADUTO CAPITÃO TEMUDO,SAO JOSE,SUBURBIO,COLISÃO FRONTAL,0,0,0,0,2,0,0,2,0
3353,202326830,2023-11-11 0:00:00,5:05:00,COM VÍTIMA,FINALIZADA,PRADO,RUA JOAO IVO DA SILVA,,PROX A LOJA ELETRO TEC,PRADO,,COLISÃO TRASEIRA,1,1,0,0,0,0,0,1,0
3354,202326831,2023-11-11 0:00:00,5:08:00,COM VÍTIMA,FINALIZADA,CORDEIRO,RUA CLAUDIO BROTHERHOOD,PRC DR JOSE VILELA,AO LADO DA OFICINA DO MADSON,CORDEIRO,,COLISÃO LATERAL,0,1,0,0,0,0,0,1,0
3355,202326832,2023-11-11 0:00:00,5:09:00,COM VÍTIMA,FINALIZADA,IMBIRIBEIRA,AV MARECHAL MASCARENHAS DE MORAES,RUA MURITIBA,PRÓXIMO A FERREIRA COSTA,IMBIRIBEIRA,CIDADE,COLISÃO TRASEIRA,4,1,0,0,0,0,0,2,0
3356,202326833,2023-11-11 0:00:00,5:11:00,COM VÍTIMA,FINALIZADA,IMBIRIBEIRA,RUA JOSE DA SILVA LUCENA,,PROXA FERREIRA COSTA,IMBIRIBEIRA,,COLISÃO LATERAL,0,0,0,0,0,0,0,1,0
3357,202326834,2023-11-11 0:00:00,5:37:00,COM VÍTIMA,FINALIZADA,PORTO DA MADEIRA,AV BEBERIBE,,PROX AO POSTO BC E A GALERIA CAJUEIRO,PORTO DA MADEIRA,,QUEDA,0,1,0,0,0,0,0,1,0
3358,202326836,2023-11-11 0:00:00,5:53:00,COM VÍTIMA,FINALIZADA,SAN MARTIN,AV ENGENHEIRO ABDIAS DE CARVALHO,,PROX AO ATACAREJO  E/F AO COMPAZ,SAN MARTIN,,COLISÃO LATERAL,0,0,0,0,0,0,0,1,0
3359,202326837,2023-11-11 0:00:00,5:54:00,COM VÍTIMA,FINALIZADA,JAQUEIRA,AV RUI BARBOSA,,NA ESQUINA DA ACADEMIA LAITE,JAQUEIRA,,COLISÃO FRONTAL,1,1,0,0,0,0,0,1,0
3360,202326841,2023-11-11 0:00:00,8:43:00,COM VÍTIMA,FINALIZADA,SANTO AMARO,RUA DA UNIAO,,COM A RUA MAMEDE SIMÕES AO LADO DA ASSEMLÉIA LEGISLATIVA,SANTO AMARO,,COLISÃO TRANSVERSAL,1,1,0,0,0,0,0,1,0
3361,202326842,2023-11-11 0:00:00,9:22:00,COM VÍTIMA,FINALIZADA,SAO JOSE,RUA IMPERIAL,,ANTES DO VIADUTO CAP TEMUDO,SAO JOSE,,CAPOTAMENTO,2,1,0,0,0,0,0,2,0
3362,202326843,2023-11-11 0:00:00,11:21:00,COM VÍTIMA,FINALIZADA,VARZEA,RUA ABATIA,,EM FRENTE AO FRIGÓRIFICO ABATIA,VARZEA,,COLISÃO TRANSVERSAL,1,1,0,0,0,0,0,1,0
3363,202326871,2023-11-12 0:00:00,9:22:00,COM VÍTIMA,FINALIZADA,IMBIRIBEIRA,VIADUTO TANCREDO NEVES,,PROX A UPA DA IMBIRIBEIRA / SENTIDO AV RECIFE,IMBIRIBEIRA,,COLISÃO,1,1,0,0,0,0,0,1,0
3364,202326874,2023-11-12 0:00:00,10:24:00,COM VÍTIMA,FINALIZADA,ILHA DO RETIRO,AV ENGENHEIRO ABDIAS DE CARVALHO,,EM FRENTE A ILHA DO RETIRO,ILHA DO RETIRO,,COLISÃO,0,1,0,0,0,0,0,1,0
3365,202326877,2023-11-12 0:00:00,11:02:00,COM VÍTIMA,FINALIZADA,COQUEIRAL,RUA DR JOSE CORNELIO,,PROX A ESTAÇÃO DE METRO COQUEIRAL,COQUEIRAL,,COLISÃO,0,1,0,0,0,0,0,1,0
3366,202326881,2023-11-12 0:00:00,11:39:00,COM VÍTIMA,FINALIZADA,ILHA DO RETIRO,AV ENGENHEIRO ABDIAS DE CARVALHO,,EM FRENTE AO CAMPO DE SPORT,ILHA DO RETIRO,,COLISÃO,0,1,0,0,0,0,0,1,0
3367,202326882,2023-11-12 0:00:00,12:28:00,COM VÍTIMA,FINALIZADA,PONTO DE PARADA,RUA PROFESSOR JERONIMO GUEIROS,,PROX A COCA COLA,PONTO DE PARADA,,QUEDA,0,1,0,0,0,0,0,1,0
3368,202326898,2023-11-12 0:00:00,5:16:00,SEM VÍTIMA,FINALIZADA,AREIAS,AV CAPITAO GREGORIO DE CALDAS,,CLINICA CENTER / CARREFOUR DA AV. RECIFE,AREIAS,,COLISÃO FRONTAL,4,0,0,0,0,0,0,0,0
3369,202326901,2023-11-12 0:00:00,6:01:00,COM VÍTIMA,FINALIZADA,TEJIPIO,AV DR JOSE RUFINO,,ESCOLA ALBERTO TORRES,TEJIPIO,,COLISÃO LATERAL,0,0,0,0,0,0,0,1,0
3370,202326911,2023-11-12 0:00:00,6:56:00,COM VÍTIMA,FINALIZADA,PARNAMIRIM,RUA VIRGINIA LORETO,,POR TRÁS DA IGREJA DOS MORMONS,PARNAMIRIM,,COLISÃO LATERAL,0,0,0,0,0,0,0,1,0
3371,202326916,2023-11-12 0:00:00,8:35:00,COM VÍTIMA,CANCELADA,IPUTINGA,AV CAXANGA,,EM FRENTE A AUTO ESCOLA PILOTO E A CONCESSIONÁRIA DA HONDA,IPUTINGA,,COLISÃO,0,0,0,0,0,0,0,1,0
3372,202326917,2023-11-12 0:00:00,8:46:00,SEM VÍTIMA,FINALIZADA,MACAXEIRA,RUA CORONEL JOAO BATISTA DO REGO BARROS,,PARQUE DA MACAXEIRA,MACAXEIRA,,COLISÃO TRASEIRA,1,1,0,0,0,0,0,0,0
3373,202326918,2023-11-12 0:00:00,9:16:00,COM VÍTIMA,FINALIZADA,CASA FORTE,AV DEZESSETE DE AGOSTO,,APÓS A PRAÇA DE CASA FORTE,CASA FORTE,,COLISÃO,0,2,0,0,0,0,0,2,0
3374,202326920,2023-11-12 0:00:00,10:50:00,COM VÍTIMA,CANCELADA,BOA VIAGEM,RUA VISCONDE DE JEQUITINHONHA,,POR TRÁS DO PARQUE DONA LINDU,BOA VIAGEM,,COLISÃO,0,1,0,0,0,0,0,1,0
3375,202326929,2023-11-13 0:00:00,6:33:00,COM VÍTIMA,FINALIZADA,SANTO ANTONIO,RUA DO SOL,,EM FRENTE AO TEATRO SANTA ISABEL,SANTO ANTONIO,,COLISÃO LATERAL,0,1,0,0,0,0,0,1,0
3376,202326950,2023-11-13 0:00:00,9:20:00,COM VÍTIMA,FINALIZADA,MADALENA,RUA CLOVIS BEVILAQUA,,EM FRENTE A ASSOCIAÇÃO BANDEPE,MADALENA,,COLISÃO,0,1,0,0,0,0,0,1,0
3377,202326957,2023-11-13 0:00:00,10:38:00,COM VÍTIMA,FINALIZADA,GUABIRABA,RUA ALTO JOSE IDALINO,,PROX AO TERMINAL DE ONIBUS / NA ESQUINA DA IGREJA BATISTA,GUABIRABA,,COLISÃO,0,1,0,0,0,0,0,1,0
3378,202326963,2023-11-13 0:00:00,11:43:00,COM VÍTIMA,FINALIZADA,COELHOS,PTE JOAQUIM CARDOSO,,PROX AO FORUM JOANA BEZERRA,COELHOS,,COLISÃO,0,1,0,0,0,0,0,1,0
3379,202326983,2023-11-13 0:00:00,2:50:00,SEM VÍTIMA,FINALIZADA,TEJIPIO,RUA FALCAO DE LACERDA,,PRÓXIMO AO CARTÓRIO,TEJIPIO,,COLISÃO,0,0,0,0,0,0,0,0,0
3380,202327003,2023-11-13 0:00:00,5:42:00,COM VÍTIMA,FINALIZADA,ENGENHO DO MEIO,RUA FRANCISCO BEZERRA MONTEIRO,,BET PLACE,ENGENHO DO MEIO,,COLISÃO LATERAL,0,0,0,0,0,0,0,1,0
3381,202327010,2023-11-13 0:00:00,7:26:00,COM VÍTIMA,FINALIZADA,CAMPO GRANDE,AV PROFESSOR JOSE DOS ANJOS,,UNIDADE DE SAUDE ANTONIO FRANCISCO AREIAS,CAMPO GRANDE,,COLISÃO LATERAL,1,0,1,0,0,0,0,1,0
3382,202327011,2023-11-13 0:00:00,7:16:00,COM VÍTIMA,FINALIZADA,BOA VIAGEM,RUA DOS NAVEGANTES,,COM A RUA ERNESTO  DE PAULA SANTOS,BOA VIAGEM,,COLISÃO LATERAL,1,1,0,0,0,0,0,1,0
3383,202327050,2023-11-14 0:00:00,7:56:00,COM VÍTIMA,FINALIZADA,TORREAO,RUA OTHON PARAISO,,EM FRENTE AO EDF. FUTURO NOEMIA PARAISO,TORREAO,,COLISÃO LATERAL,1,1,0,0,0,0,0,1,0
3384,202327056,2023-11-14 0:00:00,8:38:00,COM VÍTIMA,FINALIZADA,IMBIRIBEIRA,RUA ALVARO AMORIM,AV MARECHAL MASCARENHAS DE MORAES,NO SEMAFORO 279,IMBIRIBEIRA,,COLISÃO LATERAL,1,1,0,0,0,0,0,1,0
3385,202327066,2023-11-14 0:00:00,9:38:00,COM VÍTIMA,FINALIZADA,IBURA,RUA DOZE DE JUNHO,,PROX. AO MERCADO PROABE ALIMENTOS E COOMUNIDADE VINTE E SETE DE NOVEMBRO,IBURA,,COLISÃO LATERAL,0,1,0,0,0,0,0,1,0
3386,202327077,2023-11-14 0:00:00,11:12:00,COM VÍTIMA,FINALIZADA,IMBIRIBEIRA,AV MARECHAL MASCARENHAS DE MORAES,,NO FINAL DO MURO DO AEROPORTO / NA ENTRADA DO JORDÃO,IMBIRIBEIRA,,COLISÃO,0,1,0,0,0,0,0,1,0
3387,202327086,2023-11-14 0:00:00,12:35:00,SEM VÍTIMA,FINALIZADA,SAO JOSE,TRV DO GUSMAO,,,SAO JOSE,,COLISÃO LATERAL,1,0,0,0,1,0,0,0,0
3388,202327087,2023-11-14 0:00:00,12:46:00,COM VÍTIMA,FINALIZADA,CASA FORTE,AV DEZESSETE DE AGOSTO,,EM FRENTE AO PET E CIA,CASA FORTE,,COLISÃO,0,1,0,0,0,0,0,1,0
3389,202327088,2023-11-14 0:00:00,12:50:00,COM VÍTIMA,FINALIZADA,SANTO AMARO,AV CRUZ CABUGA,,EM FRENTE AO SENAI CRUZAMENTO COM FREI CASSIMIRO,SANTO AMARO,,COLISÃO,0,1,0,0,0,0,0,1,0
3390,202327102,2023-11-14 0:00:00,4:20:00,COM VÍTIMA,FINALIZADA,IPUTINGA,EST DO BARBALHO,,PROX AO DETRAN E/F CONAB,IPUTINGA,,COLISÃO FRONTAL,0,2,0,0,0,0,0,2,0
3391,202327119,2023-11-14 0:00:00,6:56:00,COM VÍTIMA,CANCELADA,ARRUDA,AV BEBERIBE,,DE FRENTE AO ESTÁDIO DO SANTA CRUZ,ARRUDA,,COLISÃO LATERAL,1,1,0,0,0,0,0,1,0
3392,202327120,2023-11-14 0:00:00,7:52:00,COM VÍTIMA,CANCELADA,DOIS UNIDOS,AV HILDEBRANDO DE VASCONCELOS,,PRÓXIMO AO COLEGIO ESTADUAL E AO ANTIGO CT DO SANTA CRUZ,DOIS UNIDOS,,COLISÃO,0,1,0,0,0,0,0,1,0
3393,202327123,2023-11-14 0:00:00,8:26:00,COM VÍTIMA,CANCELADA,IBURA,AV RIO SAO FRANCISCO,,UR1 PRÓXIMO A ACADEMIA DA CIDADE,IBURA,,COLISÃO,0,0,0,0,0,0,0,1,0
3394,202327126,2023-11-14 0:00:00,10:37:00,COM VÍTIMA,CANCELADA,BOA VIAGEM,RUA BARAO DE SOUZA LEAO,,AO LADO DO COLEGIO SANTO DUMONT,BOA VIAGEM,,COLISÃO,0,0,0,0,0,0,0,1,0
3395,202327128,2023-11-15 0:00:00,1:45:00,COM VÍTIMA,FINALIZADA,IBURA,AV DOIS RIOS,,E/F À IGREJA ELSHADAI E POSTO SHELL,IBURA,,COLISÃO FRONTAL,1,1,0,0,0,0,0,1,0
3396,202327139,2023-11-15 0:00:00,5:12:00,SEM VÍTIMA,FINALIZADA,IBURA,AV PRESIDENTE DUTRA,,EM FRENTE AO POSTO RECIFE,IBURA,SUBURBIO,CHOQUE,1,0,0,0,0,0,0,0,0
3397,202327140,2023-11-15 0:00:00,5:19:00,COM VÍTIMA,FINALIZADA,SANTO AMARO,AV GOVERNADOR AGAMENON MAGALHAES,,"PROX. A PROCURADORIA DA REPUBLICA, NO SENTIDO BOA VIAGEM , LADO OPOSTO A UPE",SANTO AMARO,,COLISÃO LATERAL,1,1,0,0,0,0,0,1,0
3398,202327149,2023-11-15 0:00:00,7:38:00,COM VÍTIMA,FINALIZADA,MACAXEIRA,RUA MARIA CANDIDA,,"NO BAIRRO BURITI PARTE BAIXA, PROX. AO MERCADINHO SANTO ANOTNI E POSTO DE SAUDE",MACAXEIRA,,COLISÃO LATERAL,0,1,0,0,0,0,0,1,0
3399,202327155,2023-11-15 0:00:00,9:09:00,COM VÍTIMA,FINALIZADA,SAN MARTIN,AV GENERAL SAN MARTIN,,"EM FRENTE A FARMACIA DROGASIL, PROX. AO GETULIO VARGAS",SAN MARTIN,,COLISÃO LATERAL,0,1,0,0,0,0,0,1,0
3400,202327172,2023-11-15 0:00:00,12:01:00,COM VÍTIMA,FINALIZADA,BOA VIAGEM,RUA CAMBOIM,,EM FRENTE A CASA DE FESTA  CRISTAL MAISON,BOA VIAGEM,,COLISÃO LATERAL,1,1,0,0,0,0,0,1,0
3401,202327179,2023-11-15 0:00:00,3:01:00,COM VÍTIMA,FINALIZADA,TEJIPIO,RUA APRIGIO GUIMARAES,,NA RUA DO HOSPITL OTAVIO DE FREITAS,TEJIPIO,,COLISÃO LATERAL,1,1,0,0,0,0,0,1,0
3402,202327197,2023-11-15 0:00:00,4:37:00,COM VÍTIMA,FINALIZADA,BOA VIAGEM,VIADUTO TANCREDO NEVES,,COLISAO SOBRE O VIADUTO TANCREDO NEVES,BOA VIAGEM,,COLISÃO LATERAL,1,1,0,0,0,0,0,1,0
3403,202327213,2023-11-15 0:00:00,6:59:00,COM VÍTIMA,FINALIZADA,JARDIM SAO PAULO,RUA LEANDRO BARRETO,RUA LEOBINA PEREIRA,BEM NO CRUZAMENTO ONDE TEM A PIZZARIA DOS GEMEOS,JARDIM SAO PAULO,,COLISÃO FRONTAL,1,1,0,0,0,0,0,1,0
3404,202327216,2023-11-15 0:00:00,7:45:00,COM VÍTIMA,FINALIZADA,IPSEP,AV RECIFE,,SEMÁFORO 016 / PRÓX. DO NÚCLEO / ENTRADA DO IBURA,IPSEP,,COLISÃO TRANSVERSAL,1,1,0,0,0,0,0,1,0
3405,202327242,2023-11-16 0:00:00,6:58:00,COM VÍTIMA,FINALIZADA,PASSARINHO,RUA ANDORINHA,RUA PATATIVA,NA SUBDA DO ALTO SA BONDADE,PASSARINHO,,COLISÃO LATERAL,0,1,0,0,0,0,0,1,0
3406,202327247,2023-11-16 0:00:00,7:35:00,COM VÍTIMA,FINALIZADA,BOA VIAGEM,RUA PROFESSOR JOAO MEDEIROS,,PROX. A LOJA PETZ,BOA VIAGEM,,COLISÃO TRASEIRA,1,1,0,0,0,0,0,1,0
3407,202327250,2023-11-16 0:00:00,7:58:00,COM VÍTIMA,FINALIZADA,ESPINHEIRO,RUA QUARENTA E OITO,RUA CONS PORTELA,PROX A PAG MENOS,ESPINHEIRO,,COLISÃO,0,1,0,0,1,0,0,1,0
3408,202327257,2023-11-16 0:00:00,9:19:00,SEM VÍTIMA,FINALIZADA,MORRO DA CONCEICAO,COR DO BARTOLOMEU,,EM FRENTE A ALEX CAR,MORRO DA CONCEICAO,CIDADE,COLISÃO TRASEIRA,2,0,0,0,0,0,0,0,0
3409,202327261,2023-11-16 0:00:00,9:36:00,COM VÍTIMA,CANCELADA,SAO JOSE,RUA IMPERIAL,,EM FRENTE AO RECIFE GÁS  / ANTES DA PONTE E PROX A EMPRESA ALIMONDA,SAO JOSE,,COLISÃO,0,1,0,0,0,0,0,1,0
3410,202327266,2023-11-16 0:00:00,10:58:00,COM VÍTIMA,FINALIZADA,BARRO,AV DR JOSE RUFINO,,"NO SEMAFORO 208, EM FRENTE AO EXERCITO BRASILEIRO",BARRO,,COLISÃO LATERAL,1,0,0,0,0,1,0,2,0
3411,202327275,2023-11-16 0:00:00,1:08:00,SEM VÍTIMA,FINALIZADA,SANTO AMARO,AV JOAO DE BARROS,,GASTRO  PE,SANTO AMARO,CIDADE,COLISÃO TRASEIRA,3,0,0,0,0,0,0,0,0
3412,202327277,2023-11-16 0:00:00,1:38:00,SEM VÍTIMA,DUPLICIDADE,ESPINHEIRO,AV JOAO DE BARROS,,PRÓXIMO AO SANTANDER,ESPINHEIRO,,COLISÃO LATERAL,0,0,0,0,0,0,0,0,0
3413,202327285,2023-11-16 0:00:00,3:02:00,SEM VÍTIMA,FINALIZADA,NOVA DESCOBERTA,ALT DO OLHO D'AGUA,,NA SUBIDA DA DANTAS  PROX AO LARGO DONA REGINA,NOVA DESCOBERTA,,COLISÃO FRONTAL,0,1,0,0,0,0,1,0,0
3414,202327286,2023-11-16 0:00:00,3:15:00,COM VÍTIMA,FINALIZADA,BONGI,AV ENGENHEIRO ABDIAS DE CARVALHO,,NA FRENTE DO POSTO DE GASOLINA DA BR,BONGI,,COLISÃO,0,1,0,0,0,0,0,1,0
3415,202327296,2023-11-16 0:00:00,5:03:00,COM VÍTIMA,FINALIZADA,AFOGADOS,RUA ERNESTO CAVALCANTI,,RUA E/F AO CLUBE ATLETICO,AFOGADOS,,COLISÃO FRONTAL,1,1,0,0,0,0,0,1,0
3416,202327300,2023-11-16 0:00:00,5:37:00,COM VÍTIMA,FINALIZADA,TORROES,AV ENGENHEIRO ABDIAS DE CARVALHO,,YOKI,TORROES,,COLISÃO TRASEIRA,2,1,0,0,0,0,0,1,0
3417,202327317,2023-11-16 0:00:00,8:12:00,COM VÍTIMA,FINALIZADA,SANTO AMARO,AV GOVERNADOR AGAMENON MAGALHAES,,"EM FRENTE A UPE, NO SENTIDO BOA VIAGEM",SANTO AMARO,,COLISÃO TRASEIRA,1,1,0,0,0,0,0,1,0
3418,202327320,2023-11-16 0:00:00,8:37:00,COM VÍTIMA,FINALIZADA,IBURA,AV DOIS RIOS,,EM FRENTE AO POSTO BR,IBURA,,COLISÃO FRONTAL,1,2,0,0,0,0,0,2,0
3419,202327321,2023-11-16 0:00:00,8:49:00,COM VÍTIMA,FINALIZADA,GUABIRABA,AV DA RECUPERACAO,,"PROX AO RESTAURANTE DO LAU , APÓS A UPINHA DA GUABIRABA",GUABIRABA,,COLISÃO TRASEIRA,1,1,0,0,0,0,0,1,0
3420,202327341,2023-11-17 0:00:00,6:44:00,COM VÍTIMA,FINALIZADA,IPSEP,AV RECIFE,,EM FRENTE AVANT MULTIMARCAS,IPSEP,,COLISÃO TRASEIRA,1,1,0,0,0,0,0,1,0
3421,202327360,2023-11-17 0:00:00,9:33:00,COM VÍTIMA,FINALIZADA,SANTO AMARO,AV DR JAYME DA FONTE,,EM TODA SUA ESTENÇÃO,SANTO AMARO,,TOMBAMENTO,0,0,0,0,0,0,0,1,0
3422,202327368,2023-11-17 0:00:00,11:43:00,SEM VÍTIMA,FINALIZADA,ESPINHEIRO,RUA AFONSO BATISTA,,PROX AO HAPVIDA,ESPINHEIRO,,COLISÃO,2,0,0,0,0,0,0,0,0