_id,Protocolo,data,hora,natureza,situacao,bairro,endereco,detalhe_endereco_acidente,complemento,bairro_cruzamento,sentido_via,tipo,auto,moto,ciclista,pedestre,onibus,caminhao,viatura,vitimas,vitimasfatais
3423,202327378,2023-11-17 0:00:00,12:49:00,SEM VÍTIMA,FINALIZADA,AFLITOS,RUA SAMUEL CAMPELO,,PROX A  ENTRADA DO CLUBE NAUTICO E/F AO EDF PARCK HOME,AFLITOS,,COLISÃO FRONTAL,1,0,0,0,0,0,1,0,0
3424,202327390,2023-11-17 0:00:00,2:42:00,COM VÍTIMA,FINALIZADA,SANTO AMARO,AV CRUZ CABUGA,,NA FRENTE DO SHOPPING TACARUNA E PROX AO HCP,SANTO AMARO,,COLISÃO,0,1,0,0,0,0,0,1,0
3425,202327395,2023-11-17 0:00:00,3:20:00,COM VÍTIMA,FINALIZADA,AREIAS,AV DR JOSE RUFINO,,EM FRENTE A LR SERVICE E BRINK KIDS,AREIAS,,COLISÃO LATERAL,1,1,0,0,0,0,0,2,0
3426,202327410,2023-11-17 0:00:00,5:28:00,COM VÍTIMA,FINALIZADA,MADALENA,AV VISCONDE DE ALBUQUERQUE,,MADALENA CENTER,MADALENA,,COLISÃO LATERAL,1,1,0,0,0,0,0,1,0
3427,202327411,2023-11-17 0:00:00,5:35:00,COM VÍTIMA,FINALIZADA,PAISSANDU,RUA PAISSANDU,,,PAISSANDU,,COLISÃO,1,0,0,0,0,0,0,1,0
3428,202327412,2023-11-17 0:00:00,6:19:00,COM VÍTIMA,FINALIZADA,PAISSANDU,RUA PAISSANDU,,DE FRENTE AO HOSPITAL SÃO MARCOS,PAISSANDU,,COLISÃO FRONTAL,1,1,0,0,0,0,0,1,0
3429,202327415,2023-11-17 0:00:00,6:41:00,SEM VÍTIMA,FINALIZADA,IPSEP,RUA JEAN EMILE FAVRE,,EM FRENTE A FACULDADE DE BOA VIAGEM,IPSEP,,COLISÃO FRONTAL,3,0,0,0,0,0,0,0,0
3430,202327424,2023-11-17 0:00:00,9:01:00,SEM VÍTIMA,FINALIZADA,SAO JOSE,AV SUL,,ANTIGO MOTEL CRISTAL,SAO JOSE,,COLISÃO,1,0,0,0,0,0,1,0,0
3431,202327425,2023-11-17 0:00:00,9:28:00,SEM VÍTIMA,FINALIZADA,CORDEIRO,RUA BRASILANDIA,RUA GREGORIO JUNIOR,,CORDEIRO,,COLISÃO,2,0,0,0,0,0,0,0,0
3432,202327426,2023-11-17 0:00:00,10:11:00,COM VÍTIMA,FINALIZADA,BONGI,AV ENGENHEIRO ABDIAS DE CARVALHO,,NOVO ATACAREJO,BONGI,,COLISÃO,1,1,0,0,0,0,0,1,0
3433,202327446,2023-11-18 0:00:00,7:18:00,COM VÍTIMA,FINALIZADA,SANTO AMARO,RUA DOS PALMARES,,APOS O  PROCAPE EM FRENTE AO LABORATORIO FRANCISCO JULIÃO,SANTO AMARO,,COLISÃO FRONTAL,1,1,0,0,0,0,0,2,0
3434,202327449,2023-11-18 0:00:00,7:28:00,COM VÍTIMA,FINALIZADA,IMBIRIBEIRA,AV MARECHAL MASCARENHAS DE MORAES,,"EM FRENTE A JACAUNA, AO LADO DO ASSAI",IMBIRIBEIRA,,COLISÃO,1,1,0,0,0,0,0,1,0
3435,202327454,2023-11-18 0:00:00,8:31:00,COM VÍTIMA,FINALIZADA,TAMARINEIRA,RUA CONEGO BARATA,,NO CRUZAMENTO DA AV NORTE,TAMARINEIRA,,COLISÃO,0,1,0,0,0,0,0,1,0
3436,202327473,2023-11-18 0:00:00,1:28:00,COM VÍTIMA,FINALIZADA,CORDEIRO,RUA MARAVILHA,,CAPELINHA SANTO ANTONIO,CORDEIRO,,COLISÃO LATERAL,1,1,0,0,0,0,0,1,0
3437,202327501,2023-11-18 0:00:00,7:57:00,COM VÍTIMA,CANCELADA,CAXANGA,AV CAXANGA,,PRÓXIMO AO SUPERMERCADO SOBERANO E A CASA DA TINTAS,CAXANGA,,COLISÃO,1,1,0,0,0,0,0,1,0
3438,202327502,2023-11-18 0:00:00,8:19:00,SEM VÍTIMA,CANCELADA,AREIAS,RUA CAPITAO MANUEL DE AGUIAR,,PRÓXIMO A  PRAÇA MERCIA DE ALBUQUERQUE,AREIAS,,COLISÃO TRASEIRA,2,0,0,0,0,0,0,0,0
3439,202327506,2023-11-18 0:00:00,11:37:00,COM VÍTIMA,FINALIZADA,CORDEIRO,EST DO FORTE DO ARRAIAL N. DO B. JESUS,,EM FRENTE AO ESPAÇO VIDA,CORDEIRO,,COLISÃO LATERAL,1,1,0,0,0,0,0,1,0
3440,202327507,2023-11-19 0:00:00,12:08:00,COM VÍTIMA,FINALIZADA,TORRE,RUA JOSE BONIFACIO,,PRÓXIMO AO EDELSOM CABELELEIRO,TORRE,,COLISÃO LATERAL,2,0,0,0,0,0,0,1,0
3441,202327523,2023-11-19 0:00:00,7:15:00,COM VÍTIMA,FINALIZADA,MACAXEIRA,AV NORTE MIGUEL ARRAES DE ALENCAR,,PROX. A ESCOLA NADIR COLAÇO SENT. MACAXEIRA,MACAXEIRA,,COLISÃO LATERAL,0,1,0,0,0,0,0,1,0
3442,202327528,2023-11-19 0:00:00,7:59:00,COM VÍTIMA,FINALIZADA,PASSARINHO,EST DE PASSARINHO,,TERMINAL COMPLEMENTAR/ DOIS UNIDOS,PASSARINHO,,ATROPELAMENTO DE PESSOA,0,1,0,1,0,0,0,2,0
3443,202327529,2023-11-19 0:00:00,8:01:00,COM VÍTIMA,FINALIZADA,AFOGADOS,RUA SAO MIGUEL,,EM FRENTE A IGREJA BATISTA DE AFOGADOS,AFOGADOS,,COLISÃO LATERAL,1,1,0,0,0,0,0,2,0
3444,202327538,2023-11-19 0:00:00,11:38:00,COM VÍTIMA,FINALIZADA,BOA VIAGEM,AV VINTE DE JANEIRO,,APOS A ESTAÇÃO AEROPORTO,BOA VIAGEM,,COLISÃO LATERAL,1,1,0,0,0,0,0,2,0
3445,202327557,2023-11-19 0:00:00,3:33:00,COM VÍTIMA,FINALIZADA,CAMPO GRANDE,AV. LUÍS CORRÊA DE BRITO,,DEPOIS DO MERCADO DO SITIO NOVO / EM FRENTE A BANCA DE BICHO SONHO REAL,CAMPO GRANDE,,COLISÃO,0,1,0,0,0,0,0,1,0
3446,202327559,2023-11-19 0:00:00,4:03:00,COM VÍTIMA,FINALIZADA,VASCO DA GAMA,RUA GRIJALVA COSTA,,EM FRENTE A UPINHA DOM HELDER CAMERA,VASCO DA GAMA,,COLISÃO,0,1,0,0,0,0,0,1,0
3447,202327561,2023-11-19 0:00:00,4:52:00,COM VÍTIMA,FINALIZADA,NOVA DESCOBERTA,RUA NOVA DESCOBERTA,,PROX AO BUTECO TOP / EM FRENTE A IGREJA UNIVERSAL,NOVA DESCOBERTA,,COLISÃO,0,1,0,0,1,0,0,1,0
3448,202327570,2023-11-19 0:00:00,5:48:00,COM VÍTIMA,FINALIZADA,BARRO,RUA POETA APRENDIZ,,PROX AO MERCADINHO BOA OPÇÃO,BARRO,,COLISÃO,0,1,0,0,0,0,0,1,0
3449,202327575,2023-11-19 0:00:00,7:27:00,COM VÍTIMA,FINALIZADA,IBURA,AV JORNALISTA COSTA PORTO,,EM FRENTE A COMPESA,IBURA,,COLISÃO FRONTAL,0,3,0,0,0,0,0,2,0
3450,202327595,2023-11-20 0:00:00,6:42:00,COM VÍTIMA,FINALIZADA,SAO JOSE,AV SUL,,EM FRENTE A MINEIRO RODAS,SAO JOSE,,QUEDA,0,1,0,0,0,0,0,1,0
3451,202327600,2023-11-20 0:00:00,7:23:00,COM VÍTIMA,FINALIZADA,PRADO,AV ENGENHEIRO ABDIAS DE CARVALHO,,PROX A FARMACIA PAGUE MENOS SENTIDO ILHA DO RETIRO,PRADO,,COLISÃO,0,1,0,0,0,0,0,1,0
3452,202327603,2023-11-20 0:00:00,7:35:00,SEM VÍTIMA,FINALIZADA,TORROES,AV ENGENHEIRO ABDIAS DE CARVALHO,,"APOS O POSTO SHELL, SENT. CIDADE",TORROES,,COLISÃO TRASEIRA,0,1,0,0,0,0,1,0,0
3453,202327604,2023-11-20 0:00:00,7:48:00,COM VÍTIMA,FINALIZADA,CORDEIRO,AV INACIO MONTEIRO,,"EM FRENTE AO COLEGIO ALBERT SABIN, PROX. A CONCESSIONARIA BOX CAR",CORDEIRO,,COLISÃO LATERAL,1,1,0,0,0,0,0,1,0
3454,202327609,2023-11-20 0:00:00,8:06:00,COM VÍTIMA,FINALIZADA,CAMPO GRANDE,AV CORREIA DE BRITO,,NA FRENTE DO POSTO DE GASOLINA SANTA MARIA,CAMPO GRANDE,,COLISÃO,0,1,0,0,0,1,0,1,0
3455,202327635,2023-11-20 0:00:00,10:55:00,COM VÍTIMA,FINALIZADA,ILHA JOANA BEZERRA,AV BEIRA RIO,,AO LADO DO FÓRUM DE JOANA BEZERRA,ILHA JOANA BEZERRA,,ATROPELAMENTO DE PESSOA,0,1,0,1,0,0,0,1,0
3456,202327636,2023-11-20 0:00:00,11:00:00,COM VÍTIMA,FINALIZADA,VASCO DA GAMA,RUA PLANALTO,,"NO ALTO NOSSA SENHORA DE FATIMA, PROX. A RUA DOIS",VASCO DA GAMA,,COLISÃO LATERAL,0,1,0,0,0,0,0,1,0
3457,202327642,2023-11-20 0:00:00,11:51:00,COM VÍTIMA,FINALIZADA,CORDEIRO,RUA MARIA QUITERIA,,PROX AO RECIFE AUTO E PARQUE DA EXPOSIÇÃO DE ANIMAIS,CORDEIRO,,COLISÃO,0,1,0,0,0,0,0,1,0
3458,202327644,2023-11-20 0:00:00,11:57:00,COM VÍTIMA,FINALIZADA,ESTANCIA,AV RECIFE,,EM FRENTE AO ATACADÃO DA AV RECIFE,ESTANCIA,,COLISÃO,0,1,0,0,0,0,0,1,0
3459,202327645,2023-11-20 0:00:00,12:03:00,COM VÍTIMA,FINALIZADA,TORRE,RUA ZILDA S DE SANTANA,,PROX AO CAMPO DO BUERÃO / PROX A PRAÇA DA TORRE,TORRE,,ATROPELAMENTO DE PESSOA,1,0,0,1,0,0,0,1,0
3460,202327652,2023-11-20 0:00:00,1:49:00,COM VÍTIMA,FINALIZADA,DERBY,AV GOVERNADOR AGAMENON MAGALHAES,,PROXIMO A FARMACIA PAGUE MENOS,DERBY,,COLISÃO TRASEIRA,1,1,0,0,0,0,0,1,0
3461,202327653,2023-11-20 0:00:00,1:54:00,COM VÍTIMA,CANCELADA,VARZEA,RUA GENERAL POLIDORO,,MERCADINHO BARATEIRO / FARMACIA ESPERANÇA,VARZEA,,COLISÃO LATERAL,1,1,0,0,0,0,0,1,0
3462,202327656,2023-11-20 0:00:00,2:57:00,COM VÍTIMA,FINALIZADA,SANTO AMARO,AV GOVERNADOR AGAMENON MAGALHAES,,SHOPPING TACARUNA,SANTO AMARO,,COLISÃO LATERAL,0,1,0,0,0,0,0,1,0
3463,202327660,2023-11-20 0:00:00,3:35:00,COM VÍTIMA,FINALIZADA,JOANA BEZERRA,AV BEIRA RIO,,AO LADO DO FORUM /  PROXIMO A AACD,JOANA BEZERRA,,COLISÃO TRASEIRA,1,1,0,0,0,0,0,2,0
3464,202327668,2023-11-20 0:00:00,5:32:00,COM VÍTIMA,FINALIZADA,FUNDAO,AV BEBERIBE,,EM FRENTE A PADARIA SUBLIME PÃO,FUNDAO,,COLISÃO LATERAL,1,1,0,0,0,0,0,1,0
3465,202327672,2023-11-20 0:00:00,6:33:00,COM VÍTIMA,FINALIZADA,SANCHO,RUA APRIGIO GUIMARAES,,HOSPITAL OTÁVIO DE FREITAS,SANCHO,,COLISÃO LATERAL,1,1,0,0,0,0,0,1,0
3466,202327682,2023-11-20 0:00:00,8:25:00,COM VÍTIMA,CANCELADA,PINA,RUA TOME GIBSON,,PRÓXIMO A PADARIA MIRAMAR,PINA,,COLISÃO LATERAL,1,1,0,0,0,0,0,1,0
3467,202327701,2023-11-21 0:00:00,7:10:00,COM VÍTIMA,FINALIZADA,BONGI,AV ENGENHEIRO ABDIAS DE CARVALHO,,EM FRENTE AO COMPAZ E CHESF,BONGI,,COLISÃO,0,1,0,0,0,0,0,1,0
3468,202327704,2023-11-21 0:00:00,7:24:00,COM VÍTIMA,FINALIZADA,ILHA DO RETIRO,AV ENGENHEIRO ABDIAS DE CARVALHO,,EM FRENTE AO POSTO SHELL,ILHA DO RETIRO,,COLISÃO,1,1,0,0,0,0,0,1,0
3469,202327712,2023-11-21 0:00:00,8:43:00,COM VÍTIMA,FINALIZADA,BONGI,AV CONSUL VILARES FRAGOSO,,PROX A CAVALERIA / PROX A SECRETARIA ESTADUAL DE SAUDE,BONGI,,COLISÃO,0,1,0,0,0,0,0,1,0
3470,202327715,2023-11-21 0:00:00,9:30:00,COM VÍTIMA,FINALIZADA,ESPINHEIRO,RUA CONS PORTELA,,EM FRENTE AO CREMEPE,ESPINHEIRO,,COLISÃO TRASEIRA,1,1,0,0,0,0,0,1,0
3471,202327718,2023-11-21 0:00:00,9:47:00,COM VÍTIMA,FINALIZADA,SANTO ANTONIO,RUA FLORIANO PEIXOTO,,PROX A CASA DA CULTURA  E DA HONDA MOTO,SANTO ANTONIO,,COLISÃO,0,1,0,0,0,0,0,1,0
3472,202327722,2023-11-21 0:00:00,10:24:00,COM VÍTIMA,FINALIZADA,IPUTINGA,RUA MINISTRO JOAO ALBERTO,,AO LADO DO SUPERMERCADO  ATACADÃO,IPUTINGA,,COLISÃO,0,1,0,0,0,0,0,1,0
3473,202327725,2023-11-21 0:00:00,10:45:00,COM VÍTIMA,FINALIZADA,IMBIRIBEIRA,AV MARECHAL MASCARENHAS DE MORAES,,LADO OPOSTO DA FLPOR E ART / SENTIDO PRAZERES,IMBIRIBEIRA,,COLISÃO,0,1,0,0,0,0,0,1,0
3474,202327726,2023-11-21 0:00:00,10:52:00,COM VÍTIMA,DUPLICIDADE,ESPINHEIRO,RUA CONS PORTELA,,EM FRENTE AO POSTO PETRONAC,ESPINHEIRO,,COLISÃO LATERAL,0,1,0,0,0,0,0,1,0
3475,202327728,2023-11-21 0:00:00,11:25:00,COM VÍTIMA,FINALIZADA,CABANGA,VIADUTO CAPITAO TEMUDO,,SENTIDO PINA / VIADUTO CAPITÃO TEMUDO,CABANGA,,COLISÃO,0,1,0,0,0,0,0,1,0
3476,202327729,2023-11-21 0:00:00,11:37:00,COM VÍTIMA,FINALIZADA,BOA VIAGEM,AV MARECHAL JUAREZ TAVORA,,EM FRENTE A FERREIRA PINTO NA BEIRA CANAL,BOA VIAGEM,,COLISÃO LATERAL,0,1,0,0,0,0,0,1,0
3477,202327730,2023-11-21 0:00:00,11:53:00,COM VÍTIMA,FINALIZADA,NOVA DESCOBERTA,RUA CORREGO DO JOAQUIM,,PROX AO TERMINAL DO CORREGO DO JOAQUIM / IGREJA  ASSEMBLEIA DE DEUS,NOVA DESCOBERTA,,COLISÃO,0,1,0,0,0,0,0,1,0
3478,202327732,2023-11-21 0:00:00,12:06:00,COM VÍTIMA,FINALIZADA,CASA AMARELA,AV NORTE MIGUEL ARRAES DE ALENCAR,,EM FRENTE A IGREJA DO AMOR / PROX A HONDA MOTOS,CASA AMARELA,,COLISÃO,0,1,0,0,0,0,0,1,0
3479,202327737,2023-11-21 0:00:00,1:15:00,COM VÍTIMA,FINALIZADA,MADALENA,RUA JOSE BONIFACIO,RUA DEMOSTENES DE OLINDA,,MADALENA,,COLISÃO,0,0,0,0,0,0,0,1,0
3480,202327739,2023-11-21 0:00:00,1:19:00,COM VÍTIMA,FINALIZADA,CAXANGA,AV CAXANGA,,PROXIMO A UPA DA CAXANGA,CAXANGA,,COLISÃO,0,1,0,0,0,0,0,1,0
3481,202327749,2023-11-21 0:00:00,2:36:00,COM VÍTIMA,FINALIZADA,VASCO DA GAMA,AV NORTE MIGUEL ARRAES DE ALENCAR,,E/F AO SESI  S/T SUB,VASCO DA GAMA,,COLISÃO LATERAL,1,1,0,0,0,0,0,1,0
3482,202327751,2023-11-21 0:00:00,2:47:00,COM VÍTIMA,FINALIZADA,IMBIRIBEIRA,AV MARECHAL MASCARENHAS DE MORAES,,E/F  JAC  MOTORS RECIFE S/T A FOGADOS,IMBIRIBEIRA,,COLISÃO TRASEIRA,1,1,0,0,0,0,0,1,0
3483,202327758,2023-11-21 0:00:00,4:08:00,COM VÍTIMA,FINALIZADA,AGUA FRIA,RUA SAO SEBASTIAO,,POR TRÁS DA IGREJA UNIVERSAL,AGUA FRIA,,COLISÃO LATERAL,2,1,0,0,0,0,0,1,0
3484,202327762,2023-11-21 0:00:00,4:55:00,COM VÍTIMA,FINALIZADA,BARRO,RUA AMADOR ARAUJO,,PROX AO MEGA RAÇOES,BARRO,,COLISÃO FRONTAL,1,1,0,0,0,0,0,1,0
3485,202327765,2023-11-21 0:00:00,6:08:00,COM VÍTIMA,FINALIZADA,ESTANCIA,AV RECIFE,,MESTRE DAS BATERIAS,ESTANCIA,,COLISÃO LATERAL,1,1,0,0,0,0,0,2,0
3486,202327766,2023-11-21 0:00:00,6:10:00,COM VÍTIMA,FINALIZADA,SAO JOSE,AV SUL,,PROXIMO AO HOTEL LUA DE MEL,SAO JOSE,,COLISÃO FRONTAL,0,0,1,0,1,0,0,1,0
3487,202327771,2023-11-21 0:00:00,7:35:00,COM VÍTIMA,FINALIZADA,ARRUDA,AV BEBERIBE,RUA DO TRIUNFO,PRÓX. O CANAL DA CONTRUÇÃO,ARRUDA,,COLISÃO,1,1,0,0,0,0,0,1,0
3488,202327786,2023-11-22 0:00:00,7:11:00,COM VÍTIMA,FINALIZADA,BOA VIAGEM,AVENIDA CELSO FURTADO (VIA MANGUE),,ACESSO  VIADUTO DOM JOAO VI,BOA VIAGEM,,COLISÃO LATERAL,1,1,0,0,0,0,0,1,0
3489,202327790,2023-11-22 0:00:00,7:25:00,COM VÍTIMA,FINALIZADA,SANTO AMARO,AV CRUZ CABUGA,,EM FRENTE AO ARMAZEM CORAL / SENTIDO RECIFE,SANTO AMARO,,COLISÃO,0,2,0,0,0,0,0,1,0
3490,202327791,2023-11-22 0:00:00,7:27:00,SEM VÍTIMA,FINALIZADA,BOA VIAGEM,AV ENGENHEIRO DOMINGOS FERREIRA,,PROX A FARMÁCIA DROGASIL,BOA VIAGEM,,COLISÃO,0,0,0,0,0,0,0,0,0
3491,202327796,2023-11-22 0:00:00,8:29:00,COM VÍTIMA,FINALIZADA,VARZEA,AV PROFESSOR ARTUR DE SA,,EM FRENTE DA ENTRADA DA EMERGENCIA DO HOSPITAL DAS CLINICAS,VARZEA,,COLISÃO,1,1,0,0,0,0,0,1,0
3492,202327803,2023-11-22 0:00:00,8:52:00,COM VÍTIMA,FINALIZADA,MANGABEIRA,AV NORTE MIGUEL ARRAES DE ALENCAR,,SEMAFORO 096,MANGABEIRA,,COLISÃO LATERAL,1,1,0,0,0,0,0,2,0
3493,202327807,2023-11-22 0:00:00,9:00:00,COM VÍTIMA,FINALIZADA,AGUA FRIA,RUA ALEGRE,,PROX AO MERCADO DO OLEO E O PET ALEGRE,AGUA FRIA,,COLISÃO,0,1,0,0,0,0,0,1,0
3494,202327812,2023-11-22 0:00:00,9:10:00,COM VÍTIMA,FINALIZADA,NOVA DESCOBERTA,RUA NOVA DESCOBERTA,,PROX AO ATACAREJO,NOVA DESCOBERTA,,COLISÃO LATERAL,0,2,0,0,0,0,0,1,0
3495,202327815,2023-11-22 0:00:00,9:34:00,COM VÍTIMA,FINALIZADA,AFOGADOS,RUA SAO MIGUEL,,APOS O BODE DO NO // QUARTEL,AFOGADOS,,COLISÃO LATERAL,0,1,0,0,0,0,0,1,0
3496,202327821,2023-11-22 0:00:00,10:09:00,COM VÍTIMA,FINALIZADA,BEBERIBE,AV BEBERIBE,,NA PRAÇA DA CONVENÇÃO /  NA ESQUINA DO POSTO DE GASOLINA BR,BEBERIBE,,COLISÃO,0,1,0,0,0,0,0,1,0
3497,202327822,2023-11-22 0:00:00,10:31:00,COM VÍTIMA,FINALIZADA,JARDIM SAO PAULO,AV RECIFE,,,JARDIM SAO PAULO,,COLISÃO,0,0,0,0,0,0,0,1,0
3498,202327825,2023-11-22 0:00:00,10:44:00,COM VÍTIMA,FINALIZADA,IMBIRIBEIRA,AV MARECHAL MASCARENHAS DE MORAES,,"EM FRENTE A MADER CENTER, SENT. AEROPORTO",IMBIRIBEIRA,,COLISÃO LATERAL,1,1,0,0,0,0,0,2,0
3499,202327859,2023-11-22 0:00:00,4:18:00,COM VÍTIMA,FINALIZADA,IPUTINGA,AV CAXANGA,,"EM BAIXO DO VIADUTO, PROX AO POSTO BR",IPUTINGA,,COLISÃO TRASEIRA,0,2,0,0,0,0,0,1,0
3500,202327861,2023-11-22 0:00:00,4:56:00,COM VÍTIMA,FINALIZADA,CORDEIRO,RUA GOMES TABORDA,,EM FRENTE AO SUPERMERCADO IDEAL MIX ATACAREJO,CORDEIRO,,COLISÃO TRASEIRA,0,2,0,0,0,0,0,2,0
3501,202327881,2023-11-22 0:00:00,7:32:00,COM VÍTIMA,CANCELADA,AFOGADOS,RUA PADRE TEOFILO TWORZ,,E/F LOJA TUPAN,AFOGADOS,,COLISÃO,0,1,0,0,0,0,0,1,0
3502,202327885,2023-11-22 0:00:00,8:10:00,COM VÍTIMA,CANCELADA,BOA VIAGEM,RUA ERNESTO DE PAULA SANTOS,,PRÓXIMO A LOJA IPUTINGA PRIME,BOA VIAGEM,,COLISÃO,1,1,0,0,0,0,0,1,0
3503,202327886,2023-11-22 0:00:00,8:53:00,COM VÍTIMA,FINALIZADA,CAXANGA,AV CAXANGA,,E/F À AUTO ESCOLA PILOTO E SUPERMERCADO EXTRA - SENTIDO CAMARAGIBE,CAXANGA,,COLISÃO,0,1,0,0,0,0,0,1,0
3504,202327887,2023-11-22 0:00:00,9:23:00,COM VÍTIMA,FINALIZADA,LINHA DO TIRO,RUA MAMEDE COELHO,,PROX. DA ESCOLA MOSENHOR VIANA,LINHA DO TIRO,,COLISÃO FRONTAL,0,1,0,0,0,0,1,2,0
3505,202327888,2023-11-22 0:00:00,9:25:00,COM VÍTIMA,FINALIZADA,PINA,AV ANTONIO DE GOES,,E/F AO EMPRESARIAL JCPM - PISTA NORTE,PINA,,ATROPELAMENTO DE PESSOA,1,0,0,1,0,0,0,1,0
3506,202327891,2023-11-22 0:00:00,11:09:00,SEM VÍTIMA,CANCELADA,BOA VIAGEM,AV DES JOSE NEVES,,"PROX. AO TUNEL, NO SENTIDO CIDADE",BOA VIAGEM,CIDADE,COLISÃO TRASEIRA,1,1,0,0,0,0,0,0,0
3507,202327899,2023-11-23 0:00:00,6:10:00,COM VÍTIMA,FINALIZADA,CAXANGA,AV CAXANGA,,NO SINAL ANTES DA UPA DA CAXANGA,CAXANGA,CIDADE,COLISÃO,0,1,0,0,0,1,0,1,0
3508,202327905,2023-11-23 0:00:00,6:58:00,COM VÍTIMA,FINALIZADA,DOIS IRMAOS,RUA MANUEL DE MEDEIROS,,AO LADO DA UNIVERSIDADE FEDERAL,DOIS IRMAOS,,COLISÃO LATERAL,0,1,0,0,0,0,0,1,0
3509,202327906,2023-11-23 0:00:00,7:05:00,COM VÍTIMA,FINALIZADA,ALTO JOSE DO PINHO,COR DO BARTOLOMEU,,EM FRENTE A PANIFICADORA SAO BARTOLOMEU,ALTO JOSE DO PINHO,,ATROPELAMENTO DE PESSOA,0,0,0,1,0,1,0,1,0
3510,202327911,2023-11-23 0:00:00,7:25:00,COM VÍTIMA,FINALIZADA,VARZEA,AV BARAO DE BONITO,,AO LALDO DO ATACAREJO HIPERBEM,VARZEA,,COLISÃO FRONTAL,2,0,0,0,0,0,0,1,0
3511,202327917,2023-11-23 0:00:00,8:08:00,COM VÍTIMA,FINALIZADA,TORRE,RUA CONDE DE IRAJA,,PROX. A IGREJA CATOLICA DA TORRE,TORRE,,COLISÃO LATERAL,1,1,0,0,0,0,0,1,0
3512,202327924,2023-11-23 0:00:00,9:16:00,SEM VÍTIMA,CANCELADA,BOA VISTA,RUA DO HOSPICIO,,SINISTRO,BOA VISTA,CIDADE,COLISÃO,0,0,0,0,0,0,1,0,0
3513,202327932,2023-11-23 0:00:00,9:55:00,COM VÍTIMA,FINALIZADA,SANTO ANTONIO,RUA IMPERADOR PEDRO SEGUNDO,,EM FRENTE AO FORUM / DEPOIS DO CAIS DE SANTA RITA,SANTO ANTONIO,,COLISÃO,0,1,0,0,0,0,0,1,0
3514,202327951,2023-11-23 0:00:00,12:50:00,COM VÍTIMA,FINALIZADA,AREIAS,AV RECIFE,,,AREIAS,,COLISÃO TRASEIRA,1,1,0,0,0,0,0,1,0
3515,202327961,2023-11-23 0:00:00,2:28:00,SEM VÍTIMA,FINALIZADA,TORROES,AV ENGENHEIRO ABDIAS DE CARVALHO,,E/F AO SEMAFARO 132  [VT 06 NO LOCAL ],TORROES,,COLISÃO FRONTAL,3,0,0,0,0,0,0,0,0
3516,202327967,2023-11-23 0:00:00,3:51:00,SEM VÍTIMA,FINALIZADA,SANTO ANTONIO,AV MARTINS DE BARROS,RUA NOSSA SRA DO CARMO,SOB O SEMÁFORO DE Nº 204,SANTO ANTONIO,CIDADE,COLISÃO LATERAL,1,1,0,0,0,0,0,0,0
3517,202327969,2023-11-23 0:00:00,4:05:00,COM VÍTIMA,FINALIZADA,SANTO AMARO,AV CRUZ CABUGA,RUA VINTE E QUATRO DE AGOSTO,SINISTRO,SANTO AMARO,CIDADE,,1,1,0,0,0,0,0,1,0
3518,202327986,2023-11-23 0:00:00,6:18:00,COM VÍTIMA,FINALIZADA,BOA VISTA,AV VISCONDE DE SUASSUNA,RUA DO HOSPICIO,SINISTRO NO LOCAL,BOA VISTA,CIDADE,COLISÃO TRANSVERSAL,1,0,0,0,0,0,0,1,0
3519,202327990,2023-11-23 0:00:00,7:30:00,COM VÍTIMA,CANCELADA,VARZEA,RUA BARAO DE COTEGIPE,,AO LADO DA INTEGRAÇÃO DE COSME DAMIÃO,VARZEA,,COLISÃO,0,2,0,0,0,0,0,3,0
3520,202327998,2023-11-23 0:00:00,10:15:00,COM VÍTIMA,FINALIZADA,IMBIRIBEIRA,AV MARECHAL MASCARENHAS DE MORAES,,APÓS O GERALDÃO,IMBIRIBEIRA,CIDADE,COLISÃO,1,1,0,0,0,0,0,2,0
3521,202328009,2023-11-24 0:00:00,6:36:00,COM VÍTIMA,FINALIZADA,SAO JOSE,C SANTA RITA,,EM FRENTE A TORRE GEMEAS,SAO JOSE,,COLISÃO,1,1,0,0,0,0,0,1,0
3522,202328015,2023-11-24 0:00:00,7:35:00,COM VÍTIMA,FINALIZADA,SAO JOSE,C SANTA RITA,,AO LADO DA INTEGRAÇÃO DO CAIS,SAO JOSE,,ATROPELAMENTO DE PESSOA,0,1,0,1,0,0,0,1,0
3523,202328017,2023-11-24 0:00:00,7:50:00,COM VÍTIMA,FINALIZADA,CAXANGA,AV CAXANGA,,"PROX. A UPA, SENT. CIDADE EM CIMA DO VIADUTO",CAXANGA,,COLISÃO LATERAL,0,1,0,0,0,0,0,1,0
3524,202328025,2023-11-24 0:00:00,9:07:00,COM VÍTIMA,FINALIZADA,TAMARINEIRA,AV NORTE MIGUEL ARRAES DE ALENCAR,RUA CONEGO BARATA,CRUZAMENTO COM A CONEGO BARATA,TAMARINEIRA,,COLISÃO,0,1,0,0,0,0,0,1,0
3525,202328026,2023-11-24 0:00:00,9:18:00,COM VÍTIMA,FINALIZADA,SANTO ANTONIO,AV DANTAS BARRETO,RUA NOSSA SRA DO CARMO,,SANTO ANTONIO,,COLISÃO,0,0,0,0,0,0,0,1,0