_id,Protocolo,data,hora,natureza,situacao,bairro,endereco,detalhe_endereco_acidente,complemento,bairro_cruzamento,sentido_via,tipo,auto,moto,ciclista,pedestre,onibus,caminhao,viatura,vitimas,vitimasfatais
3526,202328047,2023-11-24 0:00:00,10:58:00,COM VÍTIMA,FINALIZADA,BOA VIAGEM,AV CONSELHEIRO AGUIAR,,PROX AO BANCO SANTANDER E O CAFÉ SÃO BRAZ,BOA VIAGEM,,COLISÃO,2,0,0,0,0,0,0,1,0
3527,202328048,2023-11-24 0:00:00,11:27:00,COM VÍTIMA,FINALIZADA,AFOGADOS,RUA CORONEL ALFREDO DUARTE,,EM FRENTE A  B1 VIGILANCIA,AFOGADOS,,COLISÃO,1,1,0,0,0,0,0,1,0
3528,202328050,2023-11-24 0:00:00,11:34:00,COM VÍTIMA,FINALIZADA,IMBIRIBEIRA,AV MARECHAL MASCARENHAS DE MORAES,,EM FRENTE AO SHOPPING DO AUTOMOVEL E PROX A TUPAN / SENTIDO CIDADE,IMBIRIBEIRA,,COLISÃO,0,1,0,0,0,0,0,1,0
3529,202328063,2023-11-24 0:00:00,3:02:00,SEM VÍTIMA,FINALIZADA,DERBY,RUA JORNALISTA PAULO BITTENCOURT,,EM FRENTE A  DROGASIL,DERBY,CIDADE,COLISÃO TRANSVERSAL,1,0,0,0,0,0,1,0,0
3530,202328074,2023-11-24 0:00:00,4:37:00,COM VÍTIMA,FINALIZADA,ENCRUZILHADA,AV NORTE MIGUEL ARRAES DE ALENCAR,,E/F A BOSCH SERVICE  S/T SUB,ENCRUZILHADA,,ATROPELAMENTO DE PESSOA,0,1,0,1,0,0,0,1,0
3531,202328076,2023-11-24 0:00:00,4:58:00,SEM VÍTIMA,FINALIZADA,IPSEP,RUA RIO IPOJUCA,,EM FRENTE A ESCOLA CASINHA DO SABER,IPSEP,,COLISÃO LATERAL,0,2,0,0,0,0,0,0,0
3532,202328084,2023-11-24 0:00:00,5:25:00,COM VÍTIMA,FINALIZADA,IPUTINGA,AV MAURICIO DE NASSAU,,ESQUINA DA DROGASIL,IPUTINGA,,COLISÃO LATERAL,1,1,0,0,0,0,0,1,0
3533,202328086,2023-11-24 0:00:00,6:00:00,COM VÍTIMA,FINALIZADA,AFLITOS,AV CONS ROSA E SILVA,,PADARIA COM PÃO,AFLITOS,,COLISÃO FRONTAL,1,1,0,0,0,0,0,1,0
3534,202328098,2023-11-24 0:00:00,6:52:00,COM VÍTIMA,FINALIZADA,CAMPO GRANDE,RUA JERONIMO VILELA,,DROGASIL,CAMPO GRANDE,,COLISÃO FRONTAL,1,1,0,0,0,0,0,1,0
3535,202328099,2023-11-24 0:00:00,6:54:00,COM VÍTIMA,CANCELADA,ESPINHEIRO,RUA MARQUES DO PARANA,,E/F AO LAVA JATO E OFICINA DOS RADIADORS,ESPINHEIRO,,COLISÃO FRONTAL,0,1,0,0,0,0,0,1,0
3536,202328100,2023-11-24 0:00:00,6:59:00,COM VÍTIMA,CANCELADA,AFLITOS,AV CONS ROSA E SILVA,,E/F A SELFT,AFLITOS,,COLISÃO FRONTAL,0,1,0,0,0,0,0,1,0
3537,202328102,2023-11-24 0:00:00,7:54:00,COM VÍTIMA,CANCELADA,TORROES,AV ENGENHEIRO ABDIAS DE CARVALHO,,PRÓXIMO À LOJA DLP - SENTIDO CURADO,TORROES,,COLISÃO,1,1,0,0,0,0,0,1,0
3538,202328106,2023-11-24 0:00:00,9:25:00,COM VÍTIMA,CANCELADA,IMBIRIBEIRA,RUA ARQUITETO LUIZ NUNES,,COM AV PINHIEROS,IMBIRIBEIRA,,COLISÃO LATERAL,1,1,0,0,0,0,0,1,0
3539,202328109,2023-11-24 0:00:00,10:50:00,SEM VÍTIMA,FINALIZADA,ILHA DO RETIRO,AV BEIRA RIO,,EM FRENTE AO EDIFÍCIO SAINT GABRIEL,ILHA DO RETIRO,CIDADE,CHOQUE,1,0,0,0,0,0,0,0,0
3540,202328110,2023-11-24 0:00:00,11:20:00,COM VÍTIMA,FINALIZADA,ROSARINHO,AV NORTE MIGUEL ARRAES DE ALENCAR,,E/F À PADARIA ROSARINHO,ROSARINHO,SUBURBIO,COLISÃO TRANSVERSAL,0,2,0,0,0,0,0,1,0
3541,202328134,2023-11-25 0:00:00,7:52:00,COM VÍTIMA,FINALIZADA,SANTO AMARO,RUA ALVARES DE AZEVEDO,RUA DOS PALMARES,EM FRENTE AO PROCAPE E LABORATORIO DE SAUDE,SANTO AMARO,,COLISÃO COM CICLISTA,1,0,1,0,0,0,0,1,0
3542,202328139,2023-11-25 0:00:00,8:14:00,COM VÍTIMA,FINALIZADA,SANTO AMARO,AV GOVERNADOR AGAMENON MAGALHAES,,NA SUBIDA DO VIADUTO DA AV. JOAO DE BARROS SENT. RECIFE PROX. A UPE,SANTO AMARO,,COLISÃO TRASEIRA,1,1,0,0,0,0,0,1,0
3543,202328143,2023-11-25 0:00:00,9:08:00,COM VÍTIMA,FINALIZADA,IPSEP,AV RECIFE,,EM FRENTE AO CARREFOUR E CONJUNTO IGNEZ ANDREAZZA,IPSEP,,COLISÃO LATERAL,0,1,0,0,0,0,0,1,0
3544,202328146,2023-11-25 0:00:00,9:35:00,COM VÍTIMA,FINALIZADA,GRACAS,RUA BRUNO MAIA,RUA DO CUPIM,PROX. AO RESTAURANTE ATLANTICO,GRACAS,,COLISÃO FRONTAL,1,1,0,0,0,0,0,1,0
3545,202328149,2023-11-25 0:00:00,9:55:00,COM VÍTIMA,FINALIZADA,CAXANGA,RUA RIBEIRO PESSOA,,EM FRENTE A UPA,CAXANGA,,COLISÃO LATERAL,1,1,0,0,0,0,0,1,0
3546,202328163,2023-11-25 0:00:00,12:04:00,SEM VÍTIMA,FINALIZADA,BOA VIAGEM,AVENIDA CELSO FURTADO (VIA MANGUE),,,BOA VIAGEM,,CHOQUE,1,0,0,0,0,0,0,0,0
3547,202328165,2023-11-25 0:00:00,1:07:00,COM VÍTIMA,FINALIZADA,IBURA,RUA RIBEIRAO VERMELHO,RUA RIBEIRAO DAS NEVES,APOS O TERMINAL DO SESI SEGUNDA RUA A DIREITA,IBURA,,COLISÃO LATERAL,1,1,0,0,0,0,0,1,0
3548,202328166,2023-11-25 0:00:00,1:17:00,SEM VÍTIMA,FINALIZADA,ARRUDA,RUA DAS MOCAS,,PIZZARIA ATLANTICA,ARRUDA,SUBURBIO,,0,0,0,0,1,0,2,0,0
3549,202328187,2023-11-25 0:00:00,5:34:00,COM VÍTIMA,FINALIZADA,BEBERIBE,EST VELHA DE AGUA FRIA,,MARTELINHO DE OURO //// DNOC,BEBERIBE,,COLISÃO TRASEIRA,2,0,0,0,0,0,0,1,0
3550,202328188,2023-11-25 0:00:00,5:36:00,COM VÍTIMA,FINALIZADA,SAN MARTIN,RUA VINTE E UM DE ABRIL,,ANTES DO GIRADOURO DE SAN MARTIN E/F AO ARMAZEM CASA NOVA,SAN MARTIN,,COLISÃO LATERAL,2,1,0,0,0,0,0,1,0
3551,202328194,2023-11-25 0:00:00,7:27:00,COM VÍTIMA,FINALIZADA,BOA VIAGEM,RUA JOAO CARDOSO AIRES,RUA CAMBOIM,,BOA VIAGEM,,COLISÃO,1,1,0,0,0,0,0,1,0
3552,202328197,2023-11-25 0:00:00,8:56:00,SEM VÍTIMA,FINALIZADA,MADALENA,RUA JOSE OSORIO,,EM FRENTE A SORVETERIA JONES,MADALENA,,COLISÃO,2,0,0,0,0,0,0,0,0
3553,202328205,2023-11-25 0:00:00,11:05:00,SEM VÍTIMA,FINALIZADA,CORDEIRO,AV INACIO MONTEIRO,,EM FRENTE A ESTER EVENTOS,CORDEIRO,,COLISÃO,2,0,0,0,0,0,0,0,0
3554,202328214,2023-11-26 0:00:00,5:09:00,COM VÍTIMA,FINALIZADA,SAO JOSE,RUA IMPERIAL,,EM FRENTE A PRODUTOS CIDERÚRGICOS,SAO JOSE,,COLISÃO,0,1,0,0,1,0,0,1,0
3555,202328219,2023-11-26 0:00:00,6:34:00,COM VÍTIMA,FINALIZADA,IBURA,AV RECIFE,,EM FRENTE A HONDA MARAVILHA,IBURA,,COLISÃO,2,0,0,0,0,0,0,1,0
3556,202328231,2023-11-26 0:00:00,8:30:00,COM VÍTIMA,FINALIZADA,ENGENHO DO MEIO,RUA ANTONIO CURADO,,PROX AO BAR DO CU,ENGENHO DO MEIO,,COLISÃO TRANSVERSAL,1,1,0,0,0,0,0,1,0
3557,202328266,2023-11-26 0:00:00,4:37:00,COM VÍTIMA,FINALIZADA,CORDEIRO,RUA DR MIGUEL VIEIRA FERREIRA,,EDF. OCEANO,CORDEIRO,,COLISÃO LATERAL,1,1,0,0,0,0,0,1,0
3558,202328290,2023-11-26 0:00:00,7:43:00,COM VÍTIMA,FINALIZADA,ROSARINHO,RUA COUTO MAGALHAES,,PROX. AO SUPER BOM PREÇO,ROSARINHO,,COLISÃO FRONTAL,1,1,0,0,0,0,0,1,0
3559,202328294,2023-11-27 0:00:00,5:02:00,COM VÍTIMA,FINALIZADA,BOA VISTA,AV GOVERNADOR AGAMENON MAGALHAES,,PROX. AO BOMPREÇO,BOA VISTA,,ATROPELAMENTO DE PESSOA,0,0,0,1,1,0,0,1,0
3560,202328297,2023-11-27 0:00:00,6:20:00,SEM VÍTIMA,FINALIZADA,PINA,AV ENGENHEIRO DOMINGOS FERREIRA,,EM FRENTE A AUTONUNES CHEVROLET,PINA,SUBURBIO,CHOQUE,0,0,0,0,1,0,0,0,0
3561,202328305,2023-11-27 0:00:00,6:43:00,COM VÍTIMA,FINALIZADA,ALTO JOSE BONIFACIO,RUA ALTO JOSE BONIFACIO,,"PROX. A QUADRA DO ALTO JOSE BONIFACIO, LADEIRA DO BOI",ALTO JOSE BONIFACIO,,COLISÃO LATERAL,0,1,0,0,0,0,0,1,0
3562,202328306,2023-11-27 0:00:00,6:57:00,COM VÍTIMA,FINALIZADA,AGUA FRIA,AV BEBERIBE,,PROX. AO CANAL DA CONSTRUÇÃO E CANAL DO ARRUDA,AGUA FRIA,,COLISÃO LATERAL,0,1,0,0,0,0,0,1,0
3563,202328311,2023-11-27 0:00:00,7:15:00,COM VÍTIMA,FINALIZADA,BOA VIAGEM,RUA WALDEMAR NERY CARNEIRO MONTEIRO,,PROX. AO ESPAÇO DA CRIANÇA,BOA VIAGEM,,COLISÃO LATERAL,0,1,0,0,0,0,0,1,0
3564,202328317,2023-11-27 0:00:00,7:49:00,COM VÍTIMA,FINALIZADA,BEBERIBE,AV BEBERIBE,,"EM FRENTE AO COLEGIO PEDRO CELSO, PROX. A PRAÇA DE BEBERIBE",BEBERIBE,,COLISÃO LATERAL,0,1,0,0,0,0,0,1,0
3565,202328322,2023-11-27 0:00:00,8:35:00,COM VÍTIMA,FINALIZADA,CORDEIRO,RUA GOMES TABORDA,,DOCERIA CACAU E AVELÃ,CORDEIRO,,ATROPELAMENTO DE PESSOA,0,1,0,1,0,0,0,1,0
3566,202328324,2023-11-27 0:00:00,9:15:00,COM VÍTIMA,FINALIZADA,BOA VIAGEM,RUA VISCONDE DE JEQUITINHONHA,,PROX AO PARQUE DONA LINDU / SENTIDO PIEDADE,BOA VIAGEM,,COLISÃO,0,1,0,0,0,0,0,1,0
3567,202328329,2023-11-27 0:00:00,9:38:00,COM VÍTIMA,FINALIZADA,LINHA DO TIRO,RUA URIEL DE HOLANDA,,EM FRENTE AO COLEGIO PEDRO CELSO,LINHA DO TIRO,,COLISÃO,0,1,0,0,0,0,0,1,0
3568,202328330,2023-11-27 0:00:00,9:44:00,COM VÍTIMA,FINALIZADA,ROSARINHO,AV SANTOS DUMONT,RUA ALMIRANTE NORONHA DE CARVALHO,"BEM NO CRUZAMENTO, PROX AO COLEGIO SABER CRESCER",ROSARINHO,,COLISÃO,1,1,0,0,0,0,0,1,0
3569,202328332,2023-11-27 0:00:00,10:10:00,COM VÍTIMA,FINALIZADA,ESPINHEIRO,AV GOVERNADOR AGAMENON MAGALHAES,,PROX AO VIDUTO DA JOÃO DE BARROS / EM FRENTE A UPE,ESPINHEIRO,,COLISÃO LATERAL,1,2,0,0,0,0,0,2,0
3570,202328337,2023-11-27 0:00:00,10:30:00,COM VÍTIMA,FINALIZADA,CAXANGA,AV CAXANGA,,PRÓXIMO A UPA DA CAXANGÁ,CAXANGA,SUBURBIO,,1,0,0,0,0,0,0,1,0
3571,202328349,2023-11-27 0:00:00,12:50:00,COM VÍTIMA,FINALIZADA,AGUA FRIA,RUA BELO JARDIM,,PROX A ZELO MODAS E AO MERCADO DE AGUA FRIA,AGUA FRIA,,COLISÃO,0,1,0,0,0,0,0,1,0
3572,202328353,2023-11-27 0:00:00,1:58:00,COM VÍTIMA,FINALIZADA,VARZEA,RUA POETA CARLOS DRUMMOND DE ANDRADE,,E/F A SERTEL,VARZEA,,COLISÃO LATERAL,1,1,0,0,0,0,0,1,0
3573,202328363,2023-11-27 0:00:00,3:48:00,COM VÍTIMA,FINALIZADA,CASA AMARELA,AV NORTE MIGUEL ARRAES DE ALENCAR,,E/F AO ARMAZEM CORAL  S/T CID,CASA AMARELA,,QUEDA,0,1,0,0,0,0,0,1,0
3574,202328367,2023-11-27 0:00:00,4:34:00,COM VÍTIMA,FINALIZADA,SANTO AMARO,AV GOVERNADOR AGAMENON MAGALHAES,,PROX AO SHOPPING TACARUNA,SANTO AMARO,,ATROPELAMENTO DE PESSOA,1,1,0,1,0,0,0,1,0
3575,202328376,2023-11-27 0:00:00,7:14:00,COM VÍTIMA,FINALIZADA,BOA VIAGEM,RUA DEZ DE JULHO,RUA CAMBOIM,PRÓXIMO A ESTAÇÃO AEROPORTO,BOA VIAGEM,,COLISÃO,1,1,0,0,0,0,0,1,0
3576,202328381,2023-11-27 0:00:00,9:20:00,COM VÍTIMA,FINALIZADA,AREIAS,AV DR JOSE RUFINO,,EM FRENTE AO BRADESCO,AREIAS,,COLISÃO FRONTAL,0,0,0,0,0,0,0,1,0
3577,202328385,2023-11-27 0:00:00,11:25:00,SEM VÍTIMA,FINALIZADA,BOA VIAGEM,RUA FELIX DE BRITO E MELO,,BRADESCO,BOA VIAGEM,,COLISÃO,0,0,0,0,0,0,0,0,0
3578,202328397,2023-11-28 0:00:00,7:20:00,COM VÍTIMA,FINALIZADA,CAXANGA,AV CAXANGA,,"EM FRENTE A INTEGRAÇÃO CDU, SENT. CAMARAGIBE EM FRENTE A NISSAN",CAXANGA,,COLISÃO LATERAL,0,1,0,0,0,0,0,1,0
3579,202328398,2023-11-28 0:00:00,7:21:00,COM VÍTIMA,FINALIZADA,ARRUDA,AV BEBERIBE,,EM FRENTE AO CAMPO DO SANTA CRUZ,ARRUDA,,COLISÃO,0,1,0,0,0,0,0,1,0
3580,202328406,2023-11-28 0:00:00,8:11:00,COM VÍTIMA,FINALIZADA,IBURA,LAD DA COHAB,,NA SUBIDA DA LADEIRA,IBURA,,QUEDA,0,1,0,0,0,0,0,1,0
3581,202328410,2023-11-28 0:00:00,8:27:00,COM VÍTIMA,FINALIZADA,MADALENA,AV ENGENHEIRO ABDIAS DE CARVALHO,,CRUZAMENTO COM ESTRADA DOS REMEDIOS,MADALENA,,COLISÃO,1,1,0,0,0,0,0,1,0
3582,202328411,2023-11-28 0:00:00,8:27:00,COM VÍTIMA,FINALIZADA,MACAXEIRA,AV NORTE MIGUEL ARRAES DE ALENCAR,,EM FENTE AO PARQUE DA MACAXEIRA,MACAXEIRA,,COLISÃO LATERAL,0,1,0,0,0,0,0,1,0
3583,202328420,2023-11-28 0:00:00,9:07:00,COM VÍTIMA,FINALIZADA,GRACAS,AV BEIRA RIO,,BEIRA RIO COM JOSE OSORIO  DESCIDA DA PONTA CAPUNGA NO CRUZAMENTO,GRACAS,,COLISÃO,0,1,0,0,0,0,0,1,0
3584,202328432,2023-11-28 0:00:00,10:38:00,COM VÍTIMA,FINALIZADA,AFOGADOS,AV DR JOSE RUFINO,,EM FRENTE AO QUARTEL DE AFOGADOS,AFOGADOS,,COLISÃO,0,1,0,0,0,0,0,1,0
3585,202328441,2023-11-28 0:00:00,11:29:00,COM VÍTIMA,FINALIZADA,CORDEIRO,AV CAXANGA,,EM FRENTE A AUTO ESCOLA CONECTA E CAXANGA ACESSORIOS E PEÇAS,CORDEIRO,,COLISÃO TRASEIRA,1,1,0,0,0,0,0,1,0
3586,202328443,2023-11-28 0:00:00,11:46:00,COM VÍTIMA,FINALIZADA,CAXANGA,AV CAXANGA,,EM FRENTE AO NOVO MIX MATHEUS/ ANTIGO BOMPREÇO,CAXANGA,,COLISÃO COM CICLISTA,0,0,0,0,1,0,0,1,0
3587,202328450,2023-11-28 0:00:00,12:56:00,COM VÍTIMA,FINALIZADA,CAXANGA,AV CAXANGA,,EM FRENTE AO NUMERO 1921 LOJA CASA DA TINTA RECIFE,CAXANGA,,COLISÃO,0,1,0,0,0,0,0,1,0
3588,202328457,2023-11-28 0:00:00,3:43:00,COM VÍTIMA,FINALIZADA,IPSEP,RUA ARAPUA,,PROXIMO A LOJA DE AUTOMOVEIS DE PAULO,IPSEP,,COLISÃO,0,1,0,0,0,0,0,1,0
3589,202328464,2023-11-28 0:00:00,4:34:00,COM VÍTIMA,FINALIZADA,AGUA FRIA,AV BEBERIBE,,E/F  A MILENA /  PROXIMO A CATTAN,AGUA FRIA,,COLISÃO,0,1,0,0,0,0,0,1,0
3590,202328478,2023-11-28 0:00:00,6:42:00,SEM VÍTIMA,FINALIZADA,BOA VIAGEM,AV BOA VIAGEM,,EDF. HENOCH COUTINHO,BOA VIAGEM,CIDADE,,2,0,0,0,0,0,0,0,0
3591,202328481,2023-11-28 0:00:00,6:56:00,COM VÍTIMA,FINALIZADA,JOANA BEZERRA,AV BEIRA RIO,,ENTRE O FORUM DE JOANA BEZERRA E A SUBIDA DA PONTE,JOANA BEZERRA,,COLISÃO TRASEIRA,1,1,0,0,0,0,0,1,0
3592,202328483,2023-11-28 0:00:00,7:22:00,COM VÍTIMA,CANCELADA,IMBIRIBEIRA,AV MARECHAL MASCARENHAS DE MORAES,,"PROXIMO TOYOLEX, APOS O VIADUTO TACREDO NEVES",IMBIRIBEIRA,SUBURBIO,COLISÃO LATERAL,0,2,0,0,0,0,0,1,0
3593,202328490,2023-11-28 0:00:00,7:31:00,COM VÍTIMA,FINALIZADA,ENCRUZILHADA,RUA FERNANDO CESAR,,PRAÇA DA INFÂNCIA,ENCRUZILHADA,,COLISÃO TRANSVERSAL,0,1,0,0,0,1,0,1,0
3594,202328491,2023-11-28 0:00:00,7:48:00,COM VÍTIMA,FINALIZADA,ILHA DO LEITE,RUA ESTADO DE ISRAEL,,,ILHA DO LEITE,,COLISÃO LATERAL,2,1,0,0,0,0,0,1,0
3595,202328493,2023-11-28 0:00:00,8:07:00,COM VÍTIMA,FINALIZADA,CORDEIRO,AV GENERAL SAN MARTIN,,EM FRENTE AO HOSPITAL GETULIO VARGAS,CORDEIRO,,COLISÃO LATERAL,1,1,0,0,0,0,0,1,0
3596,202328498,2023-11-28 0:00:00,9:48:00,COM VÍTIMA,DUPLICIDADE,CASA FORTE,RUA JADER DE ANDRADE,,E/F AO BAR IDEAL E BOTECO 87,CASA FORTE,,COLISÃO,0,0,0,0,0,0,0,1,0
3597,202328499,2023-11-28 0:00:00,9:48:00,COM VÍTIMA,FINALIZADA,CASA FORTE,AV DEZESSETE DE AGOSTO,,PROXIMO AO SUPERMERCADO VERD FRUT,CASA FORTE,,COLISÃO,1,1,0,0,0,0,0,1,0
3598,202328507,2023-11-29 0:00:00,5:53:00,COM VÍTIMA,FINALIZADA,CORDEIRO,AV CAXANGA,,PROX. CAIXA ECONOMICA,CORDEIRO,CIDADE,COLISÃO TRASEIRA,1,1,0,0,1,0,0,1,0
3599,202328519,2023-11-29 0:00:00,7:14:00,COM VÍTIMA,FINALIZADA,ARRUDA,AV BEBERIBE,,EM FRENTE AO CAMPO DO SANTA CRUZ,ARRUDA,,COLISÃO,0,1,0,0,0,0,0,1,0
3600,202328522,2023-11-29 0:00:00,7:35:00,COM VÍTIMA,FINALIZADA,IMBIRIBEIRA,RUA ITAJAI,,"PROX. A FERREIRA COSTA, EM FRENTE A CASA BRANCA RECEPÇÕES",IMBIRIBEIRA,,COLISÃO LATERAL,0,1,0,0,0,0,0,1,0
3601,202328524,2023-11-29 0:00:00,7:44:00,COM VÍTIMA,FINALIZADA,MANGUEIRA,RUA DR JOAO ELISIO,,EM FRENTE A PADARIA SANTO ANTONIO,MANGUEIRA,,COLISÃO LATERAL,0,1,0,0,0,0,0,1,0
3602,202328526,2023-11-29 0:00:00,8:12:00,COM VÍTIMA,FINALIZADA,PRADO,RUA GOMES TABORDA,,EM FENTRE AO SUPERMERCADO IDEAL MIX,PRADO,,COLISÃO,0,1,0,0,0,0,0,1,0
3603,202328530,2023-11-29 0:00:00,8:33:00,COM VÍTIMA,FINALIZADA,IMBIRIBEIRA,AV MARECHAL MASCARENHAS DE MORAES,,EM FRENTE AO GALPÃO DA LASER ELETRO,IMBIRIBEIRA,,COLISÃO LATERAL,0,1,0,0,0,0,0,1,0
3604,202328533,2023-11-29 0:00:00,8:53:00,COM VÍTIMA,FINALIZADA,AFOGADOS,RUA COSME VIANA,,"POR TRAS DA HONDA, PROX. A TUPAM",AFOGADOS,,COLISÃO LATERAL,0,1,0,0,0,1,0,1,0
3605,202328545,2023-11-29 0:00:00,10:49:00,COM VÍTIMA,FINALIZADA,COQUEIRAL,6TR ANANIAS CATANHO,,PROX ESCOLA PAULO DE SOUZA LEAL,COQUEIRAL,,CHOQUE,1,0,0,0,0,0,0,1,0
3606,202328547,2023-11-29 0:00:00,11:06:00,SEM VÍTIMA,FINALIZADA,BOA VISTA,AV LINS PETIT,,PRAÇA CHORA MENINO,BOA VISTA,SUBURBIO,COLISÃO LATERAL,2,0,0,0,0,0,0,0,0
3607,202328551,2023-11-29 0:00:00,11:33:00,COM VÍTIMA,CANCELADA,MADALENA,RUA BENFICA,,PROX AO CLUBE INTERNACIONAL / NA PRAÇA DP INTERNACIONAL,MADALENA,,COLISÃO,0,1,0,0,0,0,0,1,0
3608,202328573,2023-11-29 0:00:00,3:45:00,COM VÍTIMA,FINALIZADA,SANTO AMARO,RUA FREI CASSIMIRO,,E/F  ANTIGA CTTU,SANTO AMARO,,COLISÃO LATERAL,0,2,0,0,0,0,0,3,0
3609,202328575,2023-11-29 0:00:00,3:50:00,SEM VÍTIMA,FINALIZADA,TORRE,RUA JOSE BONIFACIO,VDO GOVERNADOR CORDEIRO DE FARIAS,SOBRE A PONTE E PRÓXIMO AO CARREFOUR,TORRE,,COLISÃO,0,0,0,0,0,0,0,0,0
3610,202328583,2023-11-29 0:00:00,5:23:00,SEM VÍTIMA,FINALIZADA,IPSEP,RUA BLUMENAU,RUA ITAIMBE,NA RUA DO BAR DA SOPA,IPSEP,,COLISÃO FRONTAL,2,0,0,0,0,0,0,0,0
3611,202328594,2023-11-29 0:00:00,6:56:00,VÍTIMA FATAL,FINALIZADA,CASA AMARELA,AV NORTE MIGUEL ARRAES DE ALENCAR,,PRÓXIMO A PRAÇA DO TRABALHO,CASA AMARELA,,ATROPELAMENTO DE PESSOA,0,0,0,1,0,0,0,0,1
3612,202328599,2023-11-29 0:00:00,10:27:00,COM VÍTIMA,FINALIZADA,BOMBA DO HEMETERIO,RUA PROFESSOR JOSE AMARINO DOS REIS,,PRÓXIMO AO TEIMOSO,BOMBA DO HEMETERIO,,COLISÃO FRONTAL,0,0,0,0,0,0,0,1,0
3613,202328614,2023-11-30 0:00:00,6:54:00,COM VÍTIMA,FINALIZADA,IMBIRIBEIRA,AV MARECHAL MASCARENHAS DE MORAES,,EM FRENTE A FLOR E ARTE,IMBIRIBEIRA,,COLISÃO TRASEIRA,1,1,0,0,0,0,0,1,0
3614,202328615,2023-11-30 0:00:00,7:30:00,COM VÍTIMA,FINALIZADA,APIPUCOS,RUA DE APIPUCOS,,EM FRENTE AO AÇUDE,APIPUCOS,,COLISÃO,0,0,0,0,0,0,0,1,0
3615,202328617,2023-11-30 0:00:00,7:36:00,COM VÍTIMA,FINALIZADA,CAXANGA,AV CAXANGA,,"SENT. CIDADE, SUPERMERCADO TEM E UPA",CAXANGA,,COLISÃO LATERAL,0,1,0,0,0,0,0,1,0
3616,202328622,2023-11-30 0:00:00,8:18:00,SEM VÍTIMA,FINALIZADA,BOA VISTA,RUA DO HOSPICIO,,AO LADO DO PARQUE TREZE DE MAIO,BOA VISTA,,COLISÃO,0,0,0,0,0,0,0,0,0
3617,202328623,2023-11-30 0:00:00,8:20:00,COM VÍTIMA,FINALIZADA,AFOGADOS,RUA COSME VIANA,,PROX. AO FORRÓ CHIQUE E O POSTO SETA,AFOGADOS,,COLISÃO LATERAL,1,1,0,0,0,0,0,1,0
3618,202328630,2023-11-30 0:00:00,8:53:00,COM VÍTIMA,FINALIZADA,SANTO AMARO,RUA DOS PALMARES,,"PROX. A GUARDA MUNICIPAL, SUPERMERCADO RM EXPRESS",SANTO AMARO,,COLISÃO LATERAL,0,1,0,0,0,0,0,1,0
3619,202328642,2023-11-30 0:00:00,9:42:00,COM VÍTIMA,FINALIZADA,BOMBA DO HEMETERIO,RUA BOMBA DO HEMETERIO,,EM FRENTE A CLINICA DE FIOTERAPIA / E EM FRENTE AO MERCADO COMPRE MAIS,BOMBA DO HEMETERIO,,COLISÃO,0,1,0,0,0,0,0,1,0
3620,202328647,2023-11-30 0:00:00,10:43:00,COM VÍTIMA,FINALIZADA,ILHA DO LEITE,AV GOVERNADOR AGAMENON MAGALHAES,,SENT. BOA VIAGEM EM FRENTE AO HOSPITAL VETERINARIO,ILHA DO LEITE,,COLISÃO LATERAL,0,1,0,0,0,0,0,1,0
3621,202328649,2023-11-30 0:00:00,11:11:00,COM VÍTIMA,FINALIZADA,DOIS IRMAOS,RUA MANUEL DE MEDEIROS,,EM FRENTE A COMPESA  / PROX SEMÁFORO 712,DOIS IRMAOS,,COLISÃO LATERAL,1,1,0,0,0,0,0,1,0
3622,202328655,2023-11-30 0:00:00,11:54:00,COM VÍTIMA,FINALIZADA,IPSEP,RUA ROSA MAGALHAES,AV RECIFE,"PROX. AO ARMAZEM CORAL, POSTO SHELL E FARMACIA PAGUE MENOS",IPSEP,,COLISÃO LATERAL,0,1,0,0,0,0,0,1,0
3623,202328658,2023-11-30 0:00:00,12:31:00,COM VÍTIMA,CANCELADA,AFOGADOS,RUA SAO MIGUEL,,APOS O BANCO DO BRASIL  DO LADO ESQUERDO,AFOGADOS,,COLISÃO TRASEIRA,1,1,0,0,0,0,0,1,0
3624,202328663,2023-11-30 0:00:00,1:00:00,COM VÍTIMA,CANCELADA,VARZEA,AV AFONSO OLINDENSE,,PROX A LOMBADA ELETRONICA,VARZEA,,COLISÃO LATERAL,0,2,0,0,0,0,0,1,0
3625,202328664,2023-11-30 0:00:00,1:09:00,COM VÍTIMA,FINALIZADA,IPSEP,RUA ADERBAL DE MELO,,NA RUA DA BUDEGA DO MEU LINDO,IPSEP,,COLISÃO FRONTAL,1,1,0,0,0,0,0,1,0
3626,202328665,2023-11-30 0:00:00,1:18:00,COM VÍTIMA,FINALIZADA,BOA VIAGEM,AV ENGENHEIRO DOMINGOS FERREIRA,RUA MARIA CAROLINA,GALERIA GUARARAPES,BOA VIAGEM,,COLISÃO FRONTAL,1,1,0,0,0,0,0,1,0