_id,Protocolo,data,hora,natureza,situacao,bairro,endereco,detalhe_endereco_acidente,complemento,bairro_cruzamento,sentido_via,tipo,auto,moto,ciclista,pedestre,onibus,caminhao,viatura,vitimas,vitimasfatais
3828,202330016,2023-12-13 0:00:00,1:36:00,COM VÍTIMA,FINALIZADA,BAIRRO DO RECIFE,CAIS DO APOLO,,TRIBUNAL REGIONAL FEDERAL,BAIRRO DO RECIFE,,COLISÃO TRASEIRA,1,1,0,0,0,0,0,1,0
3829,202330019,2023-12-13 0:00:00,2:03:00,COM VÍTIMA,FINALIZADA,SAN MARTIN,RUA GOMES TABORDA,,FICA NO CRUZAMENTO DA GENERAL SAN MARTINS / E PROX A FARMACIA PAGUE MENOS,SAN MARTIN,,COLISÃO FRONTAL,1,1,0,0,0,0,0,1,0
3830,202330037,2023-12-13 0:00:00,4:44:00,COM VÍTIMA,FINALIZADA,GRACAS,AV DR MALAQUIAS,,EM FRENTE A ASSOCIAÇÃO ATLETICA DO BANCO DO BRASIL,GRACAS,,COLISÃO,0,1,0,0,0,0,0,1,0
3831,202330044,2023-12-13 0:00:00,5:17:00,COM VÍTIMA,FINALIZADA,CAMPO GRANDE,RUA JERONIMO VILELA,,PROXIMO SOCIETY DO VITAL,CAMPO GRANDE,,COLISÃO LATERAL,0,2,0,0,0,0,0,2,0
3832,202330045,2023-12-13 0:00:00,5:11:00,SEM VÍTIMA,FINALIZADA,TORROES,AV ENGENHEIRO ABDIAS DE CARVALHO,,DLP,TORROES,,COLISÃO LATERAL,0,1,0,0,0,0,1,0,0
3833,202330047,2023-12-13 0:00:00,5:28:00,COM VÍTIMA,FINALIZADA,SOLEDADE,RUA DAS NINFAS,,NA RUA DO VEM GRANDE RECIFE,SOLEDADE,,COLISÃO,0,1,0,0,0,0,0,1,0
3834,202330052,2023-12-13 0:00:00,6:24:00,COM VÍTIMA,FINALIZADA,AFOGADOS,AV SUL,,SOB O SEMÁFORO 320,AFOGADOS,,COLISÃO FRONTAL,0,1,1,0,0,0,0,1,0
3835,202330060,2023-12-13 0:00:00,8:37:00,SEM VÍTIMA,FINALIZADA,AFOGADOS,RUA VISCONDE DE PELOTAS,RUA VINTE E UM DE ABRIL,,AFOGADOS,SUBURBIO,COLISÃO,1,1,0,0,0,0,0,0,0
3836,202330063,2023-12-14 0:00:00,1:07:00,SEM VÍTIMA,FINALIZADA,IMBIRIBEIRA,AV MARECHAL MASCARENHAS DE MORAES,RUA ITACARI,BANCO ITAÚ,IMBIRIBEIRA,SUBURBIO,COLISÃO LATERAL,0,1,0,0,0,0,1,0,0
3837,202330064,2023-12-14 0:00:00,1:28:00,COM VÍTIMA,FINALIZADA,AFOGADOS,EST DOS REMEDIOS,RUA NICOLAU PEREIRA,,AFOGADOS,,ATROPELAMENTO DE PESSOA,1,0,0,1,0,0,0,1,0
3838,202330080,2023-12-14 0:00:00,6:42:00,COM VÍTIMA,FINALIZADA,BONGI,EST DO BONGI,,"EM FRENTE A NEO ENERGIA DO BONGI, PROX. A IGREJA ASSEMBLEIA DE DEUS",BONGI,,COLISÃO LATERAL,0,1,0,0,0,0,0,1,0
3839,202330081,2023-12-14 0:00:00,6:56:00,COM VÍTIMA,CANCELADA,SANTO AMARO,AV CRUZ CABUGA,,EM FRENTE AO HOSPITAL DO CÂNCER,SANTO AMARO,,COLISÃO LATERAL,1,1,0,0,0,0,0,1,0
3840,202330082,2023-12-14 0:00:00,7:00:00,COM VÍTIMA,FINALIZADA,BONGI,RUA ISAAC MARKMAN,,EM FRENTE A NEO ENERGIA,BONGI,,COLISÃO LATERAL,0,1,0,0,0,0,0,1,0
3841,202330092,2023-12-14 0:00:00,8:09:00,COM VÍTIMA,FINALIZADA,IPUTINGA,AV CAXANGA,,LADO OPOSTO AO GOLFE CLUBE,IPUTINGA,,COLISÃO,1,1,0,0,0,0,0,1,0
3842,202330095,2023-12-14 0:00:00,8:24:00,COM VÍTIMA,FINALIZADA,PINA,RUA FRANCISCO VALPASSOS,,PRAÇA ABELARDO BALTAR,PINA,,COLISÃO,1,1,0,0,0,0,0,1,0
3843,202330098,2023-12-14 0:00:00,9:00:00,SEM VÍTIMA,FINALIZADA,BOA VIAGEM,AV BOA VIAGEM,,NAS PROXIMIDADES AO PARQUE DONA LINDU,BOA VIAGEM,,COLISÃO,0,0,0,0,0,0,0,0,0
3844,202330105,2023-12-14 0:00:00,10:19:00,COM VÍTIMA,FINALIZADA,IPUTINGA,EST DO BARBALHO,,PROX. AO MIX MATHEUS E CEFOC,IPUTINGA,,COLISÃO LATERAL,0,1,0,0,0,0,0,1,0
3845,202330118,2023-12-14 0:00:00,11:29:00,COM VÍTIMA,FINALIZADA,JORDAO,TUNEL FELIPE CAMARAO,,TUNEL FELIPE CAMARÃO,JORDAO,,COLISÃO,0,1,0,0,0,0,0,1,0
3846,202330134,2023-12-14 0:00:00,2:06:00,COM VÍTIMA,FINALIZADA,AFOGADOS,RUA CINCO DE NOVEMBRO,,POR TRAZ DO COLEGIO AMARY,AFOGADOS,,COLISÃO LATERAL,1,1,0,0,0,0,0,1,0
3847,202330135,2023-12-14 0:00:00,2:09:00,COM VÍTIMA,FINALIZADA,AFOGADOS,RUA DA PAZ,,PROX A  CAIXA ECONOMICA E/F A ASA,AFOGADOS,,COLISÃO LATERAL,1,1,0,0,0,0,0,1,0
3848,202330151,2023-12-14 0:00:00,4:17:00,COM VÍTIMA,FINALIZADA,BEBERIBE,AV BEBERIBE,,PROXIMO AO POSTO DE GASOLINA SHELL // E/F BORRACHARIA  SÃO LUIZ,BEBERIBE,,COLISÃO,0,1,0,0,0,0,0,1,0
3849,202330155,2023-12-14 0:00:00,4:43:00,COM VÍTIMA,FINALIZADA,CORDEIRO,RUA ODETE MONTEIRO,,EM FRENTE AO POSTO PETROCAL,CORDEIRO,,COLISÃO LATERAL,0,2,0,0,0,0,0,1,0
3850,202330156,2023-12-14 0:00:00,4:52:00,COM VÍTIMA,FINALIZADA,BAIRRO DO RECIFE,RUA DO APOLO,,PROXIMO AO TEATRO HERMILO BORBA FILHO,BAIRRO DO RECIFE,SUBURBIO,COLISÃO LATERAL,1,1,0,0,0,0,0,1,0
3851,202330161,2023-12-14 0:00:00,6:21:00,COM VÍTIMA,FINALIZADA,IMBIRIBEIRA,AV MARECHAL MASCARENHAS DE MORAES,,SOB O SEMÁFORO,IMBIRIBEIRA,,COLISÃO LATERAL,0,1,0,0,0,0,0,1,0
3852,202330165,2023-12-14 0:00:00,6:49:00,COM VÍTIMA,CANCELADA,SANTO AMARO,AV GOVERNADOR AGAMENON MAGALHAES,,E/F A REITORIA DA UPE,SANTO AMARO,,COLISÃO,0,1,0,0,0,0,0,1,0
3853,202330197,2023-12-15 0:00:00,7:24:00,COM VÍTIMA,FINALIZADA,ARRUDA,RUA DAS MOCAS,,POR TRAS DO CAMPO DO ARRUDA,ARRUDA,,COLISÃO LATERAL,0,1,0,0,0,0,0,1,0
3854,202330200,2023-12-15 0:00:00,8:00:00,SEM VÍTIMA,FINALIZADA,ROSARINHO,AV NORTE MIGUEL ARRAES DE ALENCAR,,AO LADO DO POSTO DE GASOLINA FORMULA,ROSARINHO,CIDADE,COLISÃO TRASEIRA,2,0,0,0,0,0,1,0,0
3855,202330202,2023-12-15 0:00:00,8:03:00,COM VÍTIMA,FINALIZADA,JIQUIA,AV DR JOSE RUFINO,,EM FRENTE AO POSTO IPIRANGA,JIQUIA,,COLISÃO LATERAL,1,1,0,0,0,0,0,1,0
3856,202330204,2023-12-15 0:00:00,8:08:00,COM VÍTIMA,FINALIZADA,DERBY,AV GOVERNADOR AGAMENON MAGALHAES,,EM FRENTE  A RESTAURAÇÃO PROX A FARMACIA DROGASIL,DERBY,,COLISÃO,0,1,0,0,0,0,0,1,0
3857,202330214,2023-12-15 0:00:00,9:19:00,SEM VÍTIMA,FINALIZADA,AFOGADOS,RUA SAO MIGUEL,,,AFOGADOS,,COLISÃO,0,0,0,0,0,0,0,0,0
3858,202330220,2023-12-15 0:00:00,10:26:00,COM VÍTIMA,FINALIZADA,MADALENA,RUA JOSE OSORIO,,AO LADO DO SUPERMERCADO RM EXPRESS,MADALENA,,COLISÃO,0,1,0,0,0,0,0,1,0
3859,202330224,2023-12-15 0:00:00,10:59:00,COM VÍTIMA,FINALIZADA,JOANA BEZERRA,VIADUTO CAPITAO TEMUDO,,"EM CIMA DO VIADUTO, SENT. SHOPPING RIO MAR",JOANA BEZERRA,,COLISÃO LATERAL,0,1,0,0,0,0,0,1,0
3860,202330228,2023-12-15 0:00:00,11:49:00,COM VÍTIMA,FINALIZADA,JARDIM SAO PAULO,RUA LEANDRO BARRETO,,CRUZAMENTO PROXIMO AO NUMERO 1020,JARDIM SAO PAULO,,COLISÃO FRONTAL,1,1,0,0,0,0,0,1,0
3861,202330237,2023-12-15 0:00:00,12:58:00,COM VÍTIMA,FINALIZADA,BOA VIAGEM,AV CONSELHEIRO AGUIAR,,PROX A CASA DO BOLO /  PROX A CASA LOTERICA TEIMOSINHO,BOA VIAGEM,,COLISÃO,0,1,0,0,0,0,0,1,0
3862,202330244,2023-12-15 0:00:00,2:26:00,COM VÍTIMA,FINALIZADA,BARRO,RUA AMADOR ARAUJO,,PROX AO CEMITERIO DO BARRO,BARRO,,COLISÃO FRONTAL,1,1,0,0,0,0,0,1,0
3863,202330245,2023-12-15 0:00:00,2:41:00,COM VÍTIMA,FINALIZADA,IPSEP,RUA SAO NICOLAU,,PROXIMO A MARAVILHA MOTOS //  SPORT CAR,IPSEP,,COLISÃO,0,1,0,0,0,0,0,1,0
3864,202330248,2023-12-15 0:00:00,3:07:00,COM VÍTIMA,FINALIZADA,IMBIRIBEIRA,AV MARECHAL MASCARENHAS DE MORAES,,PROXIMO A LOCALIZA // E/F AO AEROPORTO,IMBIRIBEIRA,,COLISÃO,0,1,0,0,0,0,0,1,0
3865,202330255,2023-12-15 0:00:00,4:57:00,COM VÍTIMA,FINALIZADA,JORDAO,TUNEL FELIPE CAMARAO,,NO TUNEL FELIPE CAMARÃO,JORDAO,,QUEDA,0,1,0,0,0,0,0,1,0
3866,202330264,2023-12-15 0:00:00,5:52:00,SEM VÍTIMA,FINALIZADA,SAO JOSE,PRC DAS CINCO PONTAS,,FORTE DAS CINCO PONTES,SAO JOSE,SUBURBIO,COLISÃO LATERAL,1,0,0,0,0,1,0,0,0
3867,202330267,2023-12-15 0:00:00,6:30:00,SEM VÍTIMA,DUPLICIDADE,SAO JOSE,PRC DAS CINCO PONTAS,,NO RETORNO DA CIDADE,SAO JOSE,,COLISÃO TRASEIRA,1,0,0,0,0,0,1,0,0
3868,202330304,2023-12-16 0:00:00,7:16:00,COM VÍTIMA,FINALIZADA,PINA,AV HERCULANO BANDEIRA,,PROX A IGREJINHA DO PINA,PINA,,COLISÃO TRASEIRA,1,1,0,0,0,0,0,1,0
3869,202330309,2023-12-16 0:00:00,8:46:00,COM VÍTIMA,FINALIZADA,IMBIRIBEIRA,AV MARECHAL MASCARENHAS DE MORAES,,EM FRENTE AO ASSAI SENTIDO AEROPORTO,IMBIRIBEIRA,,COLISÃO,0,1,0,0,0,0,0,1,0
3870,202330330,2023-12-16 0:00:00,11:01:00,COM VÍTIMA,FINALIZADA,BOA VIAGEM,RUA PADRE CARAPUCEIRO,,NO CRUZAMENTO DO VERDFRUT,BOA VIAGEM,,COLISÃO TRASEIRA,1,1,0,0,0,0,0,1,0
3871,202330331,2023-12-16 0:00:00,11:01:00,COM VÍTIMA,FINALIZADA,BOMBA DO HEMETERIO,RUA CHA DE ALEGRIA,,NA FRENTE DA ESCOLA MARDONIO  DE ANDRADE LIMA COELHO,BOMBA DO HEMETERIO,,COLISÃO,0,1,0,0,0,0,0,1,0
3872,202330336,2023-12-16 0:00:00,12:59:00,COM VÍTIMA,DUPLICIDADE,BOA VIAGEM,RUA PADRE CARAPUCEIRO,,NO CRUZAMENTO DO VERDFRUT,BOA VIAGEM,,COLISÃO TRASEIRA,1,1,0,0,0,0,0,1,0
3873,202330343,2023-12-16 0:00:00,12:10:00,COM VÍTIMA,FINALIZADA,,AV SUL,,APÓS O VIADUTO PAPA JOÃOPAULO II,,,COLISÃO,0,1,0,0,0,0,0,1,0
3874,202330344,2023-12-16 0:00:00,12:15:00,COM VÍTIMA,DUPLICIDADE,BOA VIAGEM,RUA PADRE CARAPUCEIRO,AV CONSELHEIRO AGUIAR,CRUZAMENTO COM A CONSELHEIRO AGUIAR,BOA VIAGEM,,COLISÃO,0,1,0,0,0,0,0,1,0
3875,202330345,2023-12-16 0:00:00,12:19:00,COM VÍTIMA,FINALIZADA,BOA VISTA,PTE PRINCESA IZABEL,,PROX A DELEGACIA,BOA VISTA,,COLISÃO,0,1,0,0,0,0,0,1,0
3876,202330366,2023-12-16 0:00:00,2:30:00,COM VÍTIMA,FINALIZADA,IMBIRIBEIRA,AV MARECHAL MASCARENHAS DE MORAES,,EM FRENTE AO COMERCIAL ZERO UM E A FERRO MAIS,IMBIRIBEIRA,,COLISÃO,0,1,0,0,0,0,0,1,0
3877,202330367,2023-12-16 0:00:00,2:57:00,COM VÍTIMA,FINALIZADA,DERBY,AV GOVERNADOR AGAMENON MAGALHAES,,CRUZAMENTO COM A RUA JOAQUIM NABUCO,DERBY,,COLISÃO,1,1,0,0,0,0,0,1,0
3878,202330374,2023-12-16 0:00:00,5:02:00,COM VÍTIMA,FINALIZADA,IPSEP,AV RECIFE,,EM FRENTE AO SUPERMERCADO ECONOMICO,IPSEP,SUBURBIO,COLISÃO TRASEIRA,2,1,0,0,0,0,0,1,0
3879,202330387,2023-12-16 0:00:00,6:44:00,COM VÍTIMA,FINALIZADA,CASA AMARELA,AV NORTE MIGUEL ARRAES DE ALENCAR,,EM FRENTE A MATERNIDADE BARROS LIMA,CASA AMARELA,CIDADE,COLISÃO LATERAL,1,1,0,0,0,0,0,1,0
3880,202330392,2023-12-16 0:00:00,8:32:00,COM VÍTIMA,CANCELADA,AGUA FRIA,RUA FLORESTOPOLIS,,PROXIMO AO TERMINAL DE AGUA FRIA,AGUA FRIA,,COLISÃO TRANSVERSAL,0,1,0,0,0,0,0,1,0
3881,202330416,2023-12-17 0:00:00,7:54:00,COM VÍTIMA,FINALIZADA,CAMPO GRANDE,EST DE BELEM,RUA PRUDENTE DE MORAES,PROX. A CLINICA CENTRAL E POSTO PETROGAS,CAMPO GRANDE,,COLISÃO LATERAL,1,1,0,0,0,0,0,2,0
3882,202330448,2023-12-17 0:00:00,5:20:00,COM VÍTIMA,FINALIZADA,IPUTINGA,AV CAXANGA,,E/F AO ANTIGO HIPER BOMPREÇO S/T CID,IPUTINGA,,COLISÃO FRONTAL,1,1,0,0,0,0,0,1,0
3883,202330454,2023-12-17 0:00:00,6:14:00,COM VÍTIMA,FINALIZADA,IBURA,RUA PAULISTA,,PROXIMO AO NACIONAL SPORT CLUB // E/F A PRAÇA DO LEITEIRO,IBURA,,COLISÃO,1,1,0,0,0,0,0,1,0
3884,202330464,2023-12-17 0:00:00,7:22:00,COM VÍTIMA,FINALIZADA,AFOGADOS,AV SUL,,POLICLINICA DE AFOGADOS,AFOGADOS,,COLISÃO,0,1,0,0,0,0,0,2,0
3885,202330467,2023-12-17 0:00:00,8:12:00,COM VÍTIMA,FINALIZADA,TEJIPIO,RUA FALCAO DE LACERDA,,PRAÇA DO PACHECO,TEJIPIO,,COLISÃO,1,1,0,0,0,0,0,1,0
3886,202330470,2023-12-17 0:00:00,8:45:00,COM VÍTIMA,FINALIZADA,JORDAO,RUA DR ALVARO FERRAZ,RUA CANAA,TERMINAL DO JORDAO,JORDAO,,COLISÃO,1,1,0,0,0,0,0,1,0
3887,202330475,2023-12-18 0:00:00,12:55:00,SEM VÍTIMA,FINALIZADA,TEJIPIO,RUA GUANABARA,,EM FRENTE A ESTAÇÃO COQUEIRAL,TEJIPIO,,CHOQUE,1,0,0,0,0,0,0,0,0
3888,202330476,2023-12-18 0:00:00,2:04:00,SEM VÍTIMA,CANCELADA,IMBIRIBEIRA,AV MARECHAL MASCARENHAS DE MORAES,RUA ITACARI,AO LADO DO BANCO ITAU,IMBIRIBEIRA,SUBURBIO,COLISÃO,1,0,0,0,0,1,0,0,0
3889,202330490,2023-12-18 0:00:00,7:13:00,COM VÍTIMA,FINALIZADA,TORRE,RUA JOSE BONIFACIO,,PROX AO SUPERMERCADO CARREFUOR E ATACADOS DOS PRESENTES DA TORRE,TORRE,,COLISÃO,0,1,0,0,0,0,0,1,0
3890,202330493,2023-12-18 0:00:00,7:34:00,COM VÍTIMA,FINALIZADA,MACAXEIRA,AV NORTE MIGUEL ARRAES DE ALENCAR,,PROX. A INTEGRAÇÃO DA MACAXEIRA,MACAXEIRA,,COLISÃO LATERAL,0,1,0,0,0,0,0,1,0
3891,202330495,2023-12-18 0:00:00,8:02:00,COM VÍTIMA,FINALIZADA,SANTO AMARO,RUA BARROS BARRETO,,EM FRENTE A QUALITY PEÇAS / PROX A IGREJA CATOLICA,SANTO AMARO,,COLISÃO LATERAL,1,1,0,0,0,0,0,1,0
3892,202330497,2023-12-18 0:00:00,8:13:00,COM VÍTIMA,FINALIZADA,BOA VIAGEM,AV ENGENHEIRO DOMINGOS FERREIRA,,PROX. A ESCOLA MUNICIPAL OSWALDO LIMA FILHO,BOA VIAGEM,,COLISÃO LATERAL,1,1,0,0,0,0,0,1,0
3893,202330498,2023-12-18 0:00:00,8:13:00,COM VÍTIMA,FINALIZADA,IPUTINGA,AV PROFESSOR JOAQUIM CAVALCANTI,,EM FRENTE A IPUTINGA AUTOMÓVEIS,IPUTINGA,,COLISÃO,0,0,0,0,0,0,0,1,0
3894,202330506,2023-12-18 0:00:00,9:47:00,COM VÍTIMA,FINALIZADA,MADALENA,AV ENGENHEIRO ABDIAS DE CARVALHO,EST DOS REMEDIOS,PROX A FARMACIA INDEPENDENTE,MADALENA,,COLISÃO,0,1,0,0,1,0,0,1,0
3895,202330517,2023-12-18 0:00:00,11:10:00,COM VÍTIMA,FINALIZADA,CORDEIRO,RUA PROFESSOR JOAQUIM XAVIER DE BRITO,,EM FRENTE AO ME CELULAR E BARBEARIA INOVE,CORDEIRO,,COLISÃO LATERAL,0,1,0,0,0,0,0,1,0
3896,202330525,2023-12-18 0:00:00,11:27:00,VÍTIMA FATAL,FINALIZADA,CAXANGA,AV CAXANGA,,PROX A GIL MOTOS / PROX A ESTAÇÃO BRT ZUMBI,CAXANGA,,COLISÃO,0,2,0,0,0,0,0,1,1
3897,202330526,2023-12-18 0:00:00,11:28:00,COM VÍTIMA,FINALIZADA,TAMARINEIRA,RUA CONEGO BARATA,,EM FRENTE A LOJA FERREIRA COSTA,TAMARINEIRA,,COLISÃO,0,1,0,0,0,0,0,1,0
3898,202330535,2023-12-18 0:00:00,12:35:00,COM VÍTIMA,FINALIZADA,GRACAS,AV GOVERNADOR AGAMENON MAGALHAES,AV RUI BARBOSA,SAÍDA DA RUI BARBOSA,GRACAS,,,0,2,0,0,0,0,0,1,0
3899,202330538,2023-12-18 0:00:00,1:25:00,SEM VÍTIMA,FINALIZADA,ESPINHEIRO,RUA DO ESPINHEIRO,,,ESPINHEIRO,,COLISÃO,0,0,0,0,0,0,0,0,0
3900,202330555,2023-12-18 0:00:00,5:06:00,COM VÍTIMA,FINALIZADA,MADALENA,AV ENGENHEIRO ABDIAS DE CARVALHO,EST DOS REMEDIOS,NO SEMÁFORO 052,MADALENA,,COLISÃO LATERAL,1,1,0,0,0,0,0,2,0
3901,202330556,2023-12-18 0:00:00,5:07:00,COM VÍTIMA,FINALIZADA,CAXANGA,RUA FRANCISCO TORRES,,PROXIMO A PRAÇA DE NOVA MORADA,CAXANGA,,COLISÃO FRONTAL,0,2,0,0,0,0,0,2,0
3902,202330572,2023-12-18 0:00:00,9:36:00,COM VÍTIMA,CANCELADA,JORDAO,AV MARIA IRENE,,,JORDAO,,COLISÃO FRONTAL,2,0,0,0,0,0,0,1,0
3903,202330576,2023-12-19 0:00:00,1:55:00,COM VÍTIMA,FINALIZADA,DERBY,AV GOVERNADOR AGAMENON MAGALHAES,RUA HENRIQUE DIAS,E/F AO RESTAURANTE COCO BAMBU,DERBY,,COLISÃO LATERAL,1,1,0,0,0,0,0,2,0
3904,202330580,2023-12-19 0:00:00,5:20:00,COM VÍTIMA,CANCELADA,PAISSANDU,RUA FRANCISCO ALVES,,HOSPITAL ESPERANÇA,PAISSANDU,,COLISÃO LATERAL,1,1,0,0,0,0,0,1,0
3905,202330590,2023-12-19 0:00:00,6:39:00,COM VÍTIMA,FINALIZADA,IPSEP,AV RECIFE,,"EM FRENTE A RECIFE MOTOS, SENT. AEROPORTO",IPSEP,,ATROPELAMENTO DE PESSOA,0,1,0,1,0,0,0,3,0
3906,202330592,2023-12-19 0:00:00,7:28:00,COM VÍTIMA,FINALIZADA,JORDAO,AV MARIA IRENE,,PROX AO ATACAREJO,JORDAO,,COLISÃO LATERAL,1,1,0,0,0,0,0,1,0
3907,202330602,2023-12-19 0:00:00,10:34:00,COM VÍTIMA,FINALIZADA,GRACAS,RUA DA HORA,,,GRACAS,,COLISÃO,0,0,0,0,0,0,0,1,0
3908,202330607,2023-12-19 0:00:00,11:14:00,COM VÍTIMA,FINALIZADA,PRADO,AV ENGENHEIRO ABDIAS DE CARVALHO,,E/F A ENGEFRIO,PRADO,,COLISÃO TRASEIRA,2,1,0,0,0,0,0,1,0
3909,202330609,2023-12-19 0:00:00,11:35:00,COM VÍTIMA,FINALIZADA,IPSEP,AV RECIFE,,LADO OPOSTO A CR COMERCIAL RECIFE,IPSEP,,COLISÃO LATERAL,1,1,0,1,0,0,0,1,0
3910,202330621,2023-12-19 0:00:00,1:20:00,COM VÍTIMA,FINALIZADA,CASA FORTE,AV DEZESSETE DE AGOSTO,,EM FRENTE AO HOSPITAL ERMINIO DE MORAES,CASA FORTE,,COLISÃO LATERAL,1,1,0,0,0,0,0,1,0
3911,202330632,2023-12-19 0:00:00,4:56:00,SEM VÍTIMA,FINALIZADA,GRACAS,AV CONS ROSA E SILVA,,POSTO SHELL PETROCAL ( EM FRENTE),GRACAS,SUBURBIO,COLISÃO LATERAL,1,0,0,0,0,1,0,0,0
3912,202330640,2023-12-19 0:00:00,6:03:00,COM VÍTIMA,FINALIZADA,SAN MARTIN,AV GENERAL SAN MARTIN,,POSTO DE SAÚDE DE SAN MARTIN / CRECHE FUTURO DO AMANHÃ,SAN MARTIN,,ATROPELAMENTO DE PESSOA,1,0,0,1,0,0,0,1,0
3913,202330643,2023-12-19 0:00:00,6:49:00,SEM VÍTIMA,FINALIZADA,ILHA DO RETIRO,AV BEIRA RIO,,,ILHA DO RETIRO,,CHOQUE,1,0,0,0,0,0,0,0,0
3914,202330648,2023-12-19 0:00:00,7:47:00,COM VÍTIMA,FINALIZADA,SANTO AMARO,AV CRUZ CABUGA,,EM FRENTE A POLÍCIA PENAL,SANTO AMARO,,COLISÃO,1,1,0,0,0,0,0,1,0
3915,202330650,2023-12-19 0:00:00,7:56:00,COM VÍTIMA,FINALIZADA,IBURA,AV DOIS RIOS,RUA RIO XINGU,ACADEMIA MOTIVO,IBURA,,COLISÃO,1,1,0,0,0,0,0,1,0
3916,202330671,2023-12-20 0:00:00,6:51:00,COM VÍTIMA,FINALIZADA,AFOGADOS,AV SUL,,EM FRENTE AO HOTEL LUA DE MEL,AFOGADOS,,COLISÃO COM CICLISTA,0,1,1,0,0,0,0,3,0
3917,202330681,2023-12-20 0:00:00,8:28:00,COM VÍTIMA,FINALIZADA,VASCO DA GAMA,RUA VASCO DA GAMA,,PROX. A ESCOLA PEQUEN PRINCIPE,VASCO DA GAMA,,COLISÃO FRONTAL,1,1,0,0,0,0,0,1,0
3918,202330706,2023-12-20 0:00:00,11:39:00,SEM VÍTIMA,FINALIZADA,VARZEA,RUA MARIO CAMPELO,,,VARZEA,,COLISÃO TRASEIRA,0,0,0,0,0,0,0,0,0
3919,202330709,2023-12-20 0:00:00,12:02:00,COM VÍTIMA,FINALIZADA,AFOGADOS,EST DOS REMEDIOS,,PROX AO POSTO DE GASOLINA PETROBAHIA,AFOGADOS,,COLISÃO LATERAL,1,1,0,0,0,0,0,1,0
3920,202330729,2023-12-20 0:00:00,4:06:00,COM VÍTIMA,FINALIZADA,BOA VIAGEM,AV BOA VIAGEM,,NA ESQUINA DA PRAÇA DE BOA VIAGEM,BOA VIAGEM,,COLISÃO TRASEIRA,1,1,0,0,0,0,0,1,0
3921,202330730,2023-12-20 0:00:00,4:10:00,COM VÍTIMA,FINALIZADA,ESPINHEIRO,AV CONS ROSA E SILVA,,HOSPITAL DOS SERVIDORES,ESPINHEIRO,,COLISÃO LATERAL,2,0,0,0,0,0,0,1,0
3922,202330732,2023-12-20 0:00:00,4:32:00,SEM VÍTIMA,DUPLICIDADE,AFLITOS,AV CONS ROSA E SILVA,,,AFLITOS,,COLISÃO,0,0,0,0,0,0,0,0,0
3923,202330734,2023-12-20 0:00:00,5:17:00,COM VÍTIMA,FINALIZADA,ESTANCIA,AV RECIFE,,OFICINA FATOR PREMIUM,ESTANCIA,,COLISÃO TRASEIRA,3,0,0,0,0,0,0,1,0
3924,202330737,2023-12-20 0:00:00,5:45:00,COM VÍTIMA,FINALIZADA,VARZEA,AV AFONSO OLINDENSE,,EM FRENTE AO NOVO ATACAREJO,VARZEA,,COLISÃO LATERAL,1,1,0,0,0,0,0,1,0
3925,202330753,2023-12-20 0:00:00,9:33:00,SEM VÍTIMA,CANCELADA,BOA VIAGEM,RUA RIBEIRO DE BRITO,RUA AGENOR LOPES,POSTO BR,BOA VIAGEM,,COLISÃO,0,0,0,0,0,0,0,0,0
3926,202330776,2023-12-21 0:00:00,7:21:00,COM VÍTIMA,FINALIZADA,AFOGADOS,RUA CINCO DE NOVEMBRO,RUA JACIRA,EM FRENTE AO DEPATRI,AFOGADOS,,COLISÃO LATERAL,1,1,0,0,0,0,0,1,0
3927,202330779,2023-12-21 0:00:00,8:01:00,COM VÍTIMA,FINALIZADA,MADALENA,AV CAXANGA,,"EM FRENTE A ESTAÇÃO BRT, PROX. A EO ENERGIA E FARMACIA PAGUE MENOS",MADALENA,,COLISÃO LATERAL,0,1,0,0,0,0,0,1,0
3928,202330789,2023-12-21 0:00:00,8:43:00,SEM VÍTIMA,FINALIZADA,MADALENA,AV CAXANGA,,PRÓXIMO AO TÚNEL DA ABOLIÇÃO,MADALENA,,COLISÃO,0,0,0,0,0,0,0,0,0
3929,202330795,2023-12-21 0:00:00,9:40:00,COM VÍTIMA,FINALIZADA,ILHA DO RETIRO,AV ENGENHEIRO ABDIAS DE CARVALHO,,EM FRENTE AO SPORT,ILHA DO RETIRO,,COLISÃO,1,1,0,0,1,0,0,1,0
3930,202330805,2023-12-21 0:00:00,10:47:00,COM VÍTIMA,FINALIZADA,IPSEP,AV RECIFE,,EM FRENTE A RECIFE MOTOS / PROX AO POSTO MANIA /  PROX AO MARTELINHO DE OURO,IPSEP,,COLISÃO,1,1,0,0,0,0,0,1,0
3931,202330807,2023-12-21 0:00:00,10:52:00,COM VÍTIMA,DUPLICIDADE,IPSEP,AV RECIFE,,"EM FRENTE AO POSTO BR, SENTIDO CIDADE UNIVERSITARIA",IPSEP,,COLISÃO LATERAL,1,1,0,0,0,0,0,2,0
3932,202330818,2023-12-21 0:00:00,1:26:00,COM VÍTIMA,FINALIZADA,CAMPINA DO BARRETO,RUA DAS MOCAS,,BARBEARIA LOPES,CAMPINA DO BARRETO,,COLISÃO LATERAL,1,1,0,0,0,0,0,2,0