_id,Protocolo,data,hora,natureza,situacao,bairro,endereco,detalhe_endereco_acidente,complemento,bairro_cruzamento,sentido_via,tipo,auto,moto,ciclista,pedestre,onibus,caminhao,viatura,vitimas,vitimasfatais
3933,202330825,2023-12-21 0:00:00,2:16:00,COM VÍTIMA,FINALIZADA,IPSEP,RUA DR RAPOSO PINTO,,PROX A ACADEMIA GOLFINHO,IPSEP,,COLISÃO FRONTAL,1,1,0,0,0,0,0,1,0
3934,202330859,2023-12-21 0:00:00,9:11:00,COM VÍTIMA,FINALIZADA,AFLITOS,RUA DO FUTURO,AV DR MALAQUIAS,EM FRENTE A FARMÁCIA PAGUE MENOS,AFLITOS,,COLISÃO COM CICLISTA,1,0,1,0,0,0,0,1,0
3935,202330868,2023-12-22 0:00:00,1:45:00,COM VÍTIMA,FINALIZADA,MADALENA,RUA JOSE OSORIO,AV VISCONDE DE ALBUQUERQUE,PAGUE MENOS,MADALENA,,COLISÃO TRANSVERSAL,1,1,0,0,0,0,0,2,0
3936,202330876,2023-12-22 0:00:00,7:06:00,COM VÍTIMA,FINALIZADA,ESTANCIA,AV RECIFE,,PROX AO PE PISCINA / PROX BOX DA CONSTRUÇÃO,ESTANCIA,,COLISÃO,0,1,0,0,0,0,0,1,0
3937,202330879,2023-12-22 0:00:00,8:33:00,COM VÍTIMA,FINALIZADA,CASA FORTE,AV DEZESSETE DE AGOSTO,,EM FRENTE A IGREJA BATISTA DE CASA FORTE E SUVINIL,CASA FORTE,,COLISÃO LATERAL,0,1,0,0,0,0,0,1,0
3938,202330884,2023-12-22 0:00:00,9:44:00,SEM VÍTIMA,FINALIZADA,SANTO AMARO,AV GOVERNADOR AGAMENON MAGALHAES,AV DR JAYME DA FONTE,EM FRENTE AO YAKISSOBA DO ASSIS,SANTO AMARO,CIDADE,COLISÃO,1,0,0,0,0,0,1,0,0
3939,202330885,2023-12-22 0:00:00,9:45:00,SEM VÍTIMA,FINALIZADA,MADALENA,AV ENGENHEIRO ABDIAS DE CARVALHO,RUA JOAO IVO DA SILVA,SENTIDO CIDADE,MADALENA,CIDADE,COLISÃO TRASEIRA,2,0,0,0,0,0,0,0,0
3940,202330888,2023-12-22 0:00:00,10:08:00,COM VÍTIMA,FINALIZADA,BOA VIAGEM,RUA BRUNO VELOSO,,PROX A ACADEMIA SELFIT E SAIDA DO SHOPPING RECIFE,BOA VIAGEM,,COLISÃO,0,1,0,0,0,0,0,1,0
3941,202330892,2023-12-22 0:00:00,11:14:00,COM VÍTIMA,FINALIZADA,SANTO AMARO,AV CRUZ CABUGA,,PROX. A COMPESA E HOSPITAL DA MARINHA,SANTO AMARO,,COLISÃO LATERAL,0,1,0,0,0,0,0,1,0
3942,202330906,2023-12-22 0:00:00,1:14:00,COM VÍTIMA,FINALIZADA,SANTO ANTONIO,AV DANTAS BARRETO,,PROX AO BANCO BRADESCO,SANTO ANTONIO,,ATROPELAMENTO DE PESSOA,1,0,0,1,0,0,0,1,0
3943,202330908,2023-12-22 0:00:00,1:50:00,COM VÍTIMA,FINALIZADA,CASA AMARELA,RUA JOCA LEAL,,PROX A BIBLIOTECA INDO PARA CASA AMARELA E PROX A TROPICAL E PROX A IGREJA BATISTA,CASA AMARELA,,COLISÃO,0,1,0,0,0,0,0,1,0
3944,202330911,2023-12-22 0:00:00,2:05:00,COM VÍTIMA,FINALIZADA,SAN MARTIN,RUA VINTE E UM DE ABRIL,,PROX A ESCOLA ANTONIO FARIA E PROX AO TERMINAL DE ONIBUS DA MANGUEIRA E AO GIRADOURO SAN MARTIN,SAN MARTIN,,COLISÃO,0,1,0,0,0,0,0,1,0
3945,202330919,2023-12-22 0:00:00,3:25:00,COM VÍTIMA,FINALIZADA,SANCHO,AV TEMPO FELIZ,,PROX AO CEMITERIO PARQUE DAS FLORES,SANCHO,,COLISÃO,0,1,0,0,0,0,0,1,0
3946,202330921,2023-12-22 0:00:00,3:44:00,COM VÍTIMA,FINALIZADA,BAIRRO DO RECIFE,AV MILITAR,,EM FRENTE A ENTRADA DO FORTE BRUM,BAIRRO DO RECIFE,,COLISÃO LATERAL,1,1,0,0,0,0,0,1,0
3947,202330928,2023-12-22 0:00:00,5:45:00,COM VÍTIMA,FINALIZADA,IMBIRIBEIRA,AV MARECHAL MASCARENHAS DE MORAES,,FERREIRA COSTA / BANCO DO BRASIL,IMBIRIBEIRA,,COLISÃO LATERAL,1,1,0,0,0,0,0,1,0
3948,202330930,2023-12-22 0:00:00,6:02:00,COM VÍTIMA,FINALIZADA,DOIS UNIDOS,RUA PEREIRA BARRETO,,PROX A PADARIA LIQ LEO E PROX AO CAMPO DO PASSARINHO,DOIS UNIDOS,,COLISÃO,0,1,0,0,0,0,0,1,0
3949,202330939,2023-12-22 0:00:00,9:39:00,COM VÍTIMA,FINALIZADA,BOA VISTA,AV MANOEL BORBA,,EM FRENTE AO POSTO BR E PREMIER SEGUROS,BOA VISTA,,COLISÃO,0,1,0,0,0,0,0,1,0
3950,202330943,2023-12-22 0:00:00,11:48:00,COM VÍTIMA,FINALIZADA,CAMPO GRANDE,EST DE BELEM,,E/F À CHURRASCARIA O JARDIM - E AO ANTIGO CLUBE DO BANDEPE - SENTIDO SUBURBIO,CAMPO GRANDE,,CHOQUE,0,0,0,0,1,0,0,4,0
3951,202330957,2023-12-23 0:00:00,8:03:00,COM VÍTIMA,FINALIZADA,AGUA FRIA,AV BEBERIBE,,EM FRENTE AO POSTO DE GASOLINA BR / CLUBE PRESSÃO,AGUA FRIA,,COLISÃO FRONTAL,1,1,0,0,0,0,0,1,0
3952,202330959,2023-12-23 0:00:00,8:14:00,COM VÍTIMA,FINALIZADA,CORDEIRO,AV CAXANGA,,EM FRENTE A EXPOSIÇÃO DE ANIAMIS,CORDEIRO,,COLISÃO,0,1,0,0,0,0,0,1,0
3953,202330965,2023-12-23 0:00:00,11:29:00,COM VÍTIMA,FINALIZADA,GRACAS,AV DR JAYME DA FONTE,,EM FRENTE AO HOSPITAL JAYME DA FONTE,GRACAS,,COLISÃO FRONTAL,3,0,0,0,0,0,0,1,0
3954,202330972,2023-12-23 0:00:00,12:30:00,COM VÍTIMA,FINALIZADA,ARRUDA,AV PROFESSOR JOSE DOS ANJOS,,EM FRENTE A ECO ESTAÇÃO DO ARRUDA / SENTIDO OLINDA,ARRUDA,,COLISÃO COM CICLISTA,1,0,1,0,0,1,0,1,0
3955,202330992,2023-12-23 0:00:00,7:05:00,COM VÍTIMA,FINALIZADA,TORRE,RUA DOM MANOEL DA COSTA,RUA PIO IX,,TORRE,,COLISÃO TRANSVERSAL,0,2,0,0,0,0,0,2,0
3956,202331007,2023-12-24 0:00:00,5:19:00,SEM VÍTIMA,FINALIZADA,SANTO AMARO,RUA CAPITAO LIMA,,,SANTO AMARO,,COLISÃO,2,0,0,0,0,0,0,0,0
3957,202331013,2023-12-24 0:00:00,9:14:00,COM VÍTIMA,FINALIZADA,SANTO AMARO,PRC GENERAL ABREU E LIMA,,"POR TRAS DO CEMITERIO DOS INGLESES, SENT. OLINDA",SANTO AMARO,,COLISÃO LATERAL,0,1,0,0,0,0,0,1,0
3958,202331016,2023-12-24 0:00:00,10:03:00,COM VÍTIMA,FINALIZADA,BEBERIBE,RUA COMPOSITOR VINICIUS DE MORAIS,,PRÓXIMO À PONTE DE BEBERIBE,BEBERIBE,,CHOQUE,0,0,0,0,0,0,0,3,0
3959,202331019,2023-12-24 0:00:00,10:38:00,COM VÍTIMA,FINALIZADA,TORRE,RUA PROFESSOR TRAJANO DE MENDONCA,,AO LADO DO ATACADO DOS PRESENTES,TORRE,,COLISÃO LATERAL,0,1,0,0,0,0,0,1,0
3960,202331024,2023-12-24 0:00:00,11:29:00,COM VÍTIMA,FINALIZADA,ILHA DO RETIRO,RUA PROFESSOR BENEDITO MONTEIRO,,PROX A SELFIT ( PROX AO CACAU SHOW ),ILHA DO RETIRO,,COLISÃO FRONTAL,1,1,0,0,0,0,0,1,0
3961,202331029,2023-12-24 0:00:00,12:52:00,COM VÍTIMA,FINALIZADA,SANTO AMARO,AV NORTE MIGUEL ARRAES DE ALENCAR,,ALÇA VIADUTO DA AGAMENON SENTIDO OLINDA,SANTO AMARO,,CHOQUE,0,1,0,0,0,0,0,1,0
3962,202331047,2023-12-24 0:00:00,9:01:00,SEM VÍTIMA,FINALIZADA,PINA,AV ENCANTA MOCA,,,PINA,SUBURBIO,COLISÃO LATERAL,1,1,0,0,0,0,0,0,0
3963,202331057,2023-12-25 0:00:00,1:25:00,SEM VÍTIMA,CANCELADA,BARRO,RUA AMADOR ARAUJO,,,BARRO,,COLISÃO LATERAL,2,0,0,0,0,0,0,0,0
3964,202331058,2023-12-25 0:00:00,2:23:00,COM VÍTIMA,FINALIZADA,AFOGADOS,RUA SAO MIGUEL,,PRÓXIMO AO BODÉ DO NÔ,AFOGADOS,,COLISÃO LATERAL,1,1,0,0,0,0,0,1,0
3965,202331059,2023-12-25 0:00:00,3:15:00,SEM VÍTIMA,FINALIZADA,IBURA,RUA EXP FRANCISCO VITORIANO,,EM FRENTE AO SUPERMERCADO TREVO,IBURA,,CHOQUE,1,0,0,0,0,0,0,0,0
3966,202331060,2023-12-25 0:00:00,4:51:00,COM VÍTIMA,FINALIZADA,ARRUDA,RUA PETRONILA BOTELHO,,COM A RUA PROFESSOR JOSÉ DOS ANJOS,ARRUDA,,COLISÃO LATERAL,1,1,0,0,0,0,0,1,0
3967,202331066,2023-12-25 0:00:00,6:39:00,SEM VÍTIMA,FINALIZADA,TORRE,RUA CONDE DE IRAJA,RUA JOSE BONIFACIO,EM FRENTE A PADARIA NOVA ARMADA,TORRE,,COLISÃO LATERAL,1,0,0,0,0,0,1,0,0
3968,202331067,2023-12-25 0:00:00,7:41:00,COM VÍTIMA,FINALIZADA,JORDAO,AV DONA CARENTINA,,PROX. A PRAÇA DO JORDAO BAIXO E LOTERICA,JORDAO,,COLISÃO LATERAL,0,1,0,0,0,0,0,1,0
3969,202331069,2023-12-25 0:00:00,9:19:00,SEM VÍTIMA,FINALIZADA,TORROES,RUA WASHINGTON DUARTE ESPINDOLA,AV VISCONDE DE SAO LEOPOLDO,,TORROES,,COLISÃO,1,0,0,0,0,0,0,0,0
3970,202331071,2023-12-25 0:00:00,10:07:00,COM VÍTIMA,FINALIZADA,CAXANGA,AV CAXANGA,,"EM FRENTE AO GOLF CLUBE, E NOVA DISTRIBUIDORA SENT. CAMARAGIBE",CAXANGA,,COLISÃO LATERAL,1,0,0,0,0,0,0,1,0
3971,202331077,2023-12-25 0:00:00,12:23:00,SEM VÍTIMA,FINALIZADA,DERBY,PRC DO DERBY,AV GOVERNADOR AGAMENON MAGALHAES,,DERBY,CIDADE,COLISÃO,2,0,0,0,0,0,0,0,0
3972,202331086,2023-12-25 0:00:00,3:20:00,COM VÍTIMA,FINALIZADA,VARZEA,AV PREFEITO ANTONIO PEREIRA,,EM FRENTE AO PARQUE TECNOLOGICO DE ELTRO ELETRONICO,VARZEA,,COLISÃO LATERAL,0,1,0,0,1,0,0,2,0
3973,202331087,2023-12-25 0:00:00,3:37:00,COM VÍTIMA,FINALIZADA,IMBIRIBEIRA,AV MARECHAL MASCARENHAS DE MORAES,,PROXIMO A TAMBAI VEICULOS,IMBIRIBEIRA,,COLISÃO TRASEIRA,0,2,0,0,0,0,0,1,0
3974,202331092,2023-12-25 0:00:00,3:54:00,SEM VÍTIMA,FINALIZADA,ILHA JOANA BEZERRA,VIADUTO CAPITAO TEMUDO,,EM CIMA DO VIADUTO,ILHA JOANA BEZERRA,,COLISÃO,0,0,0,0,0,0,0,0,0
3975,202331096,2023-12-25 0:00:00,4:57:00,COM VÍTIMA,FINALIZADA,PRADO,AV ENGENHEIRO ABDIAS DE CARVALHO,,FACULDADE ESTACIO,PRADO,,ATROPELAMENTO DE ANIMAL,0,1,0,0,0,0,0,1,0
3976,202331105,2023-12-25 0:00:00,7:09:00,COM VÍTIMA,FINALIZADA,SANTO AMARO,RUA TREZE DE MAIO,RUA FREI CASSIMIRO,,SANTO AMARO,,CHOQUE,1,0,0,0,0,0,0,1,0
3977,202331115,2023-12-25 0:00:00,9:46:00,COM VÍTIMA,FINALIZADA,APIPUCOS,RUA DE APIPUCOS,,EM FRENTE AO PARK DE APIPUCOS,APIPUCOS,,ATROPELAMENTO DE PESSOA,0,0,0,1,0,0,0,1,0
3978,202331125,2023-12-25 0:00:00,10:33:00,COM VÍTIMA,FINALIZADA,BOA VIAGEM,RUA DEZ DE JULHO,,APÓS A CAIXA ECONÔMICA,BOA VIAGEM,,COLISÃO,1,1,0,0,0,0,0,1,0
3979,202331137,2023-12-26 0:00:00,7:14:00,COM VÍTIMA,CANCELADA,TORRE,RUA JOSE BONIFACIO,,PROXIMO AO CARREFOUR DA TORRE,TORRE,,QUEDA,0,1,0,0,0,0,0,1,0
3980,202331143,2023-12-26 0:00:00,8:23:00,COM VÍTIMA,FINALIZADA,JAQUEIRA,RUA DOMINGOS BASTOS,,EM FRENTE A PADARIA GLOBO,JAQUEIRA,,COLISÃO TRASEIRA,1,1,0,0,0,0,0,1,0
3981,202331159,2023-12-26 0:00:00,11:04:00,COM VÍTIMA,FINALIZADA,SITIO DOS PINTOS,AV LUIZ ANTONIO DE ARAUJO,,BORRACHARIA DO NADO,SITIO DOS PINTOS,,COLISÃO,1,1,0,0,0,0,0,1,0
3982,202331165,2023-12-26 0:00:00,11:36:00,COM VÍTIMA,FINALIZADA,IMBIRIBEIRA,AV MARECHAL MASCARENHAS DE MORAES,,ENTRE A HONDA E O DEPOSITO DA LASER ELETRO,IMBIRIBEIRA,,COLISÃO TRASEIRA,0,1,0,0,0,0,1,1,0
3983,202331167,2023-12-26 0:00:00,11:51:00,COM VÍTIMA,FINALIZADA,AGUA FRIA,EST VELHA DE AGUA FRIA,,"EM FRENTE A AUTO ESCOLA PILOTO, PROX. AO POSTO BR",AGUA FRIA,,COLISÃO LATERAL,0,1,0,0,0,0,0,1,0
3984,202331175,2023-12-26 0:00:00,12:56:00,COM VÍTIMA,FINALIZADA,TAMARINEIRA,AV NORTE MIGUEL ARRAES DE ALENCAR,,PROXIMO AO HOTEL EROS,TAMARINEIRA,CIDADE,COLISÃO LATERAL,0,1,0,0,0,0,0,2,0
3985,202331183,2023-12-26 0:00:00,3:00:00,COM VÍTIMA,FINALIZADA,IBURA,RUA VISCONDE DE AZUARA,,"IBURA DE BAIXO, PROX AO BAR DA SIRLEIDE E A POLICLINICA ARNALDO MARGUES",IBURA,,COLISÃO,0,1,0,0,0,0,0,1,0
3986,202331190,2023-12-26 0:00:00,4:24:00,SEM VÍTIMA,FINALIZADA,GRACAS,RUA DAS CREOULAS,RUA DAS PERNAMBUCANAS,,GRACAS,,COLISÃO,1,1,0,0,0,0,0,0,0
3987,202331191,2023-12-26 0:00:00,4:30:00,COM VÍTIMA,FINALIZADA,BOA VIAGEM,RUA BARAO DE SOUZA LEAO,,SUPERMERCADO TREVO,BOA VIAGEM,,COLISÃO FRONTAL,0,2,0,0,0,0,0,2,0
3988,202331193,2023-12-26 0:00:00,5:29:00,COM VÍTIMA,FINALIZADA,AGUA FRIA,AV HILDEBRANDO DE VASCONCELOS,,TERMINAL DO CORREGO DEODATO,AGUA FRIA,,COLISÃO LATERAL,0,2,0,0,0,0,0,2,0
3989,202331196,2023-12-26 0:00:00,6:23:00,COM VÍTIMA,FINALIZADA,SANTO AMARO,AV CRUZ CABUGA,1 TRV DOUTOR SABINO PINHO,EM FRENTE AO HOSPITAL NAVAL E O DEPARTAMENTO DE ESTRADAS E RODAGENS,SANTO AMARO,,COLISÃO,0,1,0,0,0,0,0,1,0
3990,202331206,2023-12-26 0:00:00,7:09:00,COM VÍTIMA,CANCELADA,VARZEA,RUA EXP ANTONIO ROMANO,,PRÓXIMO AO POSTO DE SAUDE DE JARDIM TERESÓPOLIS,VARZEA,,,0,1,0,0,0,0,0,1,0
3991,202331224,2023-12-27 0:00:00,7:42:00,SEM VÍTIMA,FINALIZADA,AFOGADOS,RUA COSME VIANA,RUA VINTE E UM DE ABRIL,,AFOGADOS,,COLISÃO LATERAL,1,0,0,0,0,1,0,0,0
3992,202331226,2023-12-27 0:00:00,8:27:00,COM VÍTIMA,FINALIZADA,TORROES,AV ENGENHEIRO ABDIAS DE CARVALHO,,SENTIDO CENTRO EM FRENTE A MEGA PEDRAS,TORROES,CIDADE,COLISÃO,0,1,0,0,0,0,0,1,0
3993,202331228,2023-12-27 0:00:00,8:57:00,COM VÍTIMA,FINALIZADA,ILHA JOANA BEZERRA,VIADUTO CAPITAO TEMUDO,,"EM CIMA DO VIADUTO, SENT. BOA VIAGEM",ILHA JOANA BEZERRA,,COLISÃO LATERAL,0,1,0,0,0,0,0,1,0
3994,202331231,2023-12-27 0:00:00,9:09:00,COM VÍTIMA,FINALIZADA,VARZEA,RUA PROFESSOR ANTONIO COELHO,,PROX AO TERMINAL DE ONIBUS CDU / PROX AO COLEGIO E CURSO DESAFIO,VARZEA,,COLISÃO LATERAL,1,1,0,0,0,0,0,1,0
3995,202331252,2023-12-27 0:00:00,1:54:00,COM VÍTIMA,FINALIZADA,PORTO DA MADEIRA,RUA ARAO BOTLER,,ARMAZEM CORAL,PORTO DA MADEIRA,,COLISÃO FRONTAL,0,2,0,0,0,0,0,1,0
3996,202331254,2023-12-27 0:00:00,2:04:00,SEM VÍTIMA,FINALIZADA,PINA,RUA MANOEL DE BRITO,,PRÓXIMO AO 19º BPMPE,PINA,CIDADE,COLISÃO LATERAL,0,1,0,0,0,0,1,0,0
3997,202331267,2023-12-27 0:00:00,4:55:00,COM VÍTIMA,FINALIZADA,IBURA,RUA RIO XINGU,AV DOIS RIOS,EM FRENTE A ACADEMIA ATIVE,IBURA,,COLISÃO,0,0,0,0,0,0,0,1,0
3998,202331279,2023-12-27 0:00:00,7:24:00,COM VÍTIMA,FINALIZADA,BOA VIAGEM,AV DES JOSE NEVES,,AO LADO DO RESTAURANTE CANGAÇO,BOA VIAGEM,,COLISÃO,1,1,0,0,0,0,0,1,0
3999,202331292,2023-12-28 0:00:00,5:42:00,SEM VÍTIMA,FINALIZADA,BOA VISTA,AV GOVERNADOR AGAMENON MAGALHAES,AV RUI BARBOSA,COLEGIO AMERICANO BATISTA,BOA VISTA,SUBURBIO,COLISÃO,0,0,0,0,1,0,1,0,0
4000,202331302,2023-12-28 0:00:00,7:08:00,COM VÍTIMA,FINALIZADA,FUNDAO,AV BEBERIBE,,PROX. A PRAÇA DO FUNDAO E IGREJA RENASCER,FUNDAO,,COLISÃO LATERAL,0,1,0,0,0,0,0,1,0
4001,202331305,2023-12-28 0:00:00,7:43:00,COM VÍTIMA,FINALIZADA,AREIAS,AV DR JOSE RUFINO,,EM FRENTE AO EDF ALAMEDA PARK,AREIAS,,COLISÃO TRASEIRA,2,1,0,0,0,0,0,1,0
4002,202331307,2023-12-28 0:00:00,8:03:00,COM VÍTIMA,FINALIZADA,SAN MARTIN,AV GENERAL SAN MARTIN,,PROX. AO COLEGIO ADVENTISTA E CLINICA VETERINARIA AMOR DE BICHO,SAN MARTIN,,COLISÃO LATERAL,0,1,0,0,0,0,0,1,0
4003,202331314,2023-12-28 0:00:00,8:43:00,COM VÍTIMA,FINALIZADA,SANTO AMARO,AV CRUZ CABUGA,,AO LADO DA CASA DA INDUSTRIA SENAI,SANTO AMARO,,COLISÃO COM CICLISTA,0,0,1,0,1,0,0,1,0
4004,202331329,2023-12-28 0:00:00,10:32:00,COM VÍTIMA,FINALIZADA,BAIRRO DO RECIFE,CAIS DO APOLO,,,BAIRRO DO RECIFE,,COLISÃO,0,0,0,0,0,0,0,1,0
4005,202331337,2023-12-28 0:00:00,11:36:00,SEM VÍTIMA,FINALIZADA,ESPINHEIRO,RUA QUARENTA E OITO,,PADARIA ESPINHEIRO,ESPINHEIRO,CIDADE,COLISÃO,1,0,0,0,0,0,1,0,0
4006,202331340,2023-12-28 0:00:00,12:30:00,SEM VÍTIMA,FINALIZADA,SAO JOSE,AV RIO CAPIBARIBE,,APOS A ESTAÇÃO DO METRO // E/F A CASA DA CULTURA,SAO JOSE,,COLISÃO LATERAL,1,1,0,0,0,0,0,0,0
4007,202331359,2023-12-28 0:00:00,6:07:00,COM VÍTIMA,FINALIZADA,BEBERIBE,RUA DALVA DE OLIVEIRA,,EM FRENTE A AMBEV E PROX AO SESC SENAC,BEBERIBE,,COLISÃO LATERAL,1,1,1,0,0,0,0,3,0
4008,202331368,2023-12-28 0:00:00,7:08:00,COM VÍTIMA,CANCELADA,JARDIM SAO PAULO,RUA MARILIA,,"DEPOIS DO VIADUTO SEGUNDA ENTRADA A DIREITA, PRÓXIMO A PADARIA  LA ROQUE",JARDIM SAO PAULO,,COLISÃO,0,1,0,0,0,0,0,1,0
4009,202331377,2023-12-28 0:00:00,9:10:00,COM VÍTIMA,FINALIZADA,COHAB,AV DOIS RIOS,RUA RIO XINGU,E/F A ACADEMIA MOTIVO,COHAB,,COLISÃO FRONTAL,1,1,0,0,0,0,0,1,0
4010,202331380,2023-12-28 0:00:00,11:30:00,COM VÍTIMA,CANCELADA,AFOGADOS,AV SUL,,PRÓXIMO  A ESTAÇÃO LARGO DA PAZ,AFOGADOS,,COLISÃO,0,1,0,0,0,0,0,1,0
4011,202331402,2023-12-29 0:00:00,7:37:00,COM VÍTIMA,FINALIZADA,BOA VISTA,RUA DO HOSPICIO,,APOS O COLEGIO JOAO BARBALHO SENT. CIDADE,BOA VISTA,,COLISÃO LATERAL,1,1,0,0,0,0,0,2,0
4012,202331411,2023-12-29 0:00:00,9:16:00,COM VÍTIMA,FINALIZADA,AFOGADOS,RUA SAO MIGUEL,,EM FRENTE A LOJA COMERCIAL GUSTAVO E POSTO DE COMBUSTIVEL JOAO DIAS,AFOGADOS,,COLISÃO LATERAL,0,1,0,0,0,0,0,1,0
4013,202331430,2023-12-29 0:00:00,12:07:00,COM VÍTIMA,FINALIZADA,SANTO AMARO,PTE DO LIMOEIRO,RUA AURORA,,SANTO AMARO,,COLISÃO,1,1,0,0,0,0,0,1,0
4014,202331434,2023-12-29 0:00:00,12:35:00,COM VÍTIMA,FINALIZADA,IBURA,AV DOIS RIOS,,EM FRENTE AO POSTO DE GASOLINA SHELL / PROX A PET CLEAN CLINICA VETERINARIA  E AO CRAS DE IBURA DE BAIXO,IBURA,,COLISÃO,0,1,0,0,0,0,0,1,0
4015,202331449,2023-12-29 0:00:00,4:31:00,COM VÍTIMA,FINALIZADA,MANGUEIRA,AV CENTRAL,,PROX AO MERCADINHO ECONOMICO E ESTAÇÃO DE METRO DA MANGUEIRA,MANGUEIRA,,COLISÃO,0,1,0,0,0,0,0,1,0
4016,202331452,2023-12-29 0:00:00,5:40:00,COM VÍTIMA,FINALIZADA,PAISSANDU,AV GOVERNADOR AGAMENON MAGALHAES,,EM FRENTE AO HOSPITAL PORTUGUES/ SENTIDO BOA VIAGEM,PAISSANDU,,COLISÃO LATERAL,1,1,0,0,0,0,0,1,0
4017,202331492,2023-12-30 0:00:00,11:26:00,COM VÍTIMA,FINALIZADA,MADALENA,RUA JOSE OSORIO,,EM FRENTE AO SELECTA SUPERMERCADO,MADALENA,,COLISÃO,0,1,0,0,0,0,0,1,0
4018,202331496,2023-12-30 0:00:00,12:08:00,COM VÍTIMA,FINALIZADA,BOA VIAGEM,AV DES JOSE NEVES,,POR TRÁS DO SHOPPING RECIFE,BOA VIAGEM,,COLISÃO,0,1,0,0,0,0,0,1,0
4019,202331497,2023-12-30 0:00:00,12:29:00,COM VÍTIMA,FINALIZADA,JARDIM SAO PAULO,AV LIBERDADE,,PROX A PADARIA LA ROQUE E IGREJA ASSEMBLEIA DE DEUS,JARDIM SAO PAULO,,COLISÃO,0,1,0,0,0,0,0,1,0
4020,202331498,2023-12-30 0:00:00,12:33:00,COM VÍTIMA,FINALIZADA,BOA VIAGEM,AV DOM JOAO VI,RUA SOLDADO SINESIO DE ARAGAO,EM FRENTE AO SHOPPING,BOA VIAGEM,,COLISÃO LATERAL,1,0,0,0,0,0,0,1,0
4021,202331504,2023-12-30 0:00:00,2:37:00,COM VÍTIMA,FINALIZADA,CASA FORTE,AV DEZESSETE DE AGOSTO,,EM FRENTE AO ERMIRIO DE MORAES,CASA FORTE,,COLISÃO LATERAL,1,1,0,0,0,0,0,2,0
4022,202331505,2023-12-30 0:00:00,3:06:00,COM VÍTIMA,FINALIZADA,FUNDAO,AV BEBERIBE,,PROXIMO A FARMACIA DO TRABALHADOR E PADARIA SUBLIME PÃO,FUNDAO,,COLISÃO,0,1,0,0,0,0,0,1,0
4023,202331509,2023-12-30 0:00:00,4:51:00,COM VÍTIMA,FINALIZADA,SAO JOSE,PRC DAS CINCO PONTAS,,EM FRENTE AO TRE E PROXIMO AO FORTE DAS CINCO PONTAS,SAO JOSE,,COLISÃO,0,1,0,0,0,0,0,1,0
4024,202331512,2023-12-30 0:00:00,5:45:00,COM VÍTIMA,FINALIZADA,JORDAO,AV DONA CARENTINA,,NA SUBIDA DA LADEIRA DO JORDÃO ALTO E EM FRENTE A IGREJA PAROQUIA CRISTO REDENTOR,JORDAO,,COLISÃO,0,1,0,0,0,0,0,1,0
4025,202331519,2023-12-30 0:00:00,7:42:00,COM VÍTIMA,DUPLICIDADE,JORDAO,AV DONA CARENTINA,,EM FRENTE A PAROQUIA CRISTO REDENTOR,JORDAO,,COLISÃO LATERAL,0,1,0,0,0,0,0,1,0
4026,202331522,2023-12-30 0:00:00,8:39:00,COM VÍTIMA,FINALIZADA,TORRE,RUA DOM MANOEL DA COSTA,,EM FRENTE AO COLEGIO CRISTO REI,TORRE,,COLISÃO TRANSVERSAL,1,1,0,0,0,0,0,1,0
4027,202331537,2023-12-31 0:00:00,6:15:00,SEM VÍTIMA,FINALIZADA,TORROES,AV ENGENHEIRO ABDIAS DE CARVALHO,,SOB O SEMÁFORO 271,TORROES,SUBURBIO,COLISÃO TRASEIRA,2,0,0,0,0,0,0,0,0
4028,202331540,2023-12-31 0:00:00,7:32:00,SEM VÍTIMA,FINALIZADA,IMBIRIBEIRA,AV MARECHAL MASCARENHAS DE MORAES,,"EM FRENTE AO POSTO SHELL, SENTIDO AEROPORTO",IMBIRIBEIRA,,COLISÃO LATERAL,1,1,0,0,0,0,0,0,0
4029,202331544,2023-12-31 0:00:00,8:04:00,COM VÍTIMA,DUPLICIDADE,IMBIRIBEIRA,AV MARECHAL MASCARENHAS DE MORAES,,AO LADO DO BANCO ITAU E POSTO SHELL,IMBIRIBEIRA,,COLISÃO LATERAL,0,1,0,0,0,0,0,1,0
4030,202331546,2023-12-31 0:00:00,9:11:00,COM VÍTIMA,FINALIZADA,SANTO ANTONIO,RUA DA CONCORDIA,,PROX. A VENEZA MUSIC E ELETRONICO PEÇAS,SANTO ANTONIO,,COLISÃO LATERAL,0,1,0,0,0,0,0,1,0
4031,202331561,2023-12-31 0:00:00,3:23:00,SEM VÍTIMA,FINALIZADA,SANTO ANTONIO,RUA MARQUES DO RECIFE,,PROXIMO A OAB,SANTO ANTONIO,,COLISÃO FRONTAL,0,1,0,0,0,0,0,0,0
4032,202331566,2023-12-31 0:00:00,8:26:00,VÍTIMA FATAL,FINALIZADA,ARRUDA,AV BEBERIBE,,EM FRENTE AO POSTO BR,ARRUDA,,COLISÃO,0,0,0,0,0,0,0,0,1